ID,Age,Household Size,Occupations,Household ID
1,54,3,FINANCEINSURANCE,2336
2,34,3,,2336
3,79,6,,2769
4,67,2,,953
5,36,2,,953
6,79,2,,954
7,61,1,,1
8,59,6,,2769
9,70,2,,954
10,33,3,,2336
11,69,1,,2
12,17,2,,955
13,61,1,,3
14,66,3,,2337
15,57,6,HEALTHCARE,2769
16,77,2,,955
17,36,1,,4
18,8,2,,956
19,70,1,,5
20,90,2,,956
21,63,2,,957
22,62,2,,957
23,51,1,,6
24,28,6,,2769
25,45,3,,2337
26,43,3,,2337
27,72,2,,958
28,18,3,OTHER,2338
29,5,2,,958
30,62,1,,7
31,89,3,,2338
32,69,2,,959
33,0,5,,2714
34,15,2,,959
35,65,2,,960
36,2,6,,2769
37,48,2,,960
38,74,3,,2338
39,64,2,,961
40,1,2,,961
41,44,2,,962
42,73,2,,962
43,65,2,,963
44,79,3,,2339
45,67,2,,963
46,33,6,,2769
47,71,2,,964
48,80,2,,964
49,62,4,,2603
50,65,5,HEALTHCARE,2714
51,52,2,,965
52,10,4,,2603
53,0,2,,965
54,8,2,,966
55,50,2,,966
56,62,2,,967
57,73,3,,2339
58,75,2,,967
59,0,2,,968
60,74,1,,8
61,49,6,,2770
62,33,1,,9
63,63,1,,10
64,54,6,,2770
65,55,2,,968
66,60,2,,969
67,40,6,,2770
68,94,5,,2714
69,26,1,,11
70,21,2,,969
71,72,2,,970
72,60,2,,970
73,74,2,,971
74,82,4,,2603
75,73,2,,971
76,31,6,,2770
77,70,4,,2603
78,12,1,,12
79,40,2,,972
80,49,2,,972
81,66,6,,2770
82,77,2,,973
83,16,2,,973
84,73,2,,974
85,52,1,,13
86,42,2,,974
87,85,6,,2770
88,19,1,,14
89,58,4,,2604
90,82,1,,15
91,62,1,,16
92,56,2,,975
93,78,2,,975
94,58,2,,976
95,95,3,,2339
96,50,6,,2771
97,66,1,,17
98,75,2,,976
99,58,2,HEALTHCARE,977
100,64,5,,2714
101,76,2,,977
102,21,3,,2340
103,10,6,,2771
104,57,3,,2340
105,73,2,,978
106,74,1,,18
107,28,1,,19
108,61,2,,978
109,44,4,,2604
110,91,1,,20
111,77,4,,2604
112,17,2,,979
113,68,2,,979
114,64,2,,980
115,57,2,,980
116,58,2,,981
117,79,1,,21
118,79,2,,981
119,56,4,,2604
120,54,3,,2340
121,69,4,,2605
122,56,4,,2605
123,58,2,,982
124,77,2,,982
125,59,3,,2341
126,53,2,,983
127,23,3,,2341
128,54,2,,983
129,64,4,,2605
130,44,1,,22
131,57,2,,984
132,20,2,,984
133,73,3,,2341
134,68,1,,23
135,65,2,,985
136,11,4,,2605
137,65,2,,985
138,65,2,,986
139,69,3,,2342
140,65,4,,2606
141,49,2,,986
142,39,2,HEALTHCARE,987
143,75,2,,987
144,57,5,,2714
145,25,6,HEALTHCARE,2771
146,71,2,,988
147,61,2,,988
148,41,1,,24
149,64,2,HEALTHCARE,989
150,28,5,FINANCEINSURANCE,2715
151,67,3,,2342
152,19,6,,2771
153,49,2,,989
154,79,4,,2606
155,40,6,,2771
156,13,2,,990
157,98,2,,990
158,45,2,,991
159,56,2,,991
160,14,2,,992
161,60,1,,25
162,72,2,,992
163,79,4,,2606
164,66,3,,2342
165,47,3,HEALTHCARE,2343
166,92,2,,993
167,67,2,,993
168,69,1,,26
169,74,6,,2771
170,92,1,,27
171,78,2,,994
172,86,1,,28
173,93,3,,2343
174,53,2,,994
175,60,2,FINANCEINSURANCE,995
176,68,2,,995
177,55,6,,2772
178,35,3,,2343
179,70,2,,996
180,69,3,,2344
181,37,6,,2772
182,94,3,,2344
183,10,2,,996
184,52,3,,2344
185,99,2,,997
186,14,1,,29
187,62,2,,997
188,53,2,,998
189,22,3,,2345
190,52,2,,998
191,25,3,HEALTHCARE,2345
192,41,2,,999
193,73,6,,2772
194,68,3,,2345
195,78,2,,999
196,73,6,,2772
197,55,6,,2772
198,42,2,,1000
199,68,2,,1000
200,13,2,,1001
201,89,3,,2346
202,63,6,,2772
203,77,1,,30
204,44,2,,1001
205,91,2,,1002
206,56,1,,31
207,79,2,,1002
208,59,2,,1003
209,5,2,,1003
210,62,2,,1004
211,41,1,,32
212,74,1,,33
213,100,4,,2606
214,60,4,,2607
215,62,6,,2773
216,32,1,,34
217,53,2,,1004
218,66,2,,1005
219,10,2,,1005
220,50,2,,1006
221,40,2,,1006
222,44,2,,1007
223,50,2,,1007
224,53,2,FINANCEINSURANCE,1008
225,87,2,,1008
226,68,1,,35
227,56,2,,1009
228,16,3,,2346
229,56,5,,2715
230,67,3,,2346
231,39,2,,1009
232,78,2,,1010
233,50,2,,1010
234,70,3,,2347
235,61,2,,1011
236,2,4,,2607
237,4,4,,2607
238,44,2,,1011
239,28,2,,1012
240,55,2,,1012
241,35,2,,1013
242,65,4,,2607
243,15,3,,2347
244,57,3,HEALTHCARE,2347
245,69,2,,1013
246,24,2,,1014
247,21,2,,1014
248,55,2,,1015
249,72,6,,2773
250,52,2,HEALTHCARE,1015
251,38,2,,1016
252,72,1,,36
253,19,2,,1016
254,74,2,,1017
255,48,2,,1017
256,48,2,,1018
257,25,1,,37
258,62,2,,1018
259,54,3,HEALTHCARE,2348
260,67,3,,2348
261,70,4,,2608
262,43,5,,2715
263,71,1,,38
264,80,2,,1019
265,54,5,,2715
266,84,2,,1019
267,77,2,,1020
268,68,1,,39
269,10,2,,1020
270,54,2,,1021
271,76,2,,1021
272,57,3,,2348
273,10,4,,2608
274,10,3,,2349
275,83,3,,2349
276,50,2,,1022
277,59,2,,1022
278,67,3,,2349
279,52,1,,40
280,19,3,,2350
281,78,2,,1023
282,78,2,,1023
283,26,1,,41
284,11,2,,1024
285,9,2,,1024
286,30,1,,42
287,7,1,,43
288,32,3,,2350
289,16,2,,1025
290,60,2,,1025
291,2,2,,1026
292,19,2,,1026
293,63,5,,2715
294,56,6,HEALTHCARE,2773
295,69,4,,2608
296,32,2,,1027
297,85,2,,1027
298,66,6,,2773
299,35,2,,1028
300,34,3,,2350
301,74,2,,1028
302,31,2,,1029
303,62,6,,2773
304,26,2,,1029
305,71,3,,2351
306,16,2,,1030
307,85,2,,1030
308,94,2,,1031
309,77,3,,2351
310,54,4,,2608
311,11,5,,2716
312,66,1,,44
313,67,5,,2716
314,39,2,,1031
315,81,6,,2773
316,63,2,,1032
317,50,1,,45
318,55,5,,2716
319,71,3,,2351
320,50,3,,2352
321,11,4,,2609
322,14,2,,1032
323,0,1,,46
324,90,2,,1033
325,63,3,,2352
326,77,1,,47
327,55,2,,1033
328,17,5,,2716
329,59,2,,1034
330,72,3,,2352
331,71,1,,48
332,0,2,,1034
333,97,2,,1035
334,82,4,,2609
335,58,2,,1035
336,67,4,,2609
337,41,2,,1036
338,24,6,,2774
339,73,2,,1036
340,81,1,,49
341,44,3,,2353
342,49,1,,50
343,52,1,HEALTHCARE,51
344,84,4,,2609
345,71,2,,1037
346,61,5,,2716
347,49,3,,2353
348,95,3,,2353
349,14,1,,52
350,34,4,,2610
351,10,2,,1037
352,64,3,,2354
353,23,2,,1038
354,27,2,,1038
355,11,4,,2610
356,60,1,,53
357,50,2,,1039
358,54,1,,54
359,29,2,,1039
360,60,5,,2717
361,69,4,,2610
362,63,4,,2610
363,52,2,,1040
364,10,2,,1040
365,32,2,,1041
366,9,4,,2611
367,61,2,,1041
368,60,1,,55
369,89,2,,1042
370,36,3,,2354
371,36,2,,1042
372,59,2,,1043
373,33,6,,2774
374,74,2,,1043
375,92,4,,2611
376,73,4,,2611
377,79,2,,1044
378,55,1,,56
379,11,1,,57
380,68,2,,1044
381,48,1,,58
382,70,1,,59
383,3,6,,2774
384,5,2,,1045
385,50,4,,2611
386,74,2,,1045
387,93,2,,1046
388,34,1,,60
389,76,2,,1046
390,51,2,,1047
391,60,2,,1047
392,64,1,,61
393,55,1,,62
394,50,3,,2354
395,47,2,,1048
396,56,2,,1048
397,41,2,,1049
398,71,2,,1049
399,27,2,,1050
400,50,2,HEALTHCARE,1050
401,71,1,,63
402,62,3,FINANCEINSURANCE,2355
403,70,2,,1051
404,60,4,,2612
405,53,6,,2774
406,76,2,,1051
407,68,2,,1052
408,75,3,,2355
409,97,2,,1052
410,70,1,,64
411,36,1,OTHER,65
412,84,2,,1053
413,48,3,,2355
414,73,5,,2717
415,0,2,,1053
416,73,2,,1054
417,58,3,,2356
418,60,2,,1054
419,79,2,,1055
420,59,4,,2612
421,63,2,,1055
422,45,2,,1056
423,9,5,,2717
424,32,3,,2356
425,78,2,,1056
426,2,2,,1057
427,57,2,,1057
428,50,2,,1058
429,67,2,,1058
430,52,4,,2612
431,74,1,,66
432,44,2,,1059
433,38,1,HEALTHCARE,67
434,56,2,,1059
435,14,1,,68
436,57,2,,1060
437,90,2,,1060
438,61,2,,1061
439,86,2,,1061
440,66,3,,2356
441,80,6,,2774
442,68,1,,69
443,51,5,HEALTHCARE,2717
444,73,1,,70
445,64,2,,1062
446,39,2,,1062
447,66,2,,1063
448,69,5,,2717
449,77,5,,2718
450,44,4,,2612
451,54,1,,71
452,69,1,,72
453,19,2,,1063
454,52,1,,73
455,1,1,,74
456,52,1,,75
457,61,1,,76
458,76,1,,77
459,54,6,,2774
460,14,2,,1064
461,60,2,,1064
462,58,1,,78
463,50,4,,2613
464,17,5,,2718
465,61,1,,79
466,13,2,,1065
467,29,2,,1065
468,19,5,,2718
469,53,2,,1066
470,65,2,,1066
471,30,6,,2775
472,20,3,FINANCEINSURANCE,2357
473,59,1,,80
474,43,2,,1067
475,79,1,,81
476,66,2,,1067
477,18,4,,2613
478,66,6,,2775
479,16,5,,2718
480,58,2,,1068
481,56,2,,1068
482,14,2,,1069
483,6,2,,1069
484,52,5,,2718
485,85,2,,1070
486,9,6,,2775
487,18,1,,82
488,65,3,,2357
489,68,1,,83
490,42,2,HEALTHCARE,1070
491,69,4,,2613
492,78,5,,2719
493,69,2,,1071
494,48,3,,2357
495,73,2,,1071
496,47,2,,1072
497,75,2,,1072
498,27,4,,2613
499,14,6,,2775
500,61,6,,2775
501,24,3,,2358
502,74,2,,1073
503,40,3,HEALTHCARE,2358
504,69,5,,2719
505,63,1,,84
506,92,2,,1073
507,85,1,,85
508,63,4,,2614
509,69,3,,2358
510,78,2,,1074
511,30,3,,2359
512,79,2,,1074
513,33,1,,86
514,27,5,,2719
515,23,3,,2359
516,23,5,,2719
517,54,3,,2359
518,23,3,,2360
519,0,2,,1075
520,9,2,,1075
521,73,2,,1076
522,75,2,,1076
523,55,4,,2614
524,66,2,,1077
525,4,3,,2360
526,69,6,,2775
527,45,1,,87
528,61,3,,2360
529,52,2,HEALTHCARE,1077
530,24,2,,1078
531,50,5,,2719
532,60,2,,1078
533,87,2,,1079
534,96,1,,88
535,44,1,,89
536,67,2,,1079
537,66,6,,2776
538,6,2,,1080
539,15,2,,1080
540,39,4,,2614
541,13,4,,2614
542,64,2,,1081
543,11,2,,1081
544,61,4,,2615
545,79,1,,90
546,51,1,FINANCEINSURANCE,91
547,4,2,,1082
548,69,2,,1082
549,74,2,,1083
550,75,2,,1083
551,55,2,,1084
552,57,2,,1084
553,22,2,,1085
554,83,1,,92
555,54,4,HEALTHCARE,2615
556,15,3,,2361
557,90,2,,1085
558,3,2,,1086
559,62,2,,1086
560,41,2,,1087
561,36,5,,2720
562,71,2,,1087
563,64,3,,2361
564,3,3,,2361
565,44,2,,1088
566,23,3,,2362
567,68,3,,2362
568,45,2,,1088
569,89,2,,1089
570,56,1,,93
571,66,6,,2776
572,26,2,,1089
573,9,2,,1090
574,73,2,,1090
575,78,3,,2362
576,76,2,,1091
577,79,1,,94
578,54,2,,1091
579,78,3,,2363
580,38,6,,2776
581,69,2,,1092
582,90,6,,2776
583,35,2,,1092
584,16,3,,2363
585,61,3,,2363
586,98,5,,2720
587,63,3,,2364
588,10,1,,95
589,57,2,,1093
590,62,2,,1093
591,73,4,,2615
592,98,2,,1094
593,74,2,,1094
594,50,2,,1095
595,51,1,,96
596,94,2,,1095
597,91,2,,1096
598,68,3,,2364
599,18,2,,1096
600,65,1,,97
601,17,2,,1097
602,65,1,,98
603,1,2,,1097
604,53,2,,1098
605,65,2,,1098
606,75,4,,2615
607,71,2,,1099
608,96,5,,2720
609,51,2,,1099
610,74,2,,1100
611,61,6,,2776
612,43,1,,99
613,50,4,,2616
614,74,2,,1100
615,79,2,,1101
616,70,1,,100
617,61,5,,2720
618,77,4,,2616
619,53,1,,101
620,93,2,,1101
621,73,2,,1102
622,31,5,,2720
623,0,2,,1102
624,62,2,HEALTHCARE,1103
625,52,4,,2616
626,58,2,,1103
627,74,6,,2776
628,61,2,,1104
629,52,3,,2364
630,58,4,,2616
631,56,2,,1104
632,72,4,,2617
633,95,2,,1105
634,56,2,,1105
635,71,2,,1106
636,41,2,,1106
637,96,4,,2617
638,71,1,,102
639,98,3,,2365
640,2,1,,103
641,92,1,,104
642,10,2,,1107
643,58,3,,2365
644,58,2,,1107
645,60,2,,1108
646,44,2,,1108
647,68,2,,1109
648,17,1,,105
649,98,1,,106
650,67,5,,2721
651,36,2,,1109
652,62,1,,107
653,40,2,,1110
654,67,6,,2777
655,66,2,,1110
656,59,6,,2777
657,74,2,,1111
658,70,2,,1111
659,66,1,,108
660,65,1,,109
661,42,2,,1112
662,63,2,,1112
663,22,2,,1113
664,24,2,,1113
665,55,3,,2365
666,63,2,,1114
667,76,3,,2366
668,74,2,,1114
669,76,2,,1115
670,1,2,,1115
671,57,3,,2366
672,94,1,,110
673,20,1,,111
674,79,2,,1116
675,77,2,,1116
676,98,6,,2777
677,30,1,,112
678,71,1,,113
679,22,2,,1117
680,59,3,,2366
681,60,1,,114
682,62,6,,2777
683,64,2,,1117
684,78,2,,1118
685,34,6,,2777
686,73,2,,1118
687,77,3,,2367
688,46,2,,1119
689,59,1,,115
690,33,2,,1119
691,16,1,,116
692,73,4,,2617
693,49,2,,1120
694,0,2,,1120
695,10,2,,1121
696,68,2,,1121
697,77,3,,2367
698,56,4,,2617
699,70,4,,2618
700,42,2,,1122
701,69,1,,117
702,10,6,,2777
703,26,4,,2618
704,1,2,,1122
705,59,2,,1123
706,72,1,,118
707,19,3,,2367
708,14,2,,1123
709,56,2,,1124
710,13,2,,1124
711,75,1,,119
712,72,1,,120
713,94,5,,2721
714,81,2,,1125
715,53,2,FINANCEINSURANCE,1125
716,79,2,,1126
717,74,6,,2778
718,44,1,,121
719,62,4,,2618
720,60,2,,1126
721,72,3,,2368
722,61,1,,122
723,65,2,,1127
724,61,2,,1127
725,64,4,,2618
726,55,6,,2778
727,63,2,,1128
728,60,2,,1128
729,84,2,,1129
730,93,2,,1129
731,60,2,,1130
732,58,1,OTHER,123
733,21,5,,2721
734,19,2,,1130
735,45,2,,1131
736,60,2,,1131
737,0,5,,2721
738,13,4,,2619
739,70,3,,2368
740,13,2,,1132
741,70,2,,1132
742,43,6,,2778
743,40,2,,1133
744,30,6,,2778
745,57,3,,2368
746,39,2,,1133
747,61,2,,1134
748,68,2,,1134
749,74,2,,1135
750,70,2,,1135
751,67,5,,2721
752,56,2,,1136
753,18,2,,1136
754,51,2,,1137
755,51,3,HEALTHCARE,2369
756,68,1,,124
757,62,4,,2619
758,32,4,,2619
759,67,2,,1137
760,68,2,,1138
761,35,1,,125
762,78,1,,126
763,56,3,,2369
764,73,5,,2722
765,37,2,,1138
766,66,2,,1139
767,41,6,,2778
768,65,2,,1139
769,76,4,,2619
770,75,1,,127
771,75,4,,2620
772,50,1,,128
773,71,2,,1140
774,32,3,,2369
775,40,2,,1140
776,21,2,,1141
777,70,1,,129
778,70,2,,1141
779,80,6,,2778
780,12,1,,130
781,61,6,,2779
782,44,5,,2722
783,7,6,,2779
784,69,2,,1142
785,47,1,,131
786,38,4,,2620
787,54,1,,132
788,100,2,,1142
789,78,1,,133
790,85,2,,1143
791,42,3,,2370
792,49,5,,2722
793,46,4,,2620
794,55,3,,2370
795,57,1,,134
796,69,6,,2779
797,29,3,,2370
798,46,3,,2371
799,26,2,,1143
800,76,2,,1144
801,16,2,,1144
802,43,1,,135
803,45,3,,2371
804,8,3,,2371
805,69,4,,2620
806,69,3,,2372
807,76,4,,2621
808,74,3,,2372
809,66,3,,2372
810,61,1,,136
811,5,1,,137
812,83,1,,138
813,19,2,,1145
814,41,6,,2779
815,15,2,,1145
816,61,2,HEALTHCARE,1146
817,70,2,,1146
818,62,2,,1147
819,41,1,,139
820,63,6,,2779
821,76,2,,1147
822,100,5,,2722
823,60,6,HEALTHCARE,2779
824,19,3,,2373
825,60,4,,2621
826,66,2,,1148
827,17,1,,140
828,32,4,,2621
829,53,1,,141
830,72,4,,2621
831,70,3,,2373
832,55,2,,1148
833,59,3,HEALTHCARE,2373
834,46,2,,1149
835,2,2,,1149
836,14,2,,1150
837,12,4,,2622
838,12,2,,1150
839,40,6,,2780
840,54,1,,142
841,44,4,,2622
842,66,2,,1151
843,46,1,,143
844,69,2,,1151
845,53,2,,1152
846,52,2,,1152
847,48,2,,1153
848,72,2,,1153
849,60,2,,1154
850,75,2,,1154
851,53,5,,2722
852,62,1,,144
853,65,5,FINANCEINSURANCE,2723
854,59,1,,145
855,62,2,,1155
856,13,6,,2780
857,53,4,,2622
858,66,5,,2723
859,72,2,,1155
860,61,2,,1156
861,0,4,,2622
862,41,3,,2374
863,69,2,,1156
864,49,4,,2623
865,80,2,,1157
866,27,2,,1157
867,6,2,,1158
868,62,1,,146
869,44,4,,2623
870,43,2,,1158
871,73,2,,1159
872,46,2,HEALTHCARE,1159
873,3,2,,1160
874,63,2,,1160
875,94,3,,2374
876,61,3,,2374
877,73,2,,1161
878,69,2,,1161
879,68,2,,1162
880,13,6,,2780
881,61,1,,147
882,66,2,,1162
883,97,2,,1163
884,61,4,,2623
885,76,2,,1163
886,26,2,,1164
887,32,1,,148
888,22,1,,149
889,68,3,,2375
890,36,2,,1164
891,73,2,,1165
892,34,1,,150
893,66,3,,2375
894,47,1,,151
895,99,2,,1165
896,58,1,,152
897,69,2,,1166
898,96,6,,2780
899,36,2,,1166
900,50,5,,2723
901,67,2,,1167
902,10,2,,1167
903,69,2,,1168
904,8,1,,153
905,57,2,HEALTHCARE,1168
906,16,2,,1169
907,58,1,,154
908,61,2,,1169
909,60,3,,2375
910,47,2,FINANCEINSURANCE,1170
911,68,2,,1170
912,40,6,,2780
913,51,2,,1171
914,68,3,,2376
915,73,2,,1171
916,63,3,,2376
917,76,2,,1172
918,4,2,,1172
919,44,2,FINANCEINSURANCE,1173
920,63,2,HEALTHCARE,1173
921,59,3,,2376
922,53,2,,1174
923,69,4,,2623
924,10,4,,2624
925,40,5,,2723
926,54,3,,2377
927,44,2,,1174
928,33,2,,1175
929,73,2,,1175
930,74,5,,2723
931,78,1,,155
932,94,2,,1176
933,3,1,,156
934,99,2,,1176
935,8,2,,1177
936,76,1,,157
937,43,2,,1177
938,63,2,,1178
939,61,3,,2377
940,40,2,,1178
941,66,2,,1179
942,72,3,,2377
943,68,2,,1179
944,38,3,,2378
945,77,2,,1180
946,100,6,,2780
947,67,2,,1180
948,18,1,,158
949,26,2,,1181
950,93,2,,1181
951,43,2,,1182
952,82,3,,2378
953,63,2,,1182
954,69,2,,1183
955,46,2,,1183
956,38,4,,2624
957,83,3,,2378
958,52,1,,159
959,84,1,,160
960,53,2,,1184
961,65,1,,161
962,65,2,,1184
963,49,2,,1185
964,16,1,,162
965,68,2,,1185
966,30,2,,1186
967,36,2,HEALTHCARE,1186
968,66,6,,2781
969,76,3,,2379
970,65,3,,2379
971,76,4,,2624
972,43,2,,1187
973,56,2,FINANCEINSURANCE,1187
974,53,3,,2379
975,62,1,,163
976,63,4,HEALTHCARE,2624
977,60,1,,164
978,73,2,,1188
979,69,2,,1188
980,72,1,,165
981,6,2,,1189
982,53,1,,166
983,31,6,,2781
984,67,5,,2724
985,53,4,,2625
986,86,1,,167
987,59,4,HEALTHCARE,2625
988,8,1,,168
989,35,2,,1189
990,37,1,,169
991,50,4,,2625
992,57,6,,2781
993,0,1,,170
994,80,1,,171
995,79,4,,2625
996,37,1,,172
997,59,2,,1190
998,66,2,,1190
999,42,2,,1191
1000,63,6,,2781
1001,70,4,,2626
1002,6,2,,1191
1003,20,2,,1192
1004,57,1,,173
1005,75,1,,174
1006,35,1,,175
1007,56,2,,1192
1008,60,2,,1193
1009,39,3,,2380
1010,10,3,,2380
1011,16,5,,2724
1012,65,2,,1193
1013,41,5,,2724
1014,71,1,,176
1015,20,2,,1194
1016,64,1,HEALTHCARE,177
1017,7,1,,178
1018,3,1,,179
1019,63,4,,2626
1020,33,1,,180
1021,79,2,,1194
1022,21,2,,1195
1023,57,2,,1195
1024,64,4,,2626
1025,68,3,,2380
1026,40,2,,1196
1027,54,5,,2724
1028,61,2,,1196
1029,13,2,,1197
1030,66,2,,1197
1031,57,1,,181
1032,10,1,,182
1033,47,2,HEALTHCARE,1198
1034,44,2,,1198
1035,73,1,,183
1036,29,2,,1199
1037,29,2,,1199
1038,57,3,,2381
1039,60,2,,1200
1040,44,3,,2381
1041,55,3,,2381
1042,48,2,,1200
1043,17,3,,2382
1044,70,3,,2382
1045,50,3,HEALTHCARE,2382
1046,70,3,,2383
1047,46,5,,2724
1048,58,2,,1201
1049,66,2,,1201
1050,3,3,,2383
1051,78,1,,184
1052,45,1,,185
1053,50,2,,1202
1054,70,2,,1202
1055,62,1,,186
1056,86,3,,2383
1057,55,2,,1203
1058,90,3,,2384
1059,58,4,,2626
1060,64,2,,1203
1061,67,3,,2384
1062,70,2,,1204
1063,64,2,,1204
1064,57,4,,2627
1065,62,2,,1205
1066,3,3,,2384
1067,0,1,,187
1068,73,2,,1205
1069,73,5,,2725
1070,24,2,,1206
1071,72,3,,2385
1072,65,4,,2627
1073,81,2,,1206
1074,34,2,,1207
1075,54,2,FINANCEINSURANCE,1207
1076,58,2,,1208
1077,47,6,,2781
1078,85,4,,2627
1079,59,2,,1208
1080,9,2,,1209
1081,63,2,,1209
1082,60,5,,2725
1083,47,4,,2627
1084,68,2,,1210
1085,78,3,,2385
1086,88,4,,2628
1087,45,3,,2385
1088,41,2,,1210
1089,37,2,,1211
1090,77,2,,1211
1091,45,3,,2386
1092,63,2,,1212
1093,54,4,,2628
1094,59,2,,1212
1095,50,4,,2628
1096,60,2,,1213
1097,60,2,,1213
1098,3,1,,188
1099,83,3,,2386
1100,78,4,,2628
1101,2,1,,189
1102,62,2,,1214
1103,74,2,,1214
1104,67,2,,1215
1105,69,1,,190
1106,77,2,,1215
1107,61,1,,191
1108,88,2,,1216
1109,41,2,,1216
1110,62,2,,1217
1111,69,2,,1217
1112,69,6,,2781
1113,32,2,HEALTHCARE,1218
1114,61,3,,2386
1115,88,5,,2725
1116,67,1,,192
1117,81,6,,2782
1118,34,1,FINANCEINSURANCE,193
1119,73,2,,1218
1120,48,2,,1219
1121,74,1,,194
1122,85,2,,1219
1123,23,5,,2725
1124,57,4,,2629
1125,45,2,,1220
1126,56,3,,2387
1127,74,2,,1220
1128,1,2,,1221
1129,56,3,,2387
1130,16,4,,2629
1131,79,2,,1221
1132,29,2,,1222
1133,59,1,,195
1134,61,5,,2725
1135,17,2,,1222
1136,54,2,,1223
1137,69,2,,1223
1138,58,4,HEALTHCARE,2629
1139,40,2,,1224
1140,64,2,,1224
1141,96,6,,2782
1142,58,1,,196
1143,1,2,,1225
1144,18,3,HEALTHCARE,2387
1145,25,2,,1225
1146,78,3,,2388
1147,56,2,HEALTHCARE,1226
1148,67,6,,2782
1149,19,3,,2388
1150,46,1,,197
1151,50,2,,1226
1152,72,5,,2726
1153,33,5,,2726
1154,98,2,,1227
1155,28,3,,2388
1156,10,1,,198
1157,38,3,,2389
1158,79,2,,1227
1159,68,2,,1228
1160,43,3,,2389
1161,52,6,,2782
1162,49,2,,1228
1163,70,2,,1229
1164,75,2,,1229
1165,4,1,,199
1166,79,2,,1230
1167,50,4,,2629
1168,56,3,,2389
1169,66,2,,1230
1170,22,2,FINANCEINSURANCE,1231
1171,67,2,,1231
1172,58,2,,1232
1173,22,6,,2782
1174,55,2,,1232
1175,79,1,,200
1176,78,1,,201
1177,76,4,,2630
1178,37,1,,202
1179,16,5,,2726
1180,67,6,,2782
1181,68,2,,1233
1182,52,2,,1233
1183,88,2,,1234
1184,41,2,,1234
1185,35,2,FINANCEINSURANCE,1235
1186,68,2,,1235
1187,41,3,,2390
1188,44,1,,203
1189,18,3,,2390
1190,61,4,,2630
1191,69,2,,1236
1192,71,3,,2390
1193,100,3,,2391
1194,50,3,,2391
1195,35,3,,2391
1196,59,1,,204
1197,15,2,,1236
1198,3,3,,2392
1199,96,6,,2783
1200,51,2,FINANCEINSURANCE,1237
1201,92,5,,2726
1202,69,2,,1237
1203,93,3,,2392
1204,75,2,,1238
1205,14,2,,1238
1206,72,2,,1239
1207,16,1,,205
1208,75,2,,1239
1209,64,2,,1240
1210,53,2,HEALTHCARE,1240
1211,2,1,,206
1212,76,6,,2783
1213,73,2,,1241
1214,46,4,,2630
1215,9,2,,1241
1216,78,2,,1242
1217,73,2,,1242
1218,10,5,,2726
1219,37,6,,2783
1220,77,1,,207
1221,67,3,,2392
1222,44,3,,2393
1223,67,2,,1243
1224,53,1,HEALTHCARE,208
1225,61,3,,2393
1226,41,2,HEALTHCARE,1243
1227,78,6,,2783
1228,69,2,,1244
1229,51,2,,1244
1230,20,2,,1245
1231,64,3,,2393
1232,73,2,,1245
1233,17,5,,2727
1234,8,2,,1246
1235,36,1,HEALTHCARE,209
1236,70,1,,210
1237,63,3,,2394
1238,27,4,,2630
1239,24,5,,2727
1240,66,2,,1246
1241,68,3,,2394
1242,59,2,,1247
1243,22,1,HEALTHCARE,211
1244,3,6,,2783
1245,63,2,,1247
1246,32,3,,2394
1247,50,4,,2631
1248,55,2,,1248
1249,49,2,,1248
1250,63,6,,2783
1251,0,5,,2727
1252,29,1,,212
1253,36,2,,1249
1254,11,2,,1249
1255,78,2,,1250
1256,6,1,,213
1257,79,2,,1250
1258,55,4,,2631
1259,44,1,,214
1260,64,2,,1251
1261,88,2,,1251
1262,17,4,,2631
1263,43,6,,2784
1264,56,2,,1252
1265,38,1,,215
1266,9,5,,2727
1267,77,2,,1252
1268,65,2,,1253
1269,2,6,,2784
1270,75,3,,2395
1271,79,2,,1253
1272,62,6,,2784
1273,42,3,,2395
1274,53,6,,2784
1275,73,2,,1254
1276,15,3,,2395
1277,12,6,,2784
1278,69,2,,1254
1279,46,2,,1255
1280,1,2,,1255
1281,35,2,,1256
1282,57,1,,216
1283,61,2,,1256
1284,68,2,,1257
1285,54,2,,1257
1286,60,2,,1258
1287,51,3,,2396
1288,33,2,,1258
1289,64,1,,217
1290,78,6,,2784
1291,0,2,,1259
1292,45,1,,218
1293,56,1,,219
1294,66,5,,2727
1295,70,2,,1259
1296,63,2,,1260
1297,57,2,,1260
1298,51,6,,2785
1299,75,3,,2396
1300,74,2,,1261
1301,47,2,HEALTHCARE,1261
1302,63,2,,1262
1303,78,2,,1262
1304,66,1,,220
1305,60,2,,1263
1306,16,2,,1263
1307,60,2,,1264
1308,61,2,,1264
1309,67,2,,1265
1310,51,2,,1265
1311,67,2,,1266
1312,75,2,,1266
1313,25,2,,1267
1314,92,2,,1267
1315,37,2,,1268
1316,44,4,,2631
1317,49,2,,1268
1318,72,6,,2785
1319,14,6,,2785
1320,56,2,,1269
1321,71,2,,1269
1322,74,2,,1270
1323,51,2,,1270
1324,9,1,,221
1325,25,2,,1271
1326,50,2,,1271
1327,47,2,,1272
1328,12,2,,1272
1329,81,2,,1273
1330,60,2,,1273
1331,85,2,,1274
1332,77,6,,2785
1333,59,1,,222
1334,58,1,,223
1335,79,3,,2396
1336,27,2,,1274
1337,78,3,,2397
1338,35,1,,224
1339,54,3,,2397
1340,73,2,,1275
1341,14,2,,1275
1342,19,2,,1276
1343,9,1,,225
1344,13,1,,226
1345,56,2,,1276
1346,84,6,,2785
1347,14,2,,1277
1348,42,1,,227
1349,6,2,,1277
1350,65,2,,1278
1351,72,3,,2397
1352,61,5,,2728
1353,70,2,,1278
1354,20,2,,1279
1355,59,2,,1279
1356,53,2,,1280
1357,8,1,,228
1358,55,2,,1280
1359,79,1,,229
1360,58,2,,1281
1361,74,2,,1281
1362,20,2,,1282
1363,55,3,,2398
1364,50,6,,2785
1365,24,2,,1282
1366,48,2,,1283
1367,70,4,,2632
1368,17,2,,1283
1369,9,5,,2728
1370,75,2,,1284
1371,88,1,,230
1372,3,1,,231
1373,76,2,,1284
1374,73,1,,232
1375,74,2,,1285
1376,60,6,,2786
1377,31,6,,2786
1378,49,2,,1285
1379,58,1,,233
1380,2,2,,1286
1381,30,1,,234
1382,100,2,,1286
1383,19,5,,2728
1384,55,2,,1287
1385,79,2,,1287
1386,30,3,,2398
1387,78,3,,2398
1388,50,3,,2399
1389,67,3,,2399
1390,90,1,,235
1391,12,2,,1288
1392,71,2,,1288
1393,54,2,,1289
1394,69,4,,2632
1395,61,2,,1289
1396,76,1,,236
1397,57,1,,237
1398,74,6,,2786
1399,70,4,,2632
1400,63,2,,1290
1401,67,2,,1290
1402,39,3,,2399
1403,82,2,,1291
1404,57,1,,238
1405,76,5,,2728
1406,90,2,,1291
1407,74,4,,2632
1408,30,2,,1292
1409,57,3,,2400
1410,57,5,,2728
1411,23,2,,1292
1412,72,2,,1293
1413,68,3,,2400
1414,49,3,,2400
1415,4,5,,2729
1416,63,2,,1293
1417,15,5,,2729
1418,62,1,HEALTHCARE,239
1419,69,1,,240
1420,30,2,,1294
1421,19,3,,2401
1422,78,2,,1294
1423,61,4,,2633
1424,38,1,,241
1425,69,1,,242
1426,12,2,,1295
1427,73,1,,243
1428,85,2,,1295
1429,12,2,,1296
1430,43,4,,2633
1431,25,3,,2401
1432,22,2,,1296
1433,15,2,,1297
1434,87,2,,1297
1435,59,2,,1298
1436,79,3,,2401
1437,89,3,,2402
1438,54,1,,244
1439,27,3,,2402
1440,56,1,,245
1441,40,3,HEALTHCARE,2402
1442,68,6,,2786
1443,60,3,HEALTHCARE,2403
1444,51,6,,2786
1445,75,2,,1298
1446,69,2,,1299
1447,74,3,,2403
1448,51,2,,1299
1449,100,2,,1300
1450,54,3,,2403
1451,6,6,,2786
1452,5,3,,2404
1453,5,3,,2404
1454,0,1,,246
1455,31,4,,2633
1456,79,2,,1300
1457,35,3,HEALTHCARE,2404
1458,58,2,,1301
1459,45,2,HEALTHCARE,1301
1460,56,2,,1302
1461,61,2,,1302
1462,26,4,,2633
1463,11,2,,1303
1464,65,1,,247
1465,45,2,,1303
1466,28,1,,248
1467,69,2,,1304
1468,51,2,HEALTHCARE,1304
1469,8,3,,2405
1470,31,2,,1305
1471,49,2,,1305
1472,60,2,,1306
1473,70,3,,2405
1474,29,5,OTHER,2729
1475,97,2,,1306
1476,10,2,,1307
1477,61,2,,1307
1478,68,2,,1308
1479,30,2,,1308
1480,39,1,FINANCEINSURANCE,249
1481,12,2,,1309
1482,53,2,,1309
1483,69,3,,2405
1484,60,2,,1310
1485,61,4,,2634
1486,37,2,,1310
1487,19,3,,2406
1488,75,3,,2406
1489,68,3,,2406
1490,54,3,HEALTHCARE,2407
1491,62,3,,2407
1492,69,2,,1311
1493,62,2,FINANCEINSURANCE,1311
1494,70,2,,1312
1495,52,2,,1312
1496,69,3,,2407
1497,17,6,,2787
1498,60,4,,2634
1499,78,2,,1313
1500,34,2,,1313
1501,57,4,,2634
1502,30,2,,1314
1503,42,2,,1314
1504,30,2,,1315
1505,11,2,,1315
1506,3,2,,1316
1507,57,2,,1316
1508,15,2,,1317
1509,66,2,,1317
1510,50,2,,1318
1511,57,2,,1318
1512,36,2,,1319
1513,45,2,,1319
1514,53,1,,250
1515,61,2,,1320
1516,63,1,HEALTHCARE,251
1517,72,6,,2787
1518,74,1,,252
1519,50,6,,2787
1520,63,2,,1320
1521,15,2,,1321
1522,57,2,,1321
1523,14,3,,2408
1524,61,2,,1322
1525,95,2,,1322
1526,52,3,,2408
1527,65,2,,1323
1528,51,2,,1323
1529,58,2,,1324
1530,5,2,,1324
1531,73,2,,1325
1532,16,2,,1325
1533,77,1,,253
1534,36,2,,1326
1535,61,2,,1326
1536,68,4,,2634
1537,52,2,,1327
1538,65,3,,2408
1539,69,2,,1327
1540,78,4,,2635
1541,59,4,,2635
1542,65,2,,1328
1543,63,2,HEALTHCARE,1328
1544,65,3,,2409
1545,36,2,,1329
1546,68,3,,2409
1547,73,3,,2409
1548,45,3,,2410
1549,75,2,,1329
1550,26,2,,1330
1551,69,2,,1330
1552,49,4,,2635
1553,60,2,,1331
1554,88,2,,1331
1555,73,3,,2410
1556,9,2,,1332
1557,83,1,,254
1558,41,2,,1332
1559,59,2,,1333
1560,67,2,,1333
1561,70,2,,1334
1562,62,2,,1334
1563,62,1,,255
1564,76,2,,1335
1565,77,2,,1335
1566,24,2,,1336
1567,62,3,,2410
1568,87,2,,1336
1569,58,1,,256
1570,62,2,,1337
1571,58,1,,257
1572,47,4,,2635
1573,72,1,,258
1574,39,2,,1337
1575,69,4,,2636
1576,58,1,,259
1577,72,2,,1338
1578,64,3,,2411
1579,70,6,,2787
1580,36,3,HEALTHCARE,2411
1581,26,1,HEALTHCARE,260
1582,67,1,,261
1583,57,4,,2636
1584,15,2,,1338
1585,61,3,,2411
1586,76,5,,2729
1587,64,2,,1339
1588,66,4,,2636
1589,94,1,,262
1590,8,5,,2729
1591,53,3,,2412
1592,60,3,,2412
1593,51,2,,1339
1594,72,2,,1340
1595,47,1,,263
1596,51,2,HEALTHCARE,1340
1597,10,2,,1341
1598,56,4,HEALTHCARE,2636
1599,79,4,,2637
1600,68,4,,2637
1601,37,1,,264
1602,57,1,,265
1603,76,2,,1341
1604,29,2,,1342
1605,67,2,,1342
1606,27,6,,2787
1607,74,2,,1343
1608,46,2,,1343
1609,27,3,,2412
1610,48,1,,266
1611,1,2,,1344
1612,35,1,HEALTHCARE,267
1613,69,2,,1344
1614,18,2,,1345
1615,40,1,,268
1616,59,2,,1345
1617,65,2,,1346
1618,73,2,,1346
1619,57,2,,1347
1620,57,3,,2413
1621,3,3,,2413
1622,69,2,,1347
1623,15,3,,2413
1624,16,5,,2730
1625,16,5,,2730
1626,82,2,,1348
1627,57,2,,1348
1628,62,2,,1349
1629,18,2,,1349
1630,43,2,,1350
1631,63,2,HEALTHCARE,1350
1632,64,2,,1351
1633,61,2,,1351
1634,86,1,,269
1635,34,1,,270
1636,42,2,,1352
1637,62,2,,1352
1638,55,4,,2637
1639,47,1,,271
1640,70,5,,2730
1641,18,2,,1353
1642,42,1,,272
1643,72,4,,2637
1644,60,3,,2414
1645,69,3,,2414
1646,14,2,,1353
1647,81,2,,1354
1648,60,3,,2414
1649,59,2,,1354
1650,63,2,,1355
1651,67,2,,1355
1652,39,3,,2415
1653,3,1,,273
1654,73,2,,1356
1655,76,2,,1356
1656,42,3,,2415
1657,54,2,,1357
1658,55,2,,1357
1659,79,1,,274
1660,16,1,,275
1661,76,6,,2787
1662,52,2,,1358
1663,60,3,,2415
1664,52,2,,1358
1665,65,1,,276
1666,40,6,,2788
1667,33,6,,2788
1668,62,2,,1359
1669,4,4,,2638
1670,89,2,,1359
1671,80,2,,1360
1672,56,2,,1360
1673,14,3,,2416
1674,79,1,,277
1675,50,1,,278
1676,60,6,,2788
1677,1,5,,2730
1678,7,2,,1361
1679,79,2,,1361
1680,70,2,,1362
1681,13,2,,1362
1682,49,3,,2416
1683,78,5,,2730
1684,32,4,,2638
1685,30,2,,1363
1686,79,2,,1363
1687,24,2,,1364
1688,1,2,,1364
1689,32,2,,1365
1690,98,2,,1365
1691,54,1,,279
1692,61,1,,280
1693,42,2,,1366
1694,50,2,,1366
1695,42,3,,2416
1696,79,6,,2788
1697,89,1,,281
1698,63,3,,2417
1699,58,2,,1367
1700,61,4,,2638
1701,65,3,HEALTHCARE,2417
1702,38,1,,282
1703,60,3,,2417
1704,50,2,,1367
1705,14,2,,1368
1706,10,2,,1368
1707,12,2,,1369
1708,84,1,,283
1709,60,4,,2638
1710,52,4,HEALTHCARE,2639
1711,76,5,,2731
1712,4,2,,1369
1713,38,1,,284
1714,53,1,,285
1715,77,2,,1370
1716,44,6,,2788
1717,0,5,,2731
1718,76,2,,1370
1719,62,2,,1371
1720,9,6,,2788
1721,14,2,,1371
1722,86,1,,286
1723,79,2,,1372
1724,46,4,,2639
1725,11,2,,1372
1726,66,2,,1373
1727,51,4,,2639
1728,22,2,,1373
1729,56,6,,2789
1730,38,2,,1374
1731,64,2,,1374
1732,55,2,,1375
1733,42,5,,2731
1734,14,2,,1375
1735,8,1,,287
1736,97,2,,1376
1737,49,1,,288
1738,47,2,,1376
1739,74,3,,2418
1740,41,2,,1377
1741,66,2,,1377
1742,56,2,,1378
1743,67,3,,2418
1744,41,2,HEALTHCARE,1378
1745,79,4,,2639
1746,11,2,,1379
1747,29,2,OTHER,1379
1748,67,3,,2418
1749,78,1,,289
1750,66,4,,2640
1751,2,2,,1380
1752,49,3,,2419
1753,67,5,,2731
1754,63,2,,1380
1755,68,3,,2419
1756,61,1,,290
1757,6,1,,291
1758,50,2,HEALTHCARE,1381
1759,65,4,,2640
1760,69,2,,1381
1761,27,2,,1382
1762,68,6,,2789
1763,68,1,,292
1764,72,2,,1382
1765,6,5,,2731
1766,67,2,,1383
1767,60,3,,2419
1768,83,2,,1383
1769,45,1,,293
1770,76,1,,294
1771,43,2,,1384
1772,24,2,,1384
1773,51,2,,1385
1774,45,2,,1385
1775,7,2,,1386
1776,69,1,,295
1777,40,1,,296
1778,8,3,,2420
1779,78,1,,297
1780,25,2,,1386
1781,58,6,,2789
1782,19,2,OTHER,1387
1783,23,2,,1387
1784,12,2,,1388
1785,66,2,,1388
1786,46,2,,1389
1787,7,6,,2789
1788,48,2,,1389
1789,69,2,,1390
1790,86,2,,1390
1791,69,3,,2420
1792,75,2,,1391
1793,74,2,,1391
1794,68,1,,298
1795,17,2,,1392
1796,69,2,,1392
1797,28,6,,2789
1798,46,1,,299
1799,30,2,,1393
1800,35,4,,2640
1801,61,2,,1393
1802,55,4,,2640
1803,71,1,,300
1804,13,3,,2420
1805,61,1,,301
1806,18,3,,2421
1807,76,2,,1394
1808,54,2,,1394
1809,57,2,,1395
1810,58,3,,2421
1811,57,2,,1395
1812,17,2,,1396
1813,65,3,,2421
1814,53,2,,1396
1815,55,3,,2422
1816,69,3,,2422
1817,65,1,HEALTHCARE,302
1818,69,2,,1397
1819,47,2,,1397
1820,30,4,,2641
1821,8,5,,2732
1822,39,2,,1398
1823,64,2,,1398
1824,22,6,,2789
1825,40,2,,1399
1826,100,2,,1399
1827,93,1,,303
1828,76,3,,2422
1829,31,2,,1400
1830,52,2,,1400
1831,52,2,,1401
1832,63,2,,1401
1833,63,1,,304
1834,14,6,,2790
1835,93,1,,305
1836,53,1,,306
1837,70,4,,2641
1838,60,1,HEALTHCARE,307
1839,64,2,,1402
1840,62,2,,1402
1841,73,2,,1403
1842,2,1,,308
1843,46,2,,1403
1844,64,4,,2641
1845,65,1,HEALTHCARE,309
1846,53,4,,2641
1847,54,6,HEALTHCARE,2790
1848,33,6,,2790
1849,77,5,,2732
1850,61,3,REALESTATERENTAL,2423
1851,3,1,,310
1852,88,2,,1404
1853,75,2,,1404
1854,15,2,,1405
1855,82,5,,2732
1856,63,2,HEALTHCARE,1405
1857,51,6,,2790
1858,64,2,,1406
1859,33,2,,1406
1860,69,6,,2790
1861,63,4,,2642
1862,60,2,,1407
1863,69,2,,1407
1864,10,3,,2423
1865,66,2,,1408
1866,60,4,,2642
1867,60,2,,1408
1868,70,1,,311
1869,51,2,,1409
1870,60,2,,1409
1871,15,3,,2423
1872,30,2,,1410
1873,55,2,,1410
1874,69,1,,312
1875,59,2,,1411
1876,49,2,OTHER,1411
1877,72,2,,1412
1878,52,1,,313
1879,55,5,,2732
1880,70,2,,1412
1881,65,3,,2424
1882,2,2,,1413
1883,31,3,,2424
1884,32,1,,314
1885,57,3,HEALTHCARE,2424
1886,77,1,,315
1887,26,2,,1413
1888,16,3,,2425
1889,51,1,,316
1890,6,3,,2425
1891,74,3,,2425
1892,74,2,,1414
1893,84,4,,2642
1894,95,2,,1414
1895,75,1,,317
1896,30,2,,1415
1897,29,1,,318
1898,61,6,,2790
1899,44,3,,2426
1900,19,1,,319
1901,63,2,,1415
1902,16,5,,2732
1903,52,2,,1416
1904,67,2,,1416
1905,50,2,,1417
1906,66,4,,2642
1907,66,4,,2643
1908,44,6,,2791
1909,1,3,,2426
1910,95,2,,1417
1911,29,3,,2426
1912,65,2,,1418
1913,53,3,HEALTHCARE,2427
1914,97,1,,320
1915,76,1,,321
1916,37,2,HEALTHCARE,1418
1917,73,2,,1419
1918,69,2,,1419
1919,67,1,,322
1920,73,3,,2427
1921,73,4,,2643
1922,42,5,,2733
1923,71,6,,2791
1924,39,6,,2791
1925,66,6,,2791
1926,61,4,,2643
1927,85,5,,2733
1928,34,2,,1420
1929,58,4,,2643
1930,52,3,,2427
1931,75,2,,1420
1932,73,1,,323
1933,57,2,,1421
1934,50,3,,2428
1935,22,4,,2644
1936,3,1,,324
1937,67,2,,1421
1938,19,6,,2791
1939,11,2,,1422
1940,45,2,,1422
1941,12,2,,1423
1942,57,1,,325
1943,64,2,,1423
1944,32,2,,1424
1945,74,2,,1424
1946,63,3,,2428
1947,64,2,,1425
1948,78,2,,1425
1949,63,3,,2428
1950,10,2,,1426
1951,56,2,,1426
1952,5,2,,1427
1953,47,3,,2429
1954,58,2,,1427
1955,60,5,,2733
1956,45,3,,2429
1957,60,3,,2429
1958,74,1,,326
1959,78,2,,1428
1960,1,2,,1428
1961,40,1,,327
1962,60,2,,1429
1963,66,2,,1429
1964,11,2,,1430
1965,49,2,,1430
1966,55,2,HEALTHCARE,1431
1967,73,1,,328
1968,78,2,,1431
1969,61,4,,2644
1970,99,1,,329
1971,69,6,,2791
1972,10,5,,2733
1973,31,2,,1432
1974,47,2,,1432
1975,95,2,,1433
1976,19,2,,1433
1977,60,2,HEALTHCARE,1434
1978,61,2,,1434
1979,70,5,,2733
1980,70,1,,330
1981,63,6,,2792
1982,63,2,,1435
1983,32,2,,1435
1984,67,2,,1436
1985,57,6,HEALTHCARE,2792
1986,47,1,,331
1987,78,4,,2644
1988,0,1,,332
1989,38,2,,1436
1990,89,2,,1437
1991,10,3,,2430
1992,65,5,,2734
1993,77,2,,1437
1994,1,2,,1438
1995,72,2,,1438
1996,69,5,,2734
1997,47,3,HEALTHCARE,2430
1998,20,5,,2734
1999,58,2,,1439
2000,14,2,,1439
2001,25,2,,1440
2002,70,3,,2430
2003,78,6,,2792
2004,69,6,,2792
2005,30,3,,2431
2006,63,3,,2431
2007,58,4,,2644
2008,55,1,,333
2009,48,4,,2645
2010,61,5,,2734
2011,64,2,,1440
2012,1,6,,2792
2013,57,2,,1441
2014,24,2,,1441
2015,38,6,,2792
2016,54,3,,2431
2017,51,2,,1442
2018,56,2,,1442
2019,35,2,,1443
2020,66,4,,2645
2021,30,2,,1443
2022,56,3,,2432
2023,62,4,,2645
2024,61,5,,2734
2025,54,2,HEALTHCARE,1444
2026,15,2,,1444
2027,77,2,,1445
2028,47,2,,1445
2029,49,2,,1446
2030,15,2,,1446
2031,77,3,,2432
2032,94,1,,334
2033,41,3,,2432
2034,64,3,,2433
2035,59,1,,335
2036,88,1,,336
2037,69,2,,1447
2038,76,6,,2793
2039,62,2,,1447
2040,81,2,,1448
2041,66,2,,1448
2042,62,1,,337
2043,67,1,,338
2044,1,1,,339
2045,73,4,,2645
2046,76,4,,2646
2047,65,6,,2793
2048,31,2,,1449
2049,8,2,,1449
2050,75,2,,1450
2051,51,1,,340
2052,66,2,,1450
2053,50,2,,1451
2054,56,2,,1451
2055,16,2,,1452
2056,67,2,,1452
2057,61,1,,341
2058,39,2,,1453
2059,69,3,,2433
2060,51,1,,342
2061,53,4,,2646
2062,93,2,,1453
2063,94,2,,1454
2064,76,5,,2735
2065,86,2,,1454
2066,72,2,,1455
2067,54,1,FINANCEINSURANCE,343
2068,65,1,,344
2069,55,4,,2646
2070,52,2,,1455
2071,24,3,,2433
2072,56,2,,1456
2073,50,3,HEALTHCARE,2434
2074,94,3,,2434
2075,62,2,FINANCEINSURANCE,1456
2076,61,2,,1457
2077,2,3,,2434
2078,59,2,,1457
2079,14,2,,1458
2080,50,4,,2646
2081,67,4,,2647
2082,35,2,,1458
2083,57,1,,345
2084,5,1,,346
2085,43,6,,2793
2086,54,4,HEALTHCARE,2647
2087,72,3,,2435
2088,68,5,,2735
2089,56,2,FINANCEINSURANCE,1459
2090,71,1,,347
2091,78,3,,2435
2092,18,1,,348
2093,0,2,,1459
2094,57,2,,1460
2095,65,2,HEALTHCARE,1460
2096,74,2,,1461
2097,45,1,,349
2098,32,2,HEALTHCARE,1461
2099,62,2,,1462
2100,62,2,,1462
2101,46,1,,350
2102,55,5,,2735
2103,59,5,,2735
2104,92,2,,1463
2105,69,2,,1463
2106,81,1,,351
2107,99,1,,352
2108,54,1,,353
2109,27,1,,354
2110,50,2,,1464
2111,21,2,HEALTHCARE,1464
2112,66,3,,2435
2113,68,1,,355
2114,61,6,,2793
2115,9,2,,1465
2116,54,1,,356
2117,77,1,,357
2118,63,6,,2793
2119,78,4,,2647
2120,10,2,,1465
2121,63,3,,2436
2122,50,2,,1466
2123,98,3,,2436
2124,43,2,,1466
2125,20,6,,2793
2126,58,6,,2794
2127,3,2,,1467
2128,65,1,FINANCEINSURANCE,358
2129,30,1,,359
2130,16,1,,360
2131,41,2,FINANCEINSURANCE,1467
2132,49,2,,1468
2133,50,5,,2735
2134,57,1,,361
2135,31,2,,1468
2136,55,2,,1469
2137,67,5,,2736
2138,2,2,,1469
2139,45,2,,1470
2140,35,1,,362
2141,56,3,,2436
2142,60,2,,1470
2143,54,6,,2794
2144,65,4,,2647
2145,4,6,,2794
2146,17,3,,2437
2147,69,4,,2648
2148,53,2,,1471
2149,60,3,,2437
2150,10,2,,1471
2151,71,1,,363
2152,92,2,,1472
2153,75,6,,2794
2154,61,4,,2648
2155,67,2,,1472
2156,57,5,,2736
2157,62,4,,2648
2158,52,2,,1473
2159,13,3,,2437
2160,62,2,,1473
2161,73,2,,1474
2162,60,2,,1474
2163,69,1,,364
2164,68,1,,365
2165,70,2,,1475
2166,74,2,,1475
2167,68,2,,1476
2168,45,2,,1476
2169,73,1,,366
2170,44,1,,367
2171,54,2,,1477
2172,92,2,,1477
2173,30,3,,2438
2174,50,6,,2794
2175,12,3,,2438
2176,57,2,,1478
2177,41,2,,1478
2178,71,3,,2438
2179,71,3,,2439
2180,21,4,,2648
2181,73,3,,2439
2182,56,2,,1479
2183,48,2,,1479
2184,49,2,,1480
2185,58,1,,368
2186,25,2,,1480
2187,77,1,,369
2188,56,2,,1481
2189,55,5,,2736
2190,96,2,,1481
2191,81,3,,2439
2192,71,2,,1482
2193,35,1,,370
2194,60,1,HEALTHCARE,371
2195,50,2,,1482
2196,78,2,,1483
2197,64,1,,372
2198,38,2,,1483
2199,44,2,,1484
2200,27,2,,1484
2201,60,3,,2440
2202,65,2,,1485
2203,43,2,,1485
2204,46,2,,1486
2205,98,2,,1486
2206,79,2,,1487
2207,58,2,,1487
2208,69,2,,1488
2209,21,2,,1488
2210,64,2,,1489
2211,18,3,,2440
2212,78,1,,373
2213,52,2,,1489
2214,90,1,,374
2215,90,2,,1490
2216,63,2,,1490
2217,48,2,,1491
2218,89,6,,2794
2219,60,2,,1491
2220,78,3,,2440
2221,46,2,,1492
2222,19,3,,2441
2223,18,2,HEALTHCARE,1492
2224,60,2,,1493
2225,60,2,,1493
2226,30,2,OTHER,1494
2227,15,3,,2441
2228,19,2,,1494
2229,50,2,,1495
2230,66,2,,1495
2231,67,1,,375
2232,74,1,,376
2233,63,2,,1496
2234,51,4,,2649
2235,62,6,,2795
2236,92,6,,2795
2237,54,2,,1496
2238,62,4,,2649
2239,78,2,,1497
2240,68,2,,1497
2241,78,2,,1498
2242,59,1,FINANCEINSURANCE,377
2243,32,2,,1498
2244,17,6,,2795
2245,19,2,,1499
2246,53,2,HEALTHCARE,1499
2247,20,2,,1500
2248,16,2,,1500
2249,41,3,FINANCEINSURANCE,2441
2250,74,2,,1501
2251,8,2,,1501
2252,72,2,,1502
2253,72,3,,2442
2254,78,5,,2736
2255,57,2,,1502
2256,65,3,,2442
2257,98,2,,1503
2258,52,4,,2649
2259,69,2,,1503
2260,57,1,,378
2261,19,4,,2649
2262,26,3,,2442
2263,50,2,HEALTHCARE,1504
2264,63,3,,2443
2265,48,2,,1504
2266,69,2,,1505
2267,43,1,HEALTHCARE,379
2268,47,5,,2736
2269,24,2,,1505
2270,21,2,,1506
2271,59,2,,1506
2272,68,2,,1507
2273,23,4,,2650
2274,98,3,,2443
2275,36,5,,2737
2276,33,3,,2443
2277,84,1,,380
2278,74,6,,2795
2279,34,2,,1507
2280,57,2,,1508
2281,64,4,,2650
2282,84,2,,1508
2283,69,2,,1509
2284,18,2,,1509
2285,62,3,,2444
2286,64,2,,1510
2287,63,2,,1510
2288,50,2,,1511
2289,62,4,HEALTHCARE,2650
2290,18,3,HEALTHCARE,2444
2291,55,2,,1511
2292,62,2,HEALTHCARE,1512
2293,71,1,,381
2294,16,2,,1512
2295,76,4,,2650
2296,66,6,,2795
2297,17,5,,2737
2298,23,4,,2651
2299,62,2,,1513
2300,15,1,,382
2301,46,2,,1513
2302,59,2,,1514
2303,51,2,,1514
2304,60,2,,1515
2305,48,2,,1515
2306,79,1,,383
2307,74,2,,1516
2308,56,5,,2737
2309,43,3,,2444
2310,60,5,,2737
2311,68,1,,384
2312,56,6,,2795
2313,56,2,FINANCEINSURANCE,1516
2314,72,2,,1517
2315,58,6,,2796
2316,56,2,,1517
2317,73,2,,1518
2318,78,2,,1518
2319,83,5,,2737
2320,74,2,,1519
2321,65,2,,1519
2322,68,1,,385
2323,29,2,,1520
2324,47,6,,2796
2325,31,1,,386
2326,7,1,,387
2327,58,2,,1520
2328,3,5,,2738
2329,58,2,,1521
2330,14,1,,388
2331,68,2,,1521
2332,53,6,,2796
2333,79,6,,2796
2334,84,2,,1522
2335,32,3,,2445
2336,57,6,,2796
2337,2,2,,1522
2338,18,2,,1523
2339,4,3,,2445
2340,36,3,,2445
2341,67,2,,1523
2342,65,3,,2446
2343,100,3,,2446
2344,72,2,,1524
2345,44,6,,2796
2346,62,2,,1524
2347,47,4,,2651
2348,53,5,,2738
2349,69,2,,1525
2350,63,2,,1525
2351,4,2,,1526
2352,68,4,,2651
2353,35,4,,2651
2354,99,2,,1526
2355,47,3,,2446
2356,62,6,HEALTHCARE,2797
2357,12,6,,2797
2358,78,2,,1527
2359,68,5,,2738
2360,63,3,,2447
2361,71,2,,1527
2362,99,1,,389
2363,4,1,,390
2364,49,1,HEALTHCARE,391
2365,67,2,,1528
2366,70,1,,392
2367,42,2,,1528
2368,36,3,,2447
2369,85,2,,1529
2370,11,4,,2652
2371,5,2,,1529
2372,1,2,,1530
2373,48,2,,1530
2374,54,1,,393
2375,19,1,,394
2376,13,1,,395
2377,73,2,,1531
2378,77,2,,1531
2379,50,2,,1532
2380,59,2,,1532
2381,49,1,,396
2382,62,1,,397
2383,60,1,,398
2384,41,2,,1533
2385,75,2,,1533
2386,44,1,HEALTHCARE,399
2387,64,2,,1534
2388,7,1,,400
2389,67,2,,1534
2390,53,2,,1535
2391,74,2,,1535
2392,38,6,,2797
2393,61,2,,1536
2394,55,2,,1536
2395,67,3,,2447
2396,15,3,,2448
2397,55,3,,2448
2398,50,3,,2448
2399,71,5,,2738
2400,70,1,,401
2401,44,5,HEALTHCARE,2738
2402,65,1,HEALTHCARE,402
2403,31,1,,403
2404,35,3,,2449
2405,77,4,,2652
2406,76,5,,2739
2407,75,2,,1537
2408,56,4,,2652
2409,81,3,,2449
2410,55,2,,1537
2411,10,2,,1538
2412,32,1,,404
2413,56,3,,2449
2414,66,4,,2652
2415,92,2,,1538
2416,59,3,,2450
2417,44,4,,2653
2418,66,1,,405
2419,42,5,,2739
2420,70,2,,1539
2421,23,2,HEALTHCARE,1539
2422,54,2,,1540
2423,15,3,,2450
2424,68,2,,1540
2425,77,3,,2450
2426,58,1,,406
2427,20,6,,2797
2428,69,2,,1541
2429,76,1,,407
2430,61,3,FINANCEINSURANCE,2451
2431,46,2,,1541
2432,23,2,,1542
2433,12,2,,1542
2434,17,6,,2797
2435,58,4,HEALTHCARE,2653
2436,25,4,,2653
2437,62,2,,1543
2438,41,2,,1543
2439,39,3,,2451
2440,69,1,,408
2441,63,1,,409
2442,57,2,HEALTHCARE,1544
2443,5,1,,410
2444,55,2,,1544
2445,58,2,,1545
2446,79,6,,2797
2447,9,2,,1545
2448,66,4,,2653
2449,51,2,,1546
2450,71,1,,411
2451,79,6,,2798
2452,17,2,,1546
2453,58,3,,2451
2454,8,6,,2798
2455,44,2,,1547
2456,64,2,,1547
2457,44,2,,1548
2458,54,3,,2452
2459,11,2,,1548
2460,68,2,,1549
2461,67,4,,2654
2462,58,4,,2654
2463,1,3,,2452
2464,55,6,,2798
2465,62,2,,1549
2466,15,2,,1550
2467,96,3,,2452
2468,61,3,,2453
2469,79,3,,2453
2470,64,6,,2798
2471,79,2,,1550
2472,28,3,,2453
2473,64,2,,1551
2474,21,1,,412
2475,73,2,,1551
2476,59,2,,1552
2477,79,2,,1552
2478,57,1,,413
2479,26,2,,1553
2480,52,2,,1553
2481,70,1,,414
2482,79,2,,1554
2483,62,3,,2454
2484,11,2,,1554
2485,51,6,FINANCEINSURANCE,2798
2486,55,6,HEALTHCARE,2798
2487,4,4,,2654
2488,75,2,,1555
2489,72,2,,1555
2490,54,3,,2454
2491,93,1,,415
2492,21,2,,1556
2493,51,2,,1556
2494,77,3,,2454
2495,26,1,,416
2496,68,2,,1557
2497,1,1,,417
2498,66,1,,418
2499,66,1,,419
2500,30,2,,1557
2501,56,3,,2455
2502,15,2,,1558
2503,88,3,,2455
2504,83,2,,1558
2505,28,2,,1559
2506,28,2,,1559
2507,53,2,,1560
2508,73,2,,1560
2509,90,2,,1561
2510,41,2,,1561
2511,65,2,,1562
2512,25,3,,2455
2513,53,2,,1562
2514,92,2,,1563
2515,66,2,,1563
2516,2,1,,420
2517,3,3,,2456
2518,72,2,,1564
2519,58,1,,421
2520,45,3,,2456
2521,75,2,,1564
2522,36,3,,2456
2523,52,6,,2799
2524,56,2,,1565
2525,65,1,,422
2526,66,1,,423
2527,51,2,,1565
2528,57,2,,1566
2529,63,2,FINANCEINSURANCE,1566
2530,48,1,,424
2531,93,2,,1567
2532,47,3,,2457
2533,66,2,,1567
2534,21,2,,1568
2535,38,6,,2799
2536,58,2,,1568
2537,41,1,,425
2538,58,2,,1569
2539,83,2,,1569
2540,75,2,,1570
2541,95,2,,1570
2542,32,3,,2457
2543,65,2,,1571
2544,65,4,,2654
2545,41,3,,2457
2546,67,4,,2655
2547,60,2,,1571
2548,23,4,,2655
2549,65,2,,1572
2550,73,2,,1572
2551,17,3,,2458
2552,69,2,,1573
2553,95,5,,2739
2554,69,2,,1573
2555,15,6,,2799
2556,71,3,,2458
2557,65,2,,1574
2558,69,4,,2655
2559,66,3,,2458
2560,36,2,,1574
2561,14,2,,1575
2562,4,1,,426
2563,15,2,,1575
2564,78,2,,1576
2565,60,2,,1576
2566,43,6,,2799
2567,51,2,HEALTHCARE,1577
2568,58,2,,1577
2569,46,1,,427
2570,3,5,,2739
2571,47,4,,2655
2572,99,2,,1578
2573,10,6,,2799
2574,20,3,,2459
2575,58,1,,428
2576,67,4,,2656
2577,16,3,,2459
2578,4,2,,1578
2579,62,2,,1579
2580,58,2,,1579
2581,42,2,,1580
2582,40,2,,1580
2583,99,3,,2459
2584,62,3,,2460
2585,19,1,,429
2586,47,5,,2739
2587,35,2,,1581
2588,41,4,,2656
2589,6,5,,2740
2590,72,2,,1581
2591,47,3,,2460
2592,65,3,HEALTHCARE,2460
2593,10,2,,1582
2594,100,3,,2461
2595,29,2,,1582
2596,18,5,,2740
2597,99,1,,430
2598,61,2,,1583
2599,15,2,,1583
2600,35,2,,1584
2601,62,2,,1584
2602,52,2,,1585
2603,36,2,,1585
2604,30,1,,431
2605,67,4,,2656
2606,61,4,,2656
2607,53,2,,1586
2608,21,2,,1586
2609,72,2,,1587
2610,70,4,,2657
2611,55,6,,2799
2612,43,5,,2740
2613,59,2,,1587
2614,63,4,,2657
2615,50,1,FINANCEINSURANCE,432
2616,63,3,,2461
2617,53,3,,2461
2618,24,2,,1588
2619,94,2,,1588
2620,77,2,,1589
2621,6,4,,2657
2622,72,4,,2657
2623,53,2,,1589
2624,62,4,,2658
2625,67,1,,433
2626,69,2,,1590
2627,52,2,,1590
2628,71,4,,2658
2629,72,1,,434
2630,25,4,,2658
2631,71,6,,2800
2632,79,6,,2800
2633,72,1,,435
2634,79,4,,2658
2635,90,2,,1591
2636,74,2,,1591
2637,100,1,,436
2638,96,1,,437
2639,21,2,,1592
2640,19,1,,438
2641,9,2,,1592
2642,13,4,,2659
2643,62,4,,2659
2644,18,1,,439
2645,35,2,,1593
2646,55,1,,440
2647,51,2,,1593
2648,68,3,,2462
2649,79,6,,2800
2650,41,2,,1594
2651,64,2,,1594
2652,63,2,HEALTHCARE,1595
2653,55,2,,1595
2654,57,4,,2659
2655,72,6,,2800
2656,70,1,,441
2657,60,1,HEALTHCARE,442
2658,73,2,,1596
2659,51,4,,2659
2660,7,2,,1596
2661,74,2,,1597
2662,44,4,,2660
2663,31,2,,1597
2664,19,1,FINANCEINSURANCE,443
2665,89,1,,444
2666,73,2,,1598
2667,32,1,,445
2668,55,3,,2462
2669,64,2,,1598
2670,67,2,,1599
2671,40,1,,446
2672,13,2,,1599
2673,62,5,HEALTHCARE,2740
2674,52,2,,1600
2675,17,2,,1600
2676,55,2,,1601
2677,12,2,,1601
2678,96,2,,1602
2679,67,2,,1602
2680,67,2,,1603
2681,52,2,FINANCEINSURANCE,1603
2682,89,2,,1604
2683,73,2,,1604
2684,61,1,,447
2685,73,1,,448
2686,91,3,,2462
2687,33,2,,1605
2688,41,2,,1605
2689,37,1,,449
2690,71,3,,2463
2691,12,3,,2463
2692,65,3,,2463
2693,14,2,,1606
2694,13,2,,1606
2695,28,2,,1607
2696,93,2,,1607
2697,77,3,,2464
2698,59,2,HEALTHCARE,1608
2699,84,2,,1608
2700,33,4,,2660
2701,69,2,,1609
2702,75,5,,2740
2703,73,2,,1609
2704,67,5,,2741
2705,59,3,,2464
2706,45,2,,1610
2707,70,1,,450
2708,47,2,,1610
2709,7,2,,1611
2710,27,2,,1611
2711,50,6,,2800
2712,48,6,,2800
2713,34,1,,451
2714,61,2,,1612
2715,68,1,,452
2716,14,3,,2464
2717,67,2,,1612
2718,58,4,,2660
2719,59,2,,1613
2720,22,1,,453
2721,50,2,,1613
2722,19,3,,2465
2723,69,2,,1614
2724,56,4,,2660
2725,28,1,,454
2726,71,2,,1614
2727,44,2,,1615
2728,8,2,,1615
2729,12,6,,2801
2730,62,2,,1616
2731,79,2,,1616
2732,63,3,,2465
2733,62,3,,2465
2734,59,3,,2466
2735,66,1,,455
2736,32,1,,456
2737,16,1,,457
2738,63,6,,2801
2739,34,2,,1617
2740,21,2,,1617
2741,66,3,,2466
2742,67,2,,1618
2743,58,2,,1618
2744,64,2,HEALTHCARE,1619
2745,76,1,,458
2746,51,6,,2801
2747,27,2,,1619
2748,61,6,,2801
2749,64,5,,2741
2750,48,2,,1620
2751,50,2,,1620
2752,62,1,,459
2753,54,1,,460
2754,62,6,,2801
2755,92,2,,1621
2756,71,3,,2466
2757,56,1,,461
2758,89,1,,462
2759,66,1,,463
2760,68,6,,2801
2761,26,2,,1621
2762,87,2,,1622
2763,21,2,,1622
2764,69,3,,2467
2765,51,2,,1623
2766,20,2,,1623
2767,22,2,,1624
2768,94,2,,1624
2769,71,3,,2467
2770,73,1,,464
2771,98,3,,2467
2772,57,2,,1625
2773,4,2,,1625
2774,34,1,,465
2775,68,2,,1626
2776,14,2,,1626
2777,55,4,,2661
2778,13,2,,1627
2779,76,2,,1627
2780,30,3,,2468
2781,68,3,,2468
2782,66,2,,1628
2783,59,2,,1628
2784,23,2,HEALTHCARE,1629
2785,28,2,,1629
2786,77,1,,466
2787,51,6,,2802
2788,35,1,,467
2789,71,2,,1630
2790,53,2,,1630
2791,75,2,,1631
2792,41,2,,1631
2793,79,6,,2802
2794,41,2,,1632
2795,74,2,,1632
2796,76,2,,1633
2797,71,2,,1633
2798,77,2,,1634
2799,40,3,HEALTHCARE,2468
2800,60,4,,2661
2801,53,2,,1634
2802,68,1,,468
2803,76,2,,1635
2804,54,3,,2469
2805,65,2,,1635
2806,14,6,,2802
2807,51,4,,2661
2808,81,2,,1636
2809,59,2,,1636
2810,64,2,,1637
2811,62,3,,2469
2812,73,5,,2741
2813,28,3,,2469
2814,15,2,,1637
2815,76,3,,2470
2816,51,2,,1638
2817,78,1,,469
2818,61,2,,1638
2819,46,1,,470
2820,72,4,,2661
2821,37,2,,1639
2822,13,1,,471
2823,78,1,,472
2824,55,2,,1639
2825,66,2,,1640
2826,77,2,,1640
2827,49,2,,1641
2828,59,3,,2470
2829,71,1,,473
2830,57,2,,1641
2831,60,2,,1642
2832,36,2,,1642
2833,64,2,,1643
2834,89,2,,1643
2835,44,6,,2802
2836,60,2,,1644
2837,77,2,,1644
2838,65,2,HEALTHCARE,1645
2839,79,5,,2741
2840,56,6,,2802
2841,31,2,,1645
2842,30,5,,2741
2843,79,2,,1646
2844,99,1,,474
2845,75,1,,475
2846,63,2,,1646
2847,70,2,,1647
2848,56,4,,2662
2849,64,3,,2470
2850,5,3,,2471
2851,77,2,,1647
2852,76,3,,2471
2853,94,2,,1648
2854,48,4,,2662
2855,53,2,,1648
2856,50,2,,1649
2857,61,2,,1649
2858,58,2,,1650
2859,69,6,,2802
2860,67,6,,2803
2861,15,4,,2662
2862,69,6,,2803
2863,59,2,,1650
2864,55,2,,1651
2865,67,2,,1651
2866,41,2,,1652
2867,36,5,,2742
2868,47,6,,2803
2869,72,2,,1652
2870,95,1,,476
2871,33,3,,2471
2872,57,2,,1653
2873,72,2,,1653
2874,79,5,,2742
2875,38,2,,1654
2876,5,1,,477
2877,1,2,,1654
2878,39,2,,1655
2879,27,1,,478
2880,52,2,,1655
2881,70,4,,2662
2882,11,2,,1656
2883,37,2,,1656
2884,6,2,,1657
2885,65,2,,1657
2886,66,1,,479
2887,49,4,,2663
2888,73,1,,480
2889,55,1,,481
2890,63,3,,2472
2891,51,2,,1658
2892,76,4,,2663
2893,67,1,,482
2894,42,2,,1658
2895,78,3,,2472
2896,64,2,,1659
2897,70,2,,1659
2898,32,2,,1660
2899,45,3,,2472
2900,62,3,,2473
2901,31,2,,1660
2902,67,2,,1661
2903,67,3,,2473
2904,77,1,,483
2905,57,4,,2663
2906,64,2,,1661
2907,49,2,,1662
2908,73,6,,2803
2909,53,3,,2473
2910,79,2,,1662
2911,64,2,,1663
2912,77,1,,484
2913,28,6,,2803
2914,56,4,,2663
2915,12,2,,1663
2916,77,3,,2474
2917,40,5,,2742
2918,64,1,,485
2919,45,4,,2664
2920,41,3,,2474
2921,58,2,,1664
2922,67,1,,486
2923,71,2,,1664
2924,69,1,,487
2925,35,4,,2664
2926,65,3,,2474
2927,79,2,,1665
2928,54,2,,1665
2929,32,2,,1666
2930,66,1,,488
2931,80,2,,1666
2932,83,1,,489
2933,6,1,,490
2934,26,2,,1667
2935,52,2,,1667
2936,53,2,,1668
2937,75,1,,491
2938,35,2,,1668
2939,56,2,,1669
2940,66,6,,2803
2941,55,4,,2664
2942,20,2,,1669
2943,2,2,,1670
2944,51,2,,1670
2945,97,2,,1671
2946,48,2,,1671
2947,96,2,,1672
2948,56,2,,1672
2949,36,2,,1673
2950,62,2,HEALTHCARE,1673
2951,35,4,,2664
2952,2,1,,492
2953,35,1,,493
2954,70,1,,494
2955,55,2,,1674
2956,63,1,,495
2957,57,2,,1674
2958,77,4,,2665
2959,78,1,,496
2960,24,3,,2475
2961,48,3,,2475
2962,54,2,,1675
2963,69,1,,497
2964,3,2,,1675
2965,65,2,,1676
2966,60,2,,1676
2967,72,3,,2475
2968,58,2,,1677
2969,72,2,,1677
2970,65,2,,1678
2971,74,4,,2665
2972,70,4,,2665
2973,28,5,,2742
2974,51,1,,498
2975,52,2,,1678
2976,79,2,,1679
2977,62,1,,499
2978,85,2,,1679
2979,73,6,,2804
2980,59,3,HEALTHCARE,2476
2981,11,2,,1680
2982,73,6,,2804
2983,76,2,,1680
2984,67,3,,2476
2985,19,1,,500
2986,73,3,,2476
2987,49,4,,2665
2988,69,6,,2804
2989,20,4,,2666
2990,1,2,,1681
2991,60,1,HEALTHCARE,501
2992,64,1,,502
2993,82,2,,1681
2994,77,2,,1682
2995,76,1,,503
2996,50,2,,1682
2997,69,2,,1683
2998,53,2,,1683
2999,9,2,,1684
3000,55,5,,2742
3001,60,3,,2477
3002,24,2,HEALTHCARE,1684
3003,79,2,,1685
3004,52,1,,504
3005,54,2,,1685
3006,27,1,,505
3007,47,3,,2477
3008,40,4,FINANCEINSURANCE,2666
3009,10,2,,1686
3010,54,2,,1686
3011,55,3,,2477
3012,78,2,,1687
3013,1,1,,506
3014,66,2,,1687
3015,63,2,,1688
3016,58,1,,507
3017,75,1,,508
3018,53,6,,2804
3019,58,1,,509
3020,49,2,,1688
3021,60,2,,1689
3022,40,2,,1689
3023,74,2,,1690
3024,43,1,,510
3025,49,2,,1690
3026,56,3,,2478
3027,72,2,,1691
3028,59,4,,2666
3029,18,2,,1691
3030,54,4,,2666
3031,41,2,HEALTHCARE,1692
3032,69,2,,1692
3033,63,4,,2667
3034,4,2,,1693
3035,10,2,,1693
3036,72,1,,511
3037,44,1,,512
3038,79,2,,1694
3039,80,3,,2478
3040,61,2,,1694
3041,100,2,,1695
3042,52,2,,1695
3043,83,3,,2478
3044,14,2,,1696
3045,57,1,,513
3046,35,5,,2743
3047,64,3,FINANCEINSURANCE,2479
3048,27,2,HEALTHCARE,1696
3049,32,2,,1697
3050,62,2,,1697
3051,23,6,,2804
3052,64,2,,1698
3053,55,1,,514
3054,29,3,HEALTHCARE,2479
3055,10,2,,1698
3056,54,2,,1699
3057,69,2,,1699
3058,65,4,FINANCEINSURANCE,2667
3059,63,2,,1700
3060,58,2,,1700
3061,92,5,,2743
3062,15,2,,1701
3063,72,3,,2479
3064,64,6,FINANCEINSURANCE,2804
3065,60,2,,1701
3066,72,2,,1702
3067,70,5,,2743
3068,93,2,,1702
3069,63,3,,2480
3070,70,2,,1703
3071,66,1,,515
3072,75,1,,516
3073,74,1,,517
3074,54,2,OTHER,1703
3075,39,1,,518
3076,41,2,,1704
3077,36,2,,1704
3078,64,2,,1705
3079,60,6,,2805
3080,62,2,,1705
3081,36,2,HEALTHCARE,1706
3082,69,2,,1706
3083,61,3,,2480
3084,93,2,,1707
3085,66,2,,1707
3086,55,4,,2667
3087,71,2,,1708
3088,57,2,,1708
3089,33,2,,1709
3090,49,2,,1709
3091,95,2,,1710
3092,76,3,,2480
3093,26,1,,519
3094,18,4,,2667
3095,5,1,,520
3096,4,2,,1710
3097,76,3,,2481
3098,1,1,,521
3099,64,3,,2481
3100,41,1,,522
3101,0,1,,523
3102,62,3,,2481
3103,60,2,,1711
3104,40,4,,2668
3105,57,2,,1711
3106,79,2,,1712
3107,60,1,FINANCEINSURANCE,524
3108,33,1,,525
3109,52,1,,526
3110,52,2,,1712
3111,36,6,,2805
3112,39,4,,2668
3113,19,3,,2482
3114,43,2,,1713
3115,56,2,,1713
3116,1,2,,1714
3117,16,1,,527
3118,53,1,,528
3119,64,2,,1714
3120,30,3,,2482
3121,8,2,,1715
3122,97,1,,529
3123,86,2,,1715
3124,30,6,,2805
3125,79,2,,1716
3126,76,2,,1716
3127,87,6,,2805
3128,79,2,,1717
3129,73,1,,530
3130,52,3,,2482
3131,67,2,,1717
3132,76,2,,1718
3133,95,2,,1718
3134,73,2,,1719
3135,65,6,,2805
3136,77,1,,531
3137,33,2,,1719
3138,74,4,,2668
3139,5,1,,532
3140,36,4,,2668
3141,16,4,,2669
3142,26,2,,1720
3143,61,2,,1720
3144,4,2,,1721
3145,74,2,,1721
3146,7,3,,2483
3147,18,6,,2805
3148,63,5,,2743
3149,16,2,,1722
3150,52,3,,2483
3151,47,3,,2483
3152,65,2,,1722
3153,40,1,,533
3154,66,3,,2484
3155,34,1,HEALTHCARE,534
3156,66,2,,1723
3157,69,2,,1723
3158,78,2,,1724
3159,36,5,,2743
3160,57,2,,1724
3161,57,2,,1725
3162,29,2,,1725
3163,74,2,,1726
3164,69,4,,2669
3165,65,1,,535
3166,39,1,,536
3167,65,1,,537
3168,68,1,,538
3169,98,6,,2806
3170,62,2,,1726
3171,81,2,,1727
3172,58,2,,1727
3173,63,2,,1728
3174,13,6,,2806
3175,69,2,,1728
3176,64,4,,2669
3177,76,1,,539
3178,74,1,,540
3179,72,2,,1729
3180,62,2,,1729
3181,67,3,,2484
3182,85,2,,1730
3183,65,2,,1730
3184,66,3,,2484
3185,57,2,,1731
3186,52,3,,2485
3187,68,1,,541
3188,40,2,HEALTHCARE,1731
3189,80,2,,1732
3190,45,3,,2485
3191,58,2,,1732
3192,90,2,,1733
3193,8,3,,2485
3194,31,2,,1733
3195,85,3,,2486
3196,87,1,,542
3197,94,2,,1734
3198,58,1,,543
3199,10,2,,1734
3200,65,1,,544
3201,61,1,HEALTHCARE,545
3202,26,1,,546
3203,74,3,,2486
3204,68,1,,547
3205,68,1,,548
3206,60,1,,549
3207,65,2,,1735
3208,89,4,,2669
3209,77,4,,2670
3210,71,3,,2486
3211,9,1,,550
3212,72,1,,551
3213,59,2,,1735
3214,64,1,,552
3215,63,3,,2487
3216,8,2,,1736
3217,64,2,,1736
3218,71,5,,2744
3219,10,4,,2670
3220,10,1,,553
3221,79,6,,2806
3222,63,2,,1737
3223,96,2,,1737
3224,47,3,,2487
3225,25,4,,2670
3226,68,2,,1738
3227,62,1,,554
3228,18,3,,2487
3229,18,4,,2670
3230,36,2,,1738
3231,13,2,,1739
3232,14,2,,1739
3233,56,2,,1740
3234,71,1,,555
3235,52,6,HEALTHCARE,2806
3236,30,2,,1740
3237,52,2,,1741
3238,67,1,,556
3239,69,2,,1741
3240,39,6,,2806
3241,25,1,,557
3242,12,2,,1742
3243,73,3,,2488
3244,65,2,,1742
3245,71,2,,1743
3246,49,2,,1743
3247,22,2,,1744
3248,73,2,,1744
3249,47,3,HEALTHCARE,2488
3250,59,4,,2671
3251,8,2,,1745
3252,61,2,,1745
3253,73,2,,1746
3254,50,6,,2806
3255,64,2,,1746
3256,73,6,,2807
3257,75,2,,1747
3258,64,2,,1747
3259,22,2,,1748
3260,76,1,,558
3261,40,1,,559
3262,61,2,,1748
3263,70,4,,2671
3264,44,3,,2488
3265,66,2,,1749
3266,73,2,,1749
3267,55,2,,1750
3268,58,2,,1750
3269,52,2,,1751
3270,65,2,,1751
3271,60,6,,2807
3272,75,4,,2671
3273,16,2,,1752
3274,55,2,,1752
3275,71,5,,2744
3276,59,2,,1753
3277,44,2,HEALTHCARE,1753
3278,62,2,,1754
3279,75,2,,1754
3280,60,2,,1755
3281,46,2,,1755
3282,51,2,,1756
3283,9,1,,560
3284,27,6,,2807
3285,40,2,,1756
3286,89,4,,2671
3287,64,2,,1757
3288,11,6,,2807
3289,68,3,,2489
3290,7,2,,1757
3291,67,2,,1758
3292,66,5,,2744
3293,27,2,,1758
3294,67,2,,1759
3295,20,3,,2489
3296,64,2,,1759
3297,67,6,,2807
3298,20,2,,1760
3299,72,2,,1760
3300,60,3,,2489
3301,42,2,,1761
3302,72,1,,561
3303,55,2,HEALTHCARE,1761
3304,43,3,,2490
3305,8,1,,562
3306,15,2,,1762
3307,66,4,,2672
3308,72,1,,563
3309,62,2,,1762
3310,96,3,,2490
3311,18,2,,1763
3312,72,1,,564
3313,57,3,,2490
3314,7,2,,1763
3315,59,4,,2672
3316,93,2,,1764
3317,29,2,,1764
3318,3,4,,2672
3319,70,3,,2491
3320,64,6,,2807
3321,97,6,,2808
3322,44,3,,2491
3323,91,2,,1765
3324,4,2,,1765
3325,99,2,,1766
3326,73,2,,1766
3327,20,2,,1767
3328,40,2,,1767
3329,3,1,,565
3330,36,2,HEALTHCARE,1768
3331,59,5,,2744
3332,26,2,,1768
3333,32,2,,1769
3334,65,2,,1769
3335,99,3,,2491
3336,86,6,,2808
3337,77,2,,1770
3338,40,1,,566
3339,76,1,,567
3340,58,3,,2492
3341,48,1,,568
3342,41,2,OTHER,1770
3343,17,3,,2492
3344,77,1,,569
3345,43,2,,1771
3346,49,2,,1771
3347,59,2,,1772
3348,75,2,,1772
3349,41,3,,2492
3350,0,3,,2493
3351,38,2,,1773
3352,52,6,,2808
3353,73,3,,2493
3354,3,2,,1773
3355,77,4,,2672
3356,68,3,,2493
3357,66,2,,1774
3358,89,2,,1774
3359,73,3,,2494
3360,51,3,,2494
3361,99,1,,570
3362,14,3,,2494
3363,44,2,,1775
3364,46,4,,2673
3365,93,2,,1775
3366,72,1,,571
3367,19,2,,1776
3368,65,4,,2673
3369,86,2,,1776
3370,67,2,,1777
3371,71,2,,1777
3372,33,2,,1778
3373,67,4,,2673
3374,66,6,,2808
3375,39,1,,572
3376,4,6,,2808
3377,69,2,,1778
3378,6,2,,1779
3379,43,4,,2673
3380,45,2,,1779
3381,60,3,,2495
3382,79,2,,1780
3383,67,2,,1780
3384,68,2,,1781
3385,63,2,,1781
3386,78,2,,1782
3387,23,6,,2808
3388,83,1,,573
3389,64,4,,2674
3390,83,4,,2674
3391,62,1,,574
3392,70,2,,1782
3393,71,2,,1783
3394,62,2,,1783
3395,56,3,,2495
3396,70,2,,1784
3397,90,2,,1784
3398,39,1,,575
3399,54,4,,2674
3400,14,2,,1785
3401,62,2,,1785
3402,78,2,,1786
3403,52,3,,2495
3404,72,2,,1786
3405,14,4,,2674
3406,7,2,,1787
3407,32,5,,2744
3408,91,3,,2496
3409,49,6,,2809
3410,31,3,,2496
3411,56,4,,2675
3412,1,2,,1787
3413,8,2,,1788
3414,56,2,,1788
3415,72,5,,2745
3416,72,3,,2496
3417,73,3,,2497
3418,7,2,,1789
3419,74,3,,2497
3420,71,4,,2675
3421,75,2,,1789
3422,10,3,,2497
3423,58,2,,1790
3424,28,1,,576
3425,43,2,,1790
3426,74,3,,2498
3427,23,2,FINANCEINSURANCE,1791
3428,57,2,,1791
3429,29,3,,2498
3430,84,1,,577
3431,14,2,,1792
3432,48,1,,578
3433,54,3,,2498
3434,5,6,,2809
3435,29,2,,1792
3436,55,2,,1793
3437,68,2,,1793
3438,64,3,,2499
3439,21,2,,1794
3440,49,2,,1794
3441,33,6,,2809
3442,71,3,,2499
3443,14,1,,579
3444,13,1,,580
3445,74,2,,1795
3446,67,1,,581
3447,24,2,,1795
3448,70,2,,1796
3449,3,4,,2675
3450,19,2,,1796
3451,10,3,,2499
3452,29,3,HEALTHCARE,2500
3453,66,3,,2500
3454,76,5,,2745
3455,63,2,,1797
3456,72,1,,582
3457,77,2,,1797
3458,20,2,HEALTHCARE,1798
3459,78,6,,2809
3460,62,3,,2500
3461,42,6,,2809
3462,46,2,,1798
3463,62,2,,1799
3464,70,1,,583
3465,68,2,,1799
3466,78,1,,584
3467,60,2,,1800
3468,23,2,,1800
3469,54,3,,2501
3470,55,4,,2675
3471,68,1,,585
3472,86,2,,1801
3473,77,1,,586
3474,52,2,,1801
3475,61,2,,1802
3476,55,2,,1802
3477,51,6,,2809
3478,45,2,,1803
3479,72,2,,1803
3480,68,2,,1804
3481,62,2,,1804
3482,67,1,,587
3483,76,3,,2501
3484,21,3,,2501
3485,25,2,,1805
3486,65,2,,1805
3487,0,2,,1806
3488,29,4,,2676
3489,64,3,,2502
3490,48,6,,2810
3491,80,1,,588
3492,53,2,,1806
3493,81,3,,2502
3494,27,2,,1807
3495,45,1,,589
3496,26,2,,1807
3497,60,6,,2810
3498,66,3,,2502
3499,11,2,,1808
3500,59,2,,1808
3501,69,1,,590
3502,45,2,,1809
3503,89,2,,1809
3504,27,2,,1810
3505,68,3,,2503
3506,30,4,,2676
3507,65,1,,591
3508,20,6,,2810
3509,74,6,,2810
3510,45,2,,1810
3511,60,6,FINANCEINSURANCE,2810
3512,51,2,,1811
3513,76,2,,1811
3514,12,1,,592
3515,45,6,,2810
3516,61,2,,1812
3517,65,2,HEALTHCARE,1812
3518,60,6,,2811
3519,4,4,,2676
3520,52,4,,2676
3521,69,6,,2811
3522,14,1,,593
3523,54,2,,1813
3524,57,1,,594
3525,24,1,,595
3526,67,4,,2677
3527,79,3,,2503
3528,76,3,,2503
3529,73,2,,1813
3530,90,2,,1814
3531,35,1,,596
3532,9,2,,1814
3533,91,6,,2811
3534,63,2,,1815
3535,14,2,,1815
3536,57,2,,1816
3537,71,3,,2504
3538,69,2,,1816
3539,83,1,,597
3540,70,3,,2504
3541,44,2,,1817
3542,53,1,,598
3543,66,2,,1817
3544,60,2,,1818
3545,65,1,,599
3546,16,2,,1818
3547,28,3,,2504
3548,53,3,,2505
3549,51,1,,600
3550,66,2,,1819
3551,55,6,,2811
3552,67,2,,1819
3553,63,3,,2505
3554,77,1,,601
3555,77,2,,1820
3556,14,2,,1820
3557,78,3,,2505
3558,54,2,,1821
3559,25,1,,602
3560,64,2,,1821
3561,49,2,,1822
3562,12,2,,1822
3563,54,2,,1823
3564,60,2,,1823
3565,100,2,,1824
3566,71,2,,1824
3567,68,2,,1825
3568,72,3,,2506
3569,68,2,,1825
3570,28,4,,2677
3571,52,2,,1826
3572,59,2,,1826
3573,4,3,,2506
3574,59,4,,2677
3575,93,6,,2811
3576,84,1,,603
3577,75,6,,2811
3578,71,2,,1827
3579,37,1,,604
3580,81,3,,2506
3581,15,1,,605
3582,66,2,,1827
3583,79,3,,2507
3584,69,5,,2745
3585,54,4,,2677
3586,5,2,,1828
3587,64,2,HEALTHCARE,1828
3588,65,1,,606
3589,94,1,,607
3590,79,3,,2507
3591,94,1,,608
3592,54,4,,2678
3593,8,2,,1829
3594,13,5,,2745
3595,52,2,,1829
3596,70,2,,1830
3597,71,6,,2812
3598,63,2,HEALTHCARE,1830
3599,57,1,,609
3600,68,5,,2745
3601,75,3,,2507
3602,68,2,,1831
3603,79,4,,2678
3604,49,4,HEALTHCARE,2678
3605,19,3,,2508
3606,22,6,,2812
3607,79,1,,610
3608,1,1,,611
3609,61,2,,1831
3610,30,2,,1832
3611,57,3,,2508
3612,61,6,,2812
3613,75,2,,1832
3614,76,1,,612
3615,62,3,,2508
3616,42,2,,1833
3617,65,4,,2678
3618,71,1,,613
3619,24,5,,2746
3620,59,4,,2679
3621,57,5,,2746
3622,82,3,,2509
3623,64,5,,2746
3624,72,1,,614
3625,56,3,,2509
3626,45,1,HEALTHCARE,615
3627,88,1,,616
3628,16,3,,2509
3629,90,6,,2812
3630,79,1,,617
3631,77,3,,2510
3632,70,3,,2510
3633,79,2,,1833
3634,61,2,,1834
3635,47,2,,1834
3636,64,1,,618
3637,18,1,,619
3638,69,4,,2679
3639,44,2,,1835
3640,45,2,,1835
3641,54,2,,1836
3642,38,2,,1836
3643,67,4,,2679
3644,7,2,,1837
3645,68,2,,1837
3646,44,2,HEALTHCARE,1838
3647,16,1,,620
3648,16,1,,621
3649,53,2,,1838
3650,58,1,,622
3651,62,2,FINANCEINSURANCE,1839
3652,16,2,,1839
3653,17,2,,1840
3654,86,4,,2679
3655,0,1,,623
3656,100,3,,2510
3657,98,1,,624
3658,59,6,HEALTHCARE,2812
3659,59,2,,1840
3660,27,2,,1841
3661,45,3,,2511
3662,33,1,,625
3663,30,1,HEALTHCARE,626
3664,76,2,,1841
3665,66,2,,1842
3666,7,2,,1842
3667,68,5,,2746
3668,67,3,,2511
3669,62,2,,1843
3670,33,4,,2680
3671,6,2,,1843
3672,67,6,,2812
3673,60,2,,1844
3674,77,2,,1844
3675,25,2,,1845
3676,66,2,,1845
3677,99,5,,2746
3678,64,2,,1846
3679,23,1,,627
3680,42,2,,1846
3681,16,2,,1847
3682,63,2,,1847
3683,76,4,,2680
3684,54,3,,2511
3685,15,4,,2680
3686,68,4,,2680
3687,30,3,,2512
3688,38,2,,1848
3689,80,2,,1848
3690,65,2,,1849
3691,70,5,,2747
3692,70,3,,2512
3693,68,2,,1849
3694,79,2,,1850
3695,23,6,,2813
3696,19,1,,628
3697,72,2,,1850
3698,17,1,,629
3699,3,1,,630
3700,45,2,,1851
3701,70,2,,1851
3702,55,2,,1852
3703,57,2,,1852
3704,27,3,,2512
3705,58,1,,631
3706,57,3,,2513
3707,68,1,,632
3708,79,1,,633
3709,65,6,,2813
3710,0,5,,2747
3711,84,6,,2813
3712,74,5,,2747
3713,77,2,,1853
3714,67,2,,1853
3715,74,1,,634
3716,14,1,,635
3717,8,3,,2513
3718,67,2,,1854
3719,56,2,,1854
3720,61,4,HEALTHCARE,2681
3721,48,2,HEALTHCARE,1855
3722,10,2,,1855
3723,22,2,,1856
3724,64,2,,1856
3725,33,3,FINANCEINSURANCE,2513
3726,64,1,,636
3727,49,2,,1857
3728,99,2,,1857
3729,79,2,,1858
3730,78,2,,1858
3731,47,1,,637
3732,64,1,FINANCEINSURANCE,638
3733,77,1,,639
3734,64,3,,2514
3735,68,2,,1859
3736,42,2,,1859
3737,55,6,,2813
3738,15,1,,640
3739,78,1,,641
3740,28,3,,2514
3741,15,2,,1860
3742,51,2,,1860
3743,30,2,,1861
3744,78,2,,1861
3745,71,2,,1862
3746,50,3,,2514
3747,67,4,,2681
3748,57,3,,2515
3749,7,2,,1862
3750,80,2,,1863
3751,26,2,HEALTHCARE,1863
3752,66,3,,2515
3753,60,1,,642
3754,47,3,,2515
3755,39,1,,643
3756,12,3,,2516
3757,61,2,,1864
3758,79,2,,1864
3759,41,6,,2813
3760,78,1,,644
3761,12,3,,2516
3762,65,1,HEALTHCARE,645
3763,63,2,,1865
3764,19,2,,1865
3765,51,2,,1866
3766,77,2,,1866
3767,74,3,,2516
3768,53,2,,1867
3769,56,2,FINANCEINSURANCE,1867
3770,73,1,,646
3771,71,2,,1868
3772,60,2,,1868
3773,4,2,,1869
3774,28,2,,1869
3775,26,3,,2517
3776,85,5,,2747
3777,18,4,,2681
3778,66,3,,2517
3779,67,2,,1870
3780,62,5,,2747
3781,60,5,,2748
3782,75,2,,1870
3783,64,2,,1871
3784,35,2,REALESTATERENTAL,1871
3785,50,2,,1872
3786,65,3,,2517
3787,60,2,,1872
3788,21,2,,1873
3789,94,6,,2813
3790,73,6,,2814
3791,96,4,,2681
3792,45,2,,1873
3793,44,1,,647
3794,69,1,,648
3795,70,2,,1874
3796,67,3,,2518
3797,78,2,,1874
3798,56,5,,2748
3799,53,2,,1875
3800,10,2,,1875
3801,70,2,,1876
3802,65,2,,1876
3803,63,2,,1877
3804,59,3,,2518
3805,55,2,,1877
3806,97,2,,1878
3807,37,2,,1878
3808,71,2,,1879
3809,69,3,,2518
3810,72,5,,2748
3811,21,5,,2748
3812,65,3,,2519
3813,58,2,,1879
3814,34,2,OTHER,1880
3815,2,2,,1880
3816,63,2,,1881
3817,29,2,,1881
3818,61,2,,1882
3819,54,2,HEALTHCARE,1882
3820,57,2,,1883
3821,60,6,,2814
3822,52,3,,2519
3823,74,2,,1883
3824,55,1,,649
3825,61,2,,1884
3826,39,6,,2814
3827,67,2,,1884
3828,72,3,,2519
3829,65,2,,1885
3830,59,4,,2682
3831,58,2,,1885
3832,70,2,,1886
3833,67,2,,1886
3834,51,4,HEALTHCARE,2682
3835,63,2,,1887
3836,63,3,,2520
3837,47,2,,1887
3838,44,1,,650
3839,92,2,,1888
3840,10,2,,1888
3841,32,2,,1889
3842,55,2,,1889
3843,43,1,,651
3844,50,5,,2748
3845,49,2,,1890
3846,48,3,,2520
3847,59,2,HEALTHCARE,1890
3848,63,4,,2682
3849,75,2,,1891
3850,61,2,,1891
3851,63,1,,652
3852,72,4,,2682
3853,67,2,,1892
3854,38,2,,1892
3855,18,2,,1893
3856,0,2,,1893
3857,64,2,,1894
3858,79,2,,1894
3859,56,2,,1895
3860,8,3,,2520
3861,58,5,,2749
3862,59,3,,2521
3863,66,3,,2521
3864,50,3,,2521
3865,34,1,,653
3866,10,3,,2522
3867,61,5,HEALTHCARE,2749
3868,69,4,,2683
3869,52,2,,1895
3870,68,4,,2683
3871,42,4,,2683
3872,63,1,,654
3873,19,5,,2749
3874,68,6,,2814
3875,17,2,,1896
3876,68,5,,2749
3877,13,2,,1896
3878,64,2,,1897
3879,55,5,,2749
3880,80,1,,655
3881,11,1,,656
3882,62,3,,2522
3883,79,3,,2522
3884,55,2,,1897
3885,66,2,,1898
3886,11,1,,657
3887,73,2,,1898
3888,13,1,,658
3889,59,2,,1899
3890,42,2,,1899
3891,64,2,,1900
3892,81,1,,659
3893,72,4,,2683
3894,46,2,FINANCEINSURANCE,1900
3895,79,3,,2523
3896,98,2,,1901
3897,44,4,,2684
3898,63,6,HEALTHCARE,2814
3899,19,5,,2750
3900,59,2,,1901
3901,76,2,,1902
3902,19,2,,1902
3903,61,2,,1903
3904,47,1,,660
3905,22,5,,2750
3906,66,1,,661
3907,61,2,,1903
3908,68,2,,1904
3909,40,2,,1904
3910,71,2,,1905
3911,3,2,,1905
3912,69,4,,2684
3913,53,2,,1906
3914,36,2,,1906
3915,79,2,,1907
3916,0,1,,662
3917,19,4,,2684
3918,2,6,,2814
3919,56,2,,1907
3920,99,3,,2523
3921,92,2,,1908
3922,77,1,,663
3923,52,2,,1908
3924,51,4,,2684
3925,77,2,,1909
3926,82,2,,1909
3927,19,2,,1910
3928,58,2,,1910
3929,32,2,,1911
3930,43,2,,1911
3931,58,2,,1912
3932,16,2,,1912
3933,43,2,,1913
3934,63,2,,1913
3935,10,2,,1914
3936,76,1,,664
3937,63,2,,1914
3938,63,4,,2685
3939,1,3,,2523
3940,91,2,,1915
3941,15,1,,665
3942,64,2,,1915
3943,11,2,,1916
3944,24,1,,666
3945,19,2,,1916
3946,19,2,,1917
3947,64,2,,1917
3948,95,2,,1918
3949,71,2,,1918
3950,17,2,,1919
3951,64,3,,2524
3952,69,3,,2524
3953,59,5,,2750
3954,65,2,OTHER,1919
3955,76,2,,1920
3956,90,3,,2524
3957,71,5,,2750
3958,64,4,,2685
3959,48,1,,667
3960,15,2,,1920
3961,6,2,,1921
3962,61,2,HEALTHCARE,1921
3963,67,3,,2525
3964,58,2,,1922
3965,24,6,,2815
3966,59,4,,2685
3967,79,1,,668
3968,45,5,,2750
3969,63,3,,2525
3970,39,2,,1922
3971,56,3,,2525
3972,55,2,,1923
3973,16,2,,1923
3974,53,2,,1924
3975,73,2,,1924
3976,8,2,,1925
3977,45,3,,2526
3978,26,2,,1925
3979,35,2,,1926
3980,22,1,,669
3981,72,2,,1926
3982,62,5,,2751
3983,33,2,,1927
3984,66,4,,2685
3985,77,2,,1927
3986,64,2,,1928
3987,97,1,,670
3988,85,2,,1928
3989,20,2,,1929
3990,0,6,,2815
3991,69,1,,671
3992,66,2,,1929
3993,50,4,,2686
3994,89,1,,672
3995,59,6,,2815
3996,23,2,HEALTHCARE,1930
3997,48,2,,1930
3998,58,2,,1931
3999,32,2,,1931
4000,52,4,,2686
4001,67,2,,1932
4002,75,2,,1932
4003,56,2,,1933
4004,61,1,,673
4005,69,2,,1933
4006,48,2,,1934
4007,54,2,,1934
4008,68,1,,674
4009,66,4,,2686
4010,50,1,,675
4011,87,4,,2686
4012,33,2,,1935
4013,58,2,,1935
4014,82,2,,1936
4015,74,2,,1936
4016,88,2,,1937
4017,47,3,,2526
4018,48,2,,1937
4019,19,2,,1938
4020,77,5,,2751
4021,48,2,,1938
4022,53,2,,1939
4023,62,2,,1939
4024,51,5,,2751
4025,35,2,,1940
4026,21,1,,676
4027,51,1,,677
4028,12,2,,1940
4029,82,2,,1941
4030,70,1,,678
4031,66,2,,1941
4032,11,2,,1942
4033,20,2,,1942
4034,43,3,,2526
4035,78,2,,1943
4036,94,2,,1943
4037,71,1,,679
4038,12,6,,2815
4039,21,1,,680
4040,39,1,HEALTHCARE,681
4041,71,2,,1944
4042,64,2,,1944
4043,25,4,,2687
4044,49,3,,2527
4045,62,3,OTHER,2527
4046,91,2,,1945
4047,50,3,,2527
4048,66,2,,1945
4049,54,2,,1946
4050,10,2,,1946
4051,64,4,,2687
4052,100,2,,1947
4053,63,1,,682
4054,76,2,,1947
4055,7,2,,1948
4056,62,1,,683
4057,0,4,,2687
4058,65,2,,1948
4059,69,4,,2687
4060,98,2,,1949
4061,63,2,,1949
4062,99,2,,1950
4063,68,3,,2528
4064,65,5,,2751
4065,79,2,,1950
4066,12,2,,1951
4067,72,3,,2528
4068,26,1,,684
4069,72,3,,2528
4070,74,1,,685
4071,73,3,,2529
4072,67,3,,2529
4073,63,1,,686
4074,2,4,,2688
4075,58,1,,687
4076,24,1,,688
4077,33,4,,2688
4078,65,1,,689
4079,81,5,,2751
4080,63,3,,2529
4081,50,3,,2530
4082,6,4,,2688
4083,48,3,,2530
4084,32,3,,2530
4085,77,3,,2531
4086,35,2,,1951
4087,56,4,,2688
4088,52,1,,690
4089,90,2,,1952
4090,23,2,,1952
4091,67,1,,691
4092,53,2,,1953
4093,86,2,,1953
4094,50,3,,2531
4095,32,2,,1954
4096,3,6,,2815
4097,20,3,,2531
4098,82,2,,1954
4099,81,1,,692
4100,56,4,,2689
4101,90,3,,2532
4102,55,3,,2532
4103,64,5,,2752
4104,33,2,,1955
4105,10,2,,1955
4106,17,6,,2815
4107,81,2,,1956
4108,71,3,,2532
4109,70,1,,693
4110,3,2,,1956
4111,12,2,,1957
4112,8,2,,1957
4113,47,2,,1958
4114,40,3,,2533
4115,65,2,HEALTHCARE,1958
4116,64,6,HEALTHCARE,2816
4117,66,1,,694
4118,76,3,,2533
4119,76,2,,1959
4120,72,2,,1959
4121,15,2,,1960
4122,74,2,,1960
4123,78,2,,1961
4124,34,1,,695
4125,58,3,,2533
4126,18,2,,1961
4127,42,2,,1962
4128,52,1,,696
4129,31,4,,2689
4130,35,2,,1962
4131,79,2,,1963
4132,39,1,,697
4133,33,2,,1963
4134,37,2,,1964
4135,39,1,,698
4136,70,2,,1964
4137,79,2,,1965
4138,63,3,,2534
4139,58,1,,699
4140,64,2,,1965
4141,64,3,,2534
4142,59,1,HEALTHCARE,700
4143,71,2,,1966
4144,50,2,,1966
4145,59,3,,2534
4146,75,2,,1967
4147,78,2,,1967
4148,80,3,,2535
4149,76,3,,2535
4150,98,2,,1968
4151,63,2,,1968
4152,65,2,,1969
4153,49,1,,701
4154,65,2,,1969
4155,51,2,,1970
4156,66,2,,1970
4157,75,5,,2752
4158,77,2,,1971
4159,72,3,,2535
4160,13,4,,2689
4161,55,2,,1971
4162,100,2,,1972
4163,44,2,FINANCEINSURANCE,1972
4164,40,1,,702
4165,51,3,,2536
4166,97,6,,2816
4167,55,6,,2816
4168,17,2,,1973
4169,7,2,,1973
4170,61,6,,2816
4171,30,1,HEALTHCARE,703
4172,20,2,,1974
4173,94,1,,704
4174,41,5,FINANCEINSURANCE,2752
4175,51,3,,2536
4176,68,2,,1974
4177,39,4,,2689
4178,70,2,,1975
4179,50,2,,1975
4180,97,4,,2690
4181,98,5,,2752
4182,62,2,,1976
4183,9,2,,1976
4184,57,2,,1977
4185,40,1,,705
4186,61,2,,1977
4187,63,2,,1978
4188,51,2,,1978
4189,15,1,,706
4190,96,6,,2816
4191,93,5,,2752
4192,51,3,,2536
4193,67,2,,1979
4194,66,2,,1979
4195,52,2,,1980
4196,58,2,,1980
4197,37,2,,1981
4198,95,2,,1981
4199,30,3,,2537
4200,60,2,,1982
4201,74,1,,707
4202,52,2,,1982
4203,67,6,,2816
4204,70,2,,1983
4205,67,3,,2537
4206,75,2,,1983
4207,78,2,,1984
4208,37,1,,708
4209,44,3,HEALTHCARE,2537
4210,74,1,,709
4211,60,4,,2690
4212,55,1,,710
4213,55,4,,2690
4214,71,2,,1984
4215,61,3,,2538
4216,27,3,,2538
4217,29,3,,2538
4218,79,2,,1985
4219,39,6,,2817
4220,54,2,,1985
4221,55,2,,1986
4222,51,5,,2753
4223,67,3,,2539
4224,30,5,,2753
4225,41,4,,2690
4226,1,2,,1986
4227,37,5,,2753
4228,58,1,,711
4229,70,2,,1987
4230,74,3,,2539
4231,64,1,,712
4232,68,2,,1987
4233,64,3,,2539
4234,73,2,,1988
4235,19,2,,1988
4236,14,4,,2691
4237,7,1,,713
4238,72,2,,1989
4239,20,2,,1989
4240,75,2,,1990
4241,97,2,,1990
4242,1,1,,714
4243,7,2,,1991
4244,60,2,,1991
4245,22,4,,2691
4246,56,2,,1992
4247,53,2,,1992
4248,51,2,,1993
4249,62,6,,2817
4250,25,2,,1993
4251,64,2,,1994
4252,15,2,,1994
4253,63,6,,2817
4254,41,2,,1995
4255,70,2,,1995
4256,49,2,,1996
4257,61,3,,2540
4258,75,2,,1996
4259,61,5,,2753
4260,16,3,,2540
4261,55,3,,2540
4262,72,2,,1997
4263,53,2,,1997
4264,68,2,,1998
4265,99,2,,1998
4266,35,4,,2691
4267,52,2,,1999
4268,58,2,,1999
4269,63,2,,2000
4270,63,2,,2000
4271,50,1,,715
4272,57,2,,2001
4273,61,2,,2001
4274,67,2,,2002
4275,61,1,,716
4276,66,2,,2002
4277,22,2,,2003
4278,16,6,,2817
4279,27,2,,2003
4280,4,1,,717
4281,63,1,,718
4282,61,4,,2691
4283,46,2,,2004
4284,9,2,,2004
4285,60,3,,2541
4286,100,1,,719
4287,42,3,,2541
4288,57,1,FINANCEINSURANCE,720
4289,50,1,,721
4290,18,2,,2005
4291,17,1,,722
4292,40,1,,723
4293,35,1,,724
4294,53,2,,2005
4295,67,4,,2692
4296,7,2,,2006
4297,75,1,,725
4298,68,2,,2006
4299,13,1,,726
4300,77,2,,2007
4301,68,1,,727
4302,53,1,HEALTHCARE,728
4303,18,2,,2007
4304,22,3,,2541
4305,77,2,,2008
4306,12,3,,2542
4307,59,2,,2008
4308,52,2,,2009
4309,57,2,,2009
4310,61,4,,2692
4311,12,3,,2542
4312,32,3,HEALTHCARE,2542
4313,47,1,OTHER,729
4314,46,1,,730
4315,50,2,,2010
4316,25,3,,2543
4317,40,1,,731
4318,30,4,,2692
4319,78,2,,2010
4320,52,2,,2011
4321,74,4,,2692
4322,75,1,,732
4323,75,3,,2543
4324,58,1,,733
4325,25,1,,734
4326,23,3,,2543
4327,53,2,,2011
4328,79,2,,2012
4329,61,2,,2012
4330,58,2,,2013
4331,67,2,,2013
4332,17,3,,2544
4333,76,2,,2014
4334,57,2,,2014
4335,8,2,,2015
4336,40,2,,2015
4337,15,2,,2016
4338,40,5,,2753
4339,70,2,,2016
4340,52,4,,2693
4341,64,2,HEALTHCARE,2017
4342,78,3,,2544
4343,69,5,,2754
4344,8,4,,2693
4345,26,2,,2017
4346,85,2,,2018
4347,69,2,,2018
4348,52,5,,2754
4349,33,2,FINANCEINSURANCE,2019
4350,66,2,,2019
4351,35,2,HEALTHCARE,2020
4352,31,6,HEALTHCARE,2817
4353,28,1,,735
4354,55,1,,736
4355,44,1,,737
4356,11,1,,738
4357,66,2,,2020
4358,34,2,,2021
4359,83,3,,2544
4360,79,3,,2545
4361,58,2,,2021
4362,28,1,,739
4363,56,1,,740
4364,70,2,,2022
4365,23,2,,2022
4366,71,2,,2023
4367,12,2,,2023
4368,68,1,,741
4369,71,2,,2024
4370,55,1,,742
4371,45,3,,2545
4372,85,6,,2817
4373,5,2,,2024
4374,67,3,,2545
4375,5,1,,743
4376,57,4,,2693
4377,25,3,,2546
4378,63,3,,2546
4379,75,5,,2754
4380,73,2,,2025
4381,75,3,,2546
4382,78,2,,2025
4383,53,5,,2754
4384,37,4,,2693
4385,65,2,,2026
4386,1,4,,2694
4387,66,5,,2754
4388,51,2,,2026
4389,95,2,,2027
4390,78,3,,2547
4391,73,2,,2027
4392,77,3,,2547
4393,29,2,,2028
4394,96,1,,744
4395,20,3,,2547
4396,78,2,,2028
4397,41,4,,2694
4398,53,1,,745
4399,77,2,,2029
4400,53,2,,2029
4401,4,2,,2030
4402,65,3,,2548
4403,50,6,,2818
4404,77,1,,746
4405,79,1,,747
4406,69,2,,2030
4407,5,2,,2031
4408,17,2,,2031
4409,60,2,,2032
4410,57,3,,2548
4411,47,1,,748
4412,21,1,,749
4413,88,1,,750
4414,73,2,,2032
4415,14,2,,2033
4416,64,2,,2033
4417,66,2,,2034
4418,51,2,,2034
4419,59,1,,751
4420,71,3,,2548
4421,60,6,,2818
4422,13,2,,2035
4423,63,1,,752
4424,77,1,,753
4425,36,2,FINANCEINSURANCE,2035
4426,61,4,HEALTHCARE,2694
4427,11,2,,2036
4428,79,1,,754
4429,70,2,,2036
4430,79,4,,2694
4431,96,2,,2037
4432,45,2,,2037
4433,19,3,,2549
4434,12,2,,2038
4435,71,2,,2038
4436,52,4,FINANCEINSURANCE,2695
4437,78,2,,2039
4438,17,2,,2039
4439,27,2,,2040
4440,34,1,,755
4441,35,4,,2695
4442,67,4,,2695
4443,77,2,,2040
4444,93,2,,2041
4445,41,3,,2549
4446,61,2,,2041
4447,23,2,,2042
4448,60,4,,2695
4449,71,2,,2042
4450,74,2,,2043
4451,86,2,,2043
4452,66,2,,2044
4453,2,2,,2044
4454,66,2,,2045
4455,69,2,,2045
4456,65,2,,2046
4457,51,2,,2046
4458,68,1,,756
4459,15,2,,2047
4460,51,2,,2047
4461,19,3,,2549
4462,64,2,HEALTHCARE,2048
4463,32,2,,2048
4464,71,3,,2550
4465,63,1,,757
4466,4,2,,2049
4467,71,1,,758
4468,12,4,,2696
4469,46,3,FINANCEINSURANCE,2550
4470,54,6,,2818
4471,100,6,,2818
4472,49,6,,2818
4473,60,2,,2049
4474,86,3,,2550
4475,64,5,,2755
4476,29,3,,2551
4477,70,1,,759
4478,82,3,,2551
4479,61,1,,760
4480,36,2,,2050
4481,19,3,,2551
4482,6,6,,2818
4483,51,2,,2050
4484,47,1,,761
4485,23,2,,2051
4486,73,2,,2051
4487,55,2,,2052
4488,33,5,,2755
4489,51,4,,2696
4490,2,4,,2696
4491,56,1,,762
4492,25,2,,2052
4493,70,3,,2552
4494,62,2,,2053
4495,47,2,HEALTHCARE,2053
4496,60,2,,2054
4497,67,2,,2054
4498,66,3,,2552
4499,51,2,,2055
4500,61,5,,2755
4501,16,2,,2055
4502,17,4,,2696
4503,49,4,,2697
4504,73,2,,2056
4505,64,6,FINANCEINSURANCE,2819
4506,90,2,,2056
4507,71,1,,763
4508,58,2,,2057
4509,34,2,,2057
4510,83,1,,764
4511,74,3,,2552
4512,51,2,,2058
4513,64,2,,2058
4514,37,2,,2059
4515,54,4,,2697
4516,46,2,,2059
4517,54,6,,2819
4518,55,1,,765
4519,32,2,,2060
4520,61,3,,2553
4521,55,2,,2060
4522,72,2,,2061
4523,18,5,,2755
4524,85,2,,2061
4525,39,2,,2062
4526,15,2,,2062
4527,21,5,HEALTHCARE,2755
4528,87,1,,766
4529,59,6,,2819
4530,64,2,HEALTHCARE,2063
4531,11,6,,2819
4532,58,2,,2063
4533,23,2,HEALTHCARE,2064
4534,16,2,,2064
4535,60,1,,767
4536,61,2,,2065
4537,51,2,HEALTHCARE,2065
4538,86,1,,768
4539,74,1,,769
4540,52,1,,770
4541,60,2,,2066
4542,51,2,HEALTHCARE,2066
4543,40,1,,771
4544,64,2,,2067
4545,56,2,,2067
4546,69,2,,2068
4547,55,2,,2068
4548,74,1,,772
4549,65,2,HEALTHCARE,2069
4550,57,1,,773
4551,62,4,,2697
4552,53,4,,2697
4553,1,2,,2069
4554,54,6,,2819
4555,66,2,,2070
4556,47,1,,774
4557,37,3,,2553
4558,71,1,,775
4559,79,2,,2070
4560,80,2,,2071
4561,15,2,,2071
4562,32,3,,2553
4563,94,3,,2554
4564,72,2,,2072
4565,57,2,,2072
4566,68,2,,2073
4567,50,2,,2073
4568,66,2,,2074
4569,75,2,,2074
4570,85,2,,2075
4571,61,1,,776
4572,72,2,,2075
4573,1,2,,2076
4574,33,2,,2076
4575,70,2,,2077
4576,60,2,HEALTHCARE,2077
4577,51,3,HEALTHCARE,2554
4578,47,2,,2078
4579,68,3,,2554
4580,78,1,,777
4581,48,2,,2078
4582,54,2,,2079
4583,33,2,,2079
4584,62,2,,2080
4585,95,2,,2080
4586,55,2,,2081
4587,79,1,,778
4588,36,6,,2819
4589,52,2,,2081
4590,63,2,FINANCEINSURANCE,2082
4591,26,1,,779
4592,42,2,,2082
4593,64,4,,2698
4594,55,2,,2083
4595,61,4,,2698
4596,59,1,,780
4597,61,6,,2820
4598,44,2,,2083
4599,49,1,,781
4600,59,1,,782
4601,64,3,,2555
4602,51,4,,2698
4603,67,1,,783
4604,8,2,,2084
4605,4,1,,784
4606,64,2,,2084
4607,67,2,,2085
4608,47,2,,2085
4609,84,1,,785
4610,28,3,,2555
4611,100,2,,2086
4612,61,3,,2555
4613,15,2,,2086
4614,37,2,,2087
4615,74,3,,2556
4616,1,2,,2087
4617,60,2,,2088
4618,67,1,,786
4619,43,2,,2088
4620,55,2,FINANCEINSURANCE,2089
4621,54,3,,2556
4622,68,3,,2556
4623,11,2,,2089
4624,89,3,,2557
4625,2,6,,2820
4626,55,2,,2090
4627,56,1,,787
4628,60,2,,2090
4629,47,2,,2091
4630,92,2,,2091
4631,53,6,,2820
4632,66,2,,2092
4633,52,2,HEALTHCARE,2092
4634,69,4,,2698
4635,81,2,,2093
4636,93,3,,2557
4637,82,1,,788
4638,64,6,,2820
4639,22,2,,2093
4640,78,2,,2094
4641,4,2,,2094
4642,4,2,,2095
4643,52,3,,2557
4644,60,1,,789
4645,65,2,,2095
4646,5,2,,2096
4647,57,4,,2699
4648,70,1,,790
4649,1,1,,791
4650,66,2,,2096
4651,76,2,,2097
4652,73,3,,2558
4653,56,2,,2097
4654,9,1,,792
4655,84,3,,2558
4656,39,5,,2756
4657,76,2,,2098
4658,60,6,,2820
4659,36,1,,793
4660,15,1,,794
4661,57,1,,795
4662,35,4,,2699
4663,37,2,,2098
4664,68,2,,2099
4665,30,1,,796
4666,30,1,,797
4667,21,1,,798
4668,73,1,,799
4669,52,2,,2099
4670,42,2,,2100
4671,39,2,,2100
4672,60,2,,2101
4673,62,2,,2101
4674,71,2,,2102
4675,53,5,,2756
4676,35,2,,2102
4677,79,2,,2103
4678,62,1,,800
4679,96,2,,2103
4680,79,1,,801
4681,53,2,,2104
4682,48,3,,2558
4683,92,2,,2104
4684,79,2,,2105
4685,54,1,,802
4686,62,2,HEALTHCARE,2105
4687,52,6,,2820
4688,64,2,HEALTHCARE,2106
4689,62,2,,2106
4690,14,2,,2107
4691,17,3,,2559
4692,67,1,,803
4693,10,2,,2107
4694,47,1,,804
4695,7,2,,2108
4696,50,2,,2108
4697,77,4,,2699
4698,51,2,,2109
4699,92,1,,805
4700,71,2,,2109
4701,10,3,,2559
4702,61,5,,2756
4703,41,2,,2110
4704,95,2,,2110
4705,63,5,,2756
4706,44,1,,806
4707,6,1,,807
4708,70,2,,2111
4709,37,2,,2111
4710,54,2,,2112
4711,36,3,,2559
4712,75,1,,808
4713,17,2,,2112
4714,65,5,,2756
4715,9,2,,2113
4716,19,5,,2757
4717,81,5,,2757
4718,59,6,,2821
4719,62,1,,809
4720,52,2,,2113
4721,68,1,,810
4722,56,2,,2114
4723,49,6,HEALTHCARE,2821
4724,94,2,,2114
4725,58,2,,2115
4726,30,2,,2115
4727,25,2,,2116
4728,36,1,,811
4729,67,1,,812
4730,66,1,,813
4731,71,2,,2116
4732,53,4,,2699
4733,69,5,,2757
4734,64,2,,2117
4735,76,3,,2560
4736,97,2,,2117
4737,27,2,HEALTHCARE,2118
4738,91,1,,814
4739,76,1,,815
4740,63,1,,816
4741,86,2,,2118
4742,8,3,,2560
4743,34,1,FINANCEINSURANCE,817
4744,67,5,,2757
4745,9,2,,2119
4746,70,6,,2821
4747,28,1,,818
4748,65,2,,2119
4749,13,1,,819
4750,85,2,,2120
4751,26,2,,2120
4752,71,2,,2121
4753,13,3,,2560
4754,45,2,,2121
4755,71,1,,820
4756,27,2,,2122
4757,43,1,,821
4758,12,2,,2122
4759,48,2,,2123
4760,37,1,,822
4761,13,2,,2123
4762,57,2,,2124
4763,61,6,,2821
4764,66,3,,2561
4765,10,2,,2124
4766,52,2,,2125
4767,61,2,,2125
4768,63,1,,823
4769,48,4,,2700
4770,61,2,,2126
4771,16,2,,2126
4772,64,1,,824
4773,58,2,,2127
4774,11,1,,825
4775,56,3,,2561
4776,55,2,,2127
4777,29,1,,826
4778,16,2,,2128
4779,8,3,,2561
4780,95,2,,2128
4781,80,3,,2562
4782,74,2,,2129
4783,66,2,,2129
4784,76,3,,2562
4785,25,1,,827
4786,3,2,,2130
4787,52,2,,2130
4788,65,3,HEALTHCARE,2562
4789,53,2,HEALTHCARE,2131
4790,67,2,,2131
4791,79,6,,2821
4792,40,2,,2132
4793,14,5,,2757
4794,31,2,,2132
4795,72,3,,2563
4796,61,4,,2700
4797,51,6,,2821
4798,65,2,,2133
4799,48,2,,2133
4800,21,2,,2134
4801,40,3,,2563
4802,69,3,,2563
4803,97,2,,2134
4804,30,4,,2700
4805,99,2,,2135
4806,64,2,,2135
4807,19,2,,2136
4808,37,2,,2136
4809,22,2,REALESTATERENTAL,2137
4810,14,2,,2137
4811,69,1,,828
4812,73,4,,2700
4813,97,2,,2138
4814,69,6,,2822
4815,7,2,,2138
4816,17,2,,2139
4817,57,1,,829
4818,59,5,,2758
4819,59,2,,2139
4820,52,1,,830
4821,28,3,,2564
4822,51,2,,2140
4823,61,3,HEALTHCARE,2564
4824,10,2,,2140
4825,72,2,,2141
4826,51,2,,2141
4827,34,2,,2142
4828,58,2,,2142
4829,22,2,,2143
4830,74,2,,2143
4831,78,4,,2701
4832,74,2,,2144
4833,16,2,,2144
4834,60,4,,2701
4835,75,3,,2564
4836,63,1,HEALTHCARE,831
4837,77,2,,2145
4838,11,2,,2145
4839,68,1,,832
4840,93,4,,2701
4841,62,2,,2146
4842,67,2,,2146
4843,58,2,,2147
4844,12,2,,2147
4845,58,1,,833
4846,69,3,,2565
4847,16,2,,2148
4848,51,2,,2148
4849,34,2,,2149
4850,72,3,,2565
4851,69,3,,2565
4852,76,2,,2149
4853,70,2,,2150
4854,0,3,,2566
4855,60,2,,2150
4856,57,3,,2566
4857,43,2,,2151
4858,40,2,,2151
4859,77,1,,834
4860,80,2,,2152
4861,50,2,,2152
4862,46,2,,2153
4863,78,6,,2822
4864,67,6,,2822
4865,14,2,,2153
4866,8,6,,2822
4867,63,2,,2154
4868,71,2,,2154
4869,58,1,,835
4870,5,3,,2566
4871,77,3,,2567
4872,8,3,,2567
4873,26,2,,2155
4874,60,2,,2155
4875,53,2,,2156
4876,57,2,,2156
4877,25,3,,2567
4878,37,1,,836
4879,79,5,,2758
4880,58,2,,2157
4881,71,2,,2157
4882,83,2,,2158
4883,53,2,HEALTHCARE,2158
4884,74,6,,2822
4885,67,1,,837
4886,64,2,,2159
4887,32,3,,2568
4888,77,3,,2568
4889,68,2,,2159
4890,17,1,,838
4891,74,2,,2160
4892,68,2,,2160
4893,64,2,,2161
4894,49,2,,2161
4895,65,5,,2758
4896,44,6,,2822
4897,79,2,,2162
4898,65,4,,2701
4899,18,2,,2162
4900,50,2,,2163
4901,55,1,,839
4902,71,2,,2163
4903,50,2,,2164
4904,52,3,,2568
4905,62,1,,840
4906,40,2,,2164
4907,9,2,,2165
4908,69,2,,2165
4909,67,2,,2166
4910,42,2,,2166
4911,34,3,,2569
4912,52,4,HEALTHCARE,2702
4913,22,2,,2167
4914,48,3,,2569
4915,22,2,,2167
4916,70,3,,2569
4917,18,3,,2570
4918,92,2,,2168
4919,73,1,,841
4920,35,1,,842
4921,4,1,,843
4922,48,1,FINANCEINSURANCE,844
4923,54,2,,2168
4924,41,2,,2169
4925,50,2,,2169
4926,67,2,,2170
4927,4,4,,2702
4928,11,3,,2570
4929,64,2,,2170
4930,19,4,,2702
4931,62,2,,2171
4932,66,2,,2171
4933,63,3,,2570
4934,79,2,,2172
4935,31,3,,2571
4936,61,1,,845
4937,51,2,,2172
4938,58,2,,2173
4939,42,3,,2571
4940,66,6,,2823
4941,38,3,,2571
4942,23,1,,846
4943,15,2,,2173
4944,71,2,,2174
4945,67,1,,847
4946,50,6,,2823
4947,82,2,,2174
4948,37,1,,848
4949,60,2,,2175
4950,13,2,,2175
4951,98,2,,2176
4952,58,2,HEALTHCARE,2176
4953,13,1,,849
4954,62,6,,2823
4955,20,1,,850
4956,37,5,,2758
4957,58,4,,2702
4958,60,2,,2177
4959,87,3,,2572
4960,68,1,,851
4961,79,6,,2823
4962,64,3,HEALTHCARE,2572
4963,37,2,,2177
4964,23,1,,852
4965,76,2,,2178
4966,29,1,,853
4967,59,2,FINANCEINSURANCE,2178
4968,29,2,HEALTHCARE,2179
4969,28,3,,2572
4970,74,2,,2179
4971,51,2,,2180
4972,67,2,,2180
4973,16,2,,2181
4974,80,2,,2181
4975,65,3,,2573
4976,30,6,OTHER,2823
4977,57,4,,2703
4978,64,2,,2182
4979,3,2,,2182
4980,53,6,,2823
4981,61,4,,2703
4982,64,5,,2758
4983,43,2,,2183
4984,21,2,,2183
4985,61,3,,2573
4986,55,3,,2573
4987,69,2,,2184
4988,51,1,,854
4989,59,4,,2703
4990,73,2,,2184
4991,33,3,,2574
4992,15,4,,2703
4993,75,2,,2185
4994,79,4,,2704
4995,19,3,,2574
4996,60,2,,2185
4997,3,2,,2186
4998,27,3,,2574
4999,82,2,,2186
5000,29,1,,855
5001,78,2,,2187
5002,44,1,HEALTHCARE,856
5003,48,2,,2187
5004,77,5,,2759
5005,40,2,,2188
5006,27,2,,2188
5007,68,1,,857
5008,68,1,,858
5009,55,1,,859
5010,20,1,,860
5011,71,3,,2575
5012,58,5,,2759
5013,93,1,,861
5014,81,5,,2759
5015,47,2,,2189
5016,21,1,,862
5017,59,2,HEALTHCARE,2189
5018,73,2,,2190
5019,65,3,,2575
5020,67,3,,2575
5021,60,2,,2190
5022,74,4,,2704
5023,27,2,,2191
5024,61,2,,2191
5025,30,1,,863
5026,70,5,,2759
5027,3,2,,2192
5028,99,2,,2192
5029,66,5,,2759
5030,70,2,,2193
5031,6,2,,2193
5032,69,2,,2194
5033,9,3,,2576
5034,34,2,,2194
5035,50,1,HEALTHCARE,864
5036,64,2,,2195
5037,65,4,,2704
5038,74,3,,2576
5039,7,2,,2195
5040,62,1,HEALTHCARE,865
5041,32,2,OTHER,2196
5042,91,2,,2196
5043,50,2,,2197
5044,66,6,,2824
5045,16,1,,866
5046,75,2,,2197
5047,19,3,HEALTHCARE,2576
5048,60,2,HEALTHCARE,2198
5049,49,3,,2577
5050,50,2,,2198
5051,85,6,,2824
5052,96,5,,2760
5053,100,2,,2199
5054,97,4,,2704
5055,71,2,,2199
5056,37,5,,2760
5057,39,3,,2577
5058,43,1,,867
5059,71,2,,2200
5060,72,2,,2200
5061,22,3,,2577
5062,72,2,,2201
5063,11,5,,2760
5064,68,2,,2201
5065,9,2,,2202
5066,66,2,,2202
5067,64,1,,868
5068,88,4,,2705
5069,79,2,,2203
5070,71,2,,2203
5071,56,2,,2204
5072,50,2,,2204
5073,80,2,,2205
5074,62,2,,2205
5075,73,1,,869
5076,46,2,,2206
5077,97,2,,2206
5078,59,2,,2207
5079,12,1,,870
5080,47,2,,2207
5081,84,2,,2208
5082,77,2,,2208
5083,70,1,,871
5084,6,4,,2705
5085,71,5,,2760
5086,63,6,,2824
5087,25,6,,2824
5088,26,2,,2209
5089,60,2,FINANCEINSURANCE,2209
5090,61,4,,2705
5091,31,3,,2578
5092,72,2,,2210
5093,89,2,,2210
5094,68,2,,2211
5095,71,3,,2578
5096,65,2,,2211
5097,70,1,,872
5098,90,3,,2578
5099,62,2,,2212
5100,20,3,,2579
5101,30,2,,2212
5102,30,2,,2213
5103,3,3,,2579
5104,73,3,,2579
5105,10,1,,873
5106,16,2,,2213
5107,79,2,,2214
5108,62,3,,2580
5109,2,2,,2214
5110,11,2,,2215
5111,62,2,,2215
5112,53,1,,874
5113,58,6,HEALTHCARE,2824
5114,9,4,,2705
5115,60,3,HEALTHCARE,2580
5116,29,1,,875
5117,26,2,,2216
5118,68,2,,2216
5119,55,3,,2580
5120,78,2,,2217
5121,61,2,,2217
5122,1,2,,2218
5123,69,1,,876
5124,63,2,,2218
5125,88,2,,2219
5126,19,2,,2219
5127,63,2,,2220
5128,4,1,,877
5129,48,1,HEALTHCARE,878
5130,24,2,HEALTHCARE,2220
5131,72,1,,879
5132,94,5,,2760
5133,90,1,,880
5134,65,3,HEALTHCARE,2581
5135,43,2,,2221
5136,75,1,,881
5137,63,3,,2581
5138,57,2,,2221
5139,27,3,,2581
5140,70,2,,2222
5141,64,2,,2222
5142,55,2,HEALTHCARE,2223
5143,58,2,,2223
5144,18,4,,2706
5145,72,3,,2582
5146,38,2,OTHER,2224
5147,46,2,,2224
5148,41,6,,2824
5149,65,2,,2225
5150,16,2,,2225
5151,68,2,,2226
5152,77,2,,2226
5153,17,1,,882
5154,74,1,,883
5155,77,1,,884
5156,55,6,,2825
5157,69,2,,2227
5158,26,2,,2227
5159,14,2,,2228
5160,69,3,,2582
5161,43,3,,2582
5162,91,1,,885
5163,27,2,,2228
5164,13,2,,2229
5165,40,1,,886
5166,79,2,,2229
5167,54,1,,887
5168,75,2,,2230
5169,90,3,,2583
5170,60,2,,2230
5171,99,1,,888
5172,23,2,,2231
5173,64,2,,2231
5174,64,2,,2232
5175,14,2,,2232
5176,46,2,,2233
5177,27,3,,2583
5178,73,2,,2233
5179,63,3,HEALTHCARE,2583
5180,59,2,,2234
5181,33,3,,2584
5182,75,3,,2584
5183,10,6,,2825
5184,75,1,,889
5185,47,1,,890
5186,39,2,,2234
5187,39,1,,891
5188,64,1,,892
5189,11,2,,2235
5190,43,1,OTHER,893
5191,72,6,,2825
5192,67,1,,894
5193,28,2,,2235
5194,21,2,,2236
5195,64,1,,895
5196,75,2,,2236
5197,57,2,HEALTHCARE,2237
5198,85,1,,896
5199,60,2,,2237
5200,80,1,,897
5201,58,1,,898
5202,52,5,,2761
5203,76,1,,899
5204,61,2,HEALTHCARE,2238
5205,57,6,,2825
5206,42,4,,2706
5207,15,4,,2706
5208,79,2,,2238
5209,16,2,,2239
5210,79,1,,900
5211,54,2,,2239
5212,71,2,,2240
5213,56,1,,901
5214,32,2,HEALTHCARE,2240
5215,97,6,,2825
5216,49,3,,2584
5217,23,2,,2241
5218,74,2,,2241
5219,48,5,HEALTHCARE,2761
5220,65,6,,2825
5221,78,1,,902
5222,10,2,,2242
5223,40,3,,2585
5224,31,1,,903
5225,72,4,,2706
5226,69,1,,904
5227,23,4,,2707
5228,66,3,,2585
5229,70,2,,2242
5230,20,2,HEALTHCARE,2243
5231,58,2,,2243
5232,25,2,,2244
5233,61,2,,2244
5234,65,2,,2245
5235,47,6,,2826
5236,75,2,,2245
5237,93,2,,2246
5238,78,2,,2246
5239,54,2,,2247
5240,68,2,,2247
5241,12,3,,2585
5242,89,2,,2248
5243,54,2,,2248
5244,72,1,,905
5245,19,3,,2586
5246,98,1,,906
5247,72,2,,2249
5248,64,4,,2707
5249,41,1,,907
5250,62,3,,2586
5251,71,2,,2249
5252,66,3,,2586
5253,28,2,,2250
5254,95,2,,2250
5255,67,2,,2251
5256,69,2,,2251
5257,59,4,,2707
5258,16,2,,2252
5259,55,5,,2761
5260,30,2,,2252
5261,4,6,,2826
5262,13,1,,908
5263,21,2,,2253
5264,79,3,,2587
5265,19,6,,2826
5266,38,4,,2707
5267,33,1,,909
5268,53,2,,2253
5269,22,2,HEALTHCARE,2254
5270,42,2,,2254
5271,22,2,,2255
5272,39,2,,2255
5273,17,2,,2256
5274,50,1,,910
5275,72,2,,2256
5276,44,2,,2257
5277,60,2,,2257
5278,97,2,,2258
5279,68,2,,2258
5280,74,1,,911
5281,50,2,,2259
5282,68,4,,2708
5283,85,2,,2259
5284,69,5,,2761
5285,88,2,,2260
5286,43,2,,2260
5287,57,3,,2587
5288,53,2,REALESTATERENTAL,2261
5289,42,4,,2708
5290,42,6,,2826
5291,67,2,,2261
5292,65,1,,912
5293,0,2,,2262
5294,68,2,,2262
5295,18,4,,2708
5296,89,2,,2263
5297,74,5,,2761
5298,32,6,,2826
5299,72,2,,2263
5300,69,2,,2264
5301,64,4,,2708
5302,65,5,,2762
5303,76,1,,913
5304,40,3,,2587
5305,55,5,,2762
5306,9,2,,2264
5307,56,3,,2588
5308,13,1,,914
5309,42,2,,2265
5310,73,2,,2265
5311,89,5,,2762
5312,69,4,,2709
5313,40,5,,2762
5314,78,5,,2762
5315,10,5,,2763
5316,20,2,,2266
5317,63,6,,2826
5318,72,2,,2266
5319,70,1,,915
5320,67,2,,2267
5321,76,2,,2267
5322,52,2,,2268
5323,27,3,,2588
5324,14,2,,2268
5325,51,4,,2709
5326,83,1,,916
5327,50,2,,2269
5328,77,2,,2269
5329,55,3,,2588
5330,74,5,,2763
5331,50,2,,2270
5332,54,2,,2270
5333,75,2,,2271
5334,50,2,,2271
5335,76,1,,917
5336,69,5,,2763
5337,57,6,,2827
5338,62,2,,2272
5339,75,1,,918
5340,64,3,,2589
5341,55,3,,2589
5342,67,2,,2272
5343,56,3,HEALTHCARE,2589
5344,67,5,,2763
5345,14,5,,2763
5346,75,1,,919
5347,27,2,,2273
5348,69,3,,2590
5349,6,2,,2273
5350,49,3,,2590
5351,71,3,,2590
5352,64,2,,2274
5353,3,2,,2274
5354,69,2,,2275
5355,32,2,,2275
5356,42,2,,2276
5357,57,3,,2591
5358,65,5,,2764
5359,62,3,,2591
5360,39,3,,2591
5361,64,2,,2276
5362,92,4,,2709
5363,68,2,,2277
5364,60,2,,2277
5365,63,1,HEALTHCARE,920
5366,16,6,,2827
5367,85,1,,921
5368,45,2,,2278
5369,74,3,,2592
5370,72,2,,2278
5371,43,3,,2592
5372,70,3,,2592
5373,50,1,FINANCEINSURANCE,922
5374,12,5,,2764
5375,75,1,,923
5376,58,1,HEALTHCARE,924
5377,59,2,,2279
5378,97,1,,925
5379,99,2,,2279
5380,12,2,,2280
5381,58,2,,2280
5382,67,2,,2281
5383,44,1,,926
5384,39,2,,2281
5385,26,2,,2282
5386,44,2,,2282
5387,46,2,,2283
5388,9,2,,2283
5389,25,1,,927
5390,41,2,OTHER,2284
5391,70,5,,2764
5392,90,2,,2284
5393,75,2,,2285
5394,63,2,FINANCEINSURANCE,2285
5395,13,2,,2286
5396,71,1,,928
5397,78,3,,2593
5398,46,5,,2764
5399,60,6,,2827
5400,7,2,,2286
5401,61,2,,2287
5402,55,2,,2287
5403,68,3,,2593
5404,71,1,,929
5405,46,2,,2288
5406,41,3,,2593
5407,18,3,,2594
5408,40,2,,2288
5409,66,2,,2289
5410,53,2,,2289
5411,72,5,,2764
5412,70,4,,2709
5413,28,2,,2290
5414,14,6,,2827
5415,63,2,,2290
5416,76,2,,2291
5417,29,3,,2594
5418,92,2,,2291
5419,8,2,,2292
5420,82,6,,2827
5421,78,5,,2765
5422,60,1,,930
5423,61,2,,2292
5424,69,2,,2293
5425,59,1,,931
5426,100,1,,932
5427,37,3,HEALTHCARE,2594
5428,36,2,,2293
5429,13,2,,2294
5430,61,5,FINANCEINSURANCE,2765
5431,5,3,,2595
5432,97,3,,2595
5433,87,2,,2294
5434,53,5,,2765
5435,50,2,HEALTHCARE,2295
5436,77,2,,2295
5437,71,2,,2296
5438,19,4,,2710
5439,51,3,,2595
5440,83,2,,2296
5441,30,2,,2297
5442,45,2,,2297
5443,19,5,,2765
5444,73,3,,2596
5445,38,1,,933
5446,62,3,,2596
5447,72,4,,2710
5448,33,2,,2298
5449,69,2,,2298
5450,69,2,,2299
5451,68,2,,2299
5452,13,2,,2300
5453,66,1,,934
5454,18,4,,2710
5455,56,1,HEALTHCARE,935
5456,17,1,,936
5457,23,6,,2827
5458,67,2,,2300
5459,62,2,,2301
5460,26,5,,2765
5461,75,1,,937
5462,78,6,,2828
5463,61,2,,2301
5464,4,5,,2766
5465,59,2,HEALTHCARE,2302
5466,73,1,,938
5467,60,5,,2766
5468,36,5,,2766
5469,65,1,,939
5470,30,2,,2302
5471,17,2,,2303
5472,54,3,,2596
5473,41,2,,2303
5474,65,5,,2766
5475,73,1,,940
5476,7,2,,2304
5477,7,2,,2304
5478,33,2,,2305
5479,43,2,OTHER,2305
5480,62,2,,2306
5481,18,3,,2597
5482,58,2,,2306
5483,52,2,,2307
5484,0,2,,2307
5485,75,4,,2710
5486,73,2,,2308
5487,50,2,,2308
5488,39,2,,2309
5489,64,2,,2309
5490,36,4,,2711
5491,57,2,,2310
5492,64,2,,2310
5493,16,1,,941
5494,27,6,,2828
5495,77,2,,2311
5496,56,2,,2311
5497,42,2,,2312
5498,43,2,,2312
5499,66,2,,2313
5500,10,2,,2313
5501,76,2,,2314
5502,59,2,REALESTATERENTAL,2314
5503,50,2,,2315
5504,95,2,,2315
5505,66,2,,2316
5506,74,2,,2316
5507,8,2,,2317
5508,95,2,,2317
5509,44,2,,2318
5510,96,2,,2318
5511,58,3,,2597
5512,50,2,,2319
5513,65,1,,942
5514,62,2,,2319
5515,65,2,,2320
5516,77,3,,2597
5517,47,2,,2320
5518,36,5,HEALTHCARE,2766
5519,8,2,,2321
5520,79,3,,2598
5521,59,5,,2767
5522,67,2,,2321
5523,12,2,,2322
5524,69,1,,943
5525,57,2,,2322
5526,26,3,,2598
5527,73,2,,2323
5528,68,6,,2828
5529,10,2,,2323
5530,59,6,,2828
5531,74,4,,2711
5532,50,6,,2828
5533,50,4,,2711
5534,13,3,,2598
5535,58,1,HEALTHCARE,944
5536,62,4,,2711
5537,17,2,,2324
5538,66,1,,945
5539,58,2,,2324
5540,54,1,,946
5541,46,3,,2599
5542,79,3,,2599
5543,14,1,,947
5544,66,5,,2767
5545,56,1,,948
5546,9,2,,2325
5547,76,5,,2767
5548,60,2,,2325
5549,84,2,,2326
5550,72,4,,2712
5551,45,4,,2712
5552,21,3,,2599
5553,22,2,,2326
5554,61,4,,2712
5555,64,3,HEALTHCARE,2600
5556,18,2,,2327
5557,98,2,,2327
5558,13,2,,2328
5559,11,5,,2767
5560,62,2,,2328
5561,97,3,,2600
5562,74,1,,949
5563,43,2,,2329
5564,61,3,,2600
5565,50,3,,2601
5566,66,2,,2329
5567,37,2,,2330
5568,43,2,,2330
5569,70,2,,2331
5570,9,1,,950
5571,23,2,,2331
5572,54,2,,2332
5573,79,5,,2767
5574,63,2,,2332
5575,93,3,,2601
5576,25,2,,2333
5577,50,2,,2333
5578,99,6,,2828
5579,58,2,,2334
5580,94,4,,2712
5581,42,3,,2601
5582,84,2,,2334
5583,51,1,,951
