5710,5746
5710,27409
5710,5635
5710,5745
5746,6016
5746,5745
5746,5800
6016,6759
6016,5973
6016,6026
6759,6880
6759,6753
6759,6764
6880,7507
6880,6944
7507,10164
7507,7472
7507,7549
10164,11007
10164,10097
10164,10202
11007,11091
11007,10986
11007,11028
11091,11843
11091,11030
11091,11108
11843,13274
11843,11838
11843,21058
13274,15790
13274,13389
15790,16530
15790,10562
15790,15744
16530,18237
16530,16503
16530,16716
18237,22262
18237,18234
18237,18268
22262,22267
22262,22175
22267,23959
22267,9539
22267,22305
23959,17015
23959,23942
23959,23987
26236,704
26236,8777
26236,26115
26236,26244
704,746
746,790
790,795
795,906
906,914
914,951
951,964
964,986
986,1041
1041,1052
1052,1109
1109,1133
1133,22030
1168,1208
1208,11482
1212,1232
1232,22123
1286,1321
1321,1345
1345,1414
1414,14497
1439,1477
1477,1531
1531,1585
1531,15341
1585,1592
1592,1661
1661,1710
1710,1789
1789,18688
1800,1844
1844,1845
1845,1890
1890,1899
1899,1928
1928,2101
2101,2141
2141,2177
2177,2289
2289,2292
2292,2395
2395,2495
2495,2526
2526,2630
2630,2761
2761,2775
2775,2813
2813,2832
2832,2846
2846,2895
2895,6764
3042,3060
3060,3080
3080,3144
3144,3171
3171,3260
3260,3299
3299,3378
3378,3397
3397,3406
3406,3447
3447,3514
3447,17758
3514,3523
3523,3531
3531,3564
3564,3565
3564,11266
3565,3582
3582,3620
3620,3649
3649,3662
3662,3694
3694,3791
3791,3805
3805,3917
3917,3926
3926,3927
3927,3949
3949,4009
4009,4132
4132,4176
4176,4243
4243,4244
4244,4309
4309,4369
4309,10665
4369,4473
4473,4509
4509,4527
4527,4600
4600,4651
4651,4718
4718,4751
4751,4779
4779,4796
4779,10202
4796,4836
4836,4843
4843,4848
4848,21227
4873,4882
4882,4893
4893,4931
4931,4934
4934,4955
4955,4962
4962,5069
5069,5220
5220,5264
5264,5299
5299,5442
5442,5505
5505,5508
5508,5554
5554,5564
5564,5580
5564,7841
5564,10884
5580,5602
5602,5621
5621,5635
5621,26244
5800,5899
5800,18352
5899,5906
5906,5973
6026,6029
6029,6041
6041,6052
6052,6059
6059,6095
6095,6097
6097,6121
6121,6125
6125,6199
6199,11746
6209,6220
6220,6253
6253,6265
6265,6416
6416,6421
6421,6474
6421,21675
6474,6631
6631,6750
6750,6753
6764,6765
6765,6831
6831,9173
6944,6945
6945,6976
6976,19474
7000,7019
7019,7117
7117,7145
7145,7252
7252,7267
7267,7285
7285,7376
7376,7378
7376,12426
7378,7423
7423,7446
7446,7472
7549,7563
7563,7615
7615,7841
7866,7974
7974,10869
7974,11568
7990,8020
8020,8070
8070,8089
8070,24463
8089,8099
8099,8159
8159,8322
8159,19389
8322,8371
8371,8452
8452,8506
8506,8532
8532,8551
8551,8594
8594,8728
8728,8777
8878,8880
8880,8905
8905,8917
8917,8928
8928,8956
8956,8996
8996,9005
9005,9027
9027,9079
9079,9094
9094,25844
9165,9168
9165,11382
9168,9173
9173,9212
9212,9233
9233,9291
9291,9363
9363,9379
9379,19013
9432,9512
9512,9535
9535,26115
9555,9596
9596,9605
9605,9673
9673,14692
9690,9726
9726,9746
9746,9788
9788,9824
9824,9843
9843,9868
9868,9916
9916,9929
9929,10012
10012,10088
10088,10097
10225,10237
10237,10264
10264,10276
10276,10284
10284,10298
10298,10299
10299,10378
10378,10387
10387,24384
10399,10410
10410,10478
10478,10536
10536,10554
10554,10562
10562,10566
10566,10568
10568,10576
10576,10580
10580,10587
10587,10589
10589,10613
10589,13389
10613,10626
10626,10660
10660,10665
10689,10701
10701,10830
10830,10866
10866,10869
10869,10884
10931,10932
10931,14256
10932,10935
10935,21893
11028,11030
11108,11143
11143,11149
11149,11232
11232,11266
11382,17300
11458,11482
11482,11486
11486,11526
11526,11568
11615,11641
11641,26678
11718,11746
11746,11785
11785,15610
11940,11947
11940,14855
11947,11969
11969,11982
11982,12114
12114,12190
12190,14919
12233,12237
12237,12270
12270,12300
12300,12329
12329,12407
12407,12426
12442,12583
12583,12589
12583,14369
12589,12593
12593,12653
12653,12665
12653,13153
12665,12673
12673,12704
12704,12759
12759,12794
12794,12858
12858,12926
12926,12980
12980,13028
13028,13032
13032,13036
13032,15233
13036,13066
13066,13083
13083,13127
13127,13153
13154,13182
13182,13207
13207,13213
13213,13250
13250,15001
13408,13418
13418,13432
13432,13477
13477,13502
13502,13504
13504,13507
13507,13519
13519,13522
13522,13560
13560,13569
13569,13582
13582,13596
13596,13663
13663,13702
13702,13800
13800,13835
13835,13938
13938,14004
14004,14026
14026,14037
14037,14044
14044,14118
14118,14162
14162,14179
14179,14180
14180,14256
14274,14286
14286,14312
14312,19162
14401,14497
14497,14615
14615,14683
14683,14692
14692,14838
14838,14855
14919,15341
14934,14958
14958,14982
14982,14988
14988,15001
15001,15040
15040,15146
15146,15195
15195,15233
15286,15341
15370,15456
15456,15465
15465,15493
15493,15563
15493,24455
15563,15610
15610,15636
15636,15744
15912,16073
16073,16124
16124,16264
16124,21930
16264,16271
16271,16394
16394,16422
16422,16440
16440,16503
16716,16742
16742,16748
16748,16791
16791,16822
16822,16937
16937,16943
16943,16979
16979,17015
17015,17096
17096,17164
17164,17241
17241,17300
17312,17354
17354,17427
17427,24531
17485,17499
17499,17604
17604,17751
17751,17758
17791,17810
17810,17862
17862,18066
18066,24531
18067,18096
18096,18113
18113,18114
18114,18166
18166,18184
18184,18217
18217,18234
18268,18285
18285,18302
18302,18316
18316,18325
18325,18326
18326,18352
18446,18450
18450,18479
18479,18505
18505,18561
18561,18644
18644,18649
18649,18688
18688,18689
18689,18699
18699,18740
18740,18745
18745,18752
18752,18895
18895,18952
18952,18972
18972,19013
19013,19080
19080,19081
19080,19339
19081,19082
19082,19098
19098,19162
19162,19166
19166,19170
19170,19205
19205,19206
19206,19216
19216,19339
19369,19389
19436,19474
19474,19506
19506,19572
19572,19615
19615,19626
19626,19627
19627,19646
19646,21675
19755,19791
19791,19821
19821,19825
19825,19887
19825,25211
19887,19906
19906,19934
19934,19948
19948,20035
20035,20093
20093,20100
20100,20149
20149,20270
20270,20291
20291,20304
20304,20397
20397,20405
20405,20462
20462,20565
20565,20571
20571,20589
20589,20602
20602,20703
20703,20810
20810,20932
20932,20997
20997,21011
21011,21058
21058,21129
21129,21145
21145,21159
21159,21178
21178,21215
21215,21220
21220,21227
21227,21256
21256,24001
21332,21335
21335,26244
21349,21352
21352,21403
21403,21416
21416,21611
21527,21585
21585,21611
21611,21624
21624,21641
21641,21653
21653,21675
21711,21857
21857,21865
21865,21893
21893,21926
21926,21930
21963,21972
21972,22030
22030,22070
22070,22123
22123,22158
22158,22175
22305,22335
22335,22382
22382,22415
22415,22961
22432,22467
22467,22493
22493,22543
22543,22553
22553,22604
22604,22629
22629,22646
22646,22686
22686,22707
22707,22717
22717,22727
22727,22739
22739,22744
22744,22843
22843,22896
22896,22928
22928,22961
22961,22964
22964,23008
23008,23050
23050,23119
23119,23120
23120,23185
23185,23188
23188,23222
23188,25844
23222,23230
23230,23260
23260,23303
23303,23350
23350,23375
23375,23426
23426,23453
23453,23483
23483,23515
23515,23528
23528,23534
23534,23537
23537,23546
23546,23570
23570,23577
23577,23584
23584,23598
23584,25869
23598,23642
23642,23684
23684,23771
23771,23787
23787,23808
23808,23830
23830,23847
23847,23853
23853,23869
23869,23942
23987,24001
24001,26256
24071,24098
24098,24135
24135,24148
24148,24270
24270,24290
24290,24375
24375,24384
24384,24406
24406,24455
24483,24529
24529,24531
24531,24542
24542,24580
24580,24606
24606,24608
24608,24708
24708,24719
24719,24826
24826,24849
24849,25033
25033,25040
25040,25053
25053,25065
25065,25081
25081,25142
25142,25148
25148,25166
25166,25206
25206,25211
25271,25337
25337,25341
25341,25376
25376,25424
25424,25569
25569,25731
25731,25779
25779,25789
25789,25844
25954,26035
26035,26036
26036,26115
26256,26304
26304,26308
26308,26316
26316,26332
26332,26351
26351,26480
26480,26515
26515,26604
26604,26678
26678,26704
26704,26763
26763,26799
26799,26832
26832,26901
26901,27006
27006,27052
27052,27086
27086,27114
27114,27115
27115,27141
27141,27154
27154,27203
27203,27267
27267,27409
