1229,1748
1229,27390
1229,3012
1229,27373
1229,1165
1229,1198
1229,1244
1229,1263
1748,3012
1748,4428
1748,27390
1748,1723
1748,1727
1748,1762
1748,1817
3012,4428
3012,7517
3012,21696
3012,2907
3012,2992
3012,3156
3012,3170
4428,7517
4428,12929
4428,4372
4428,4396
4428,4477
4428,4479
7517,12929
7517,15577
7517,6302
7517,7478
7517,7487
7517,7559
7517,7614
12929,15577
12929,16205
12929,12785
12929,12869
12929,12987
12929,14111
15577,16205
15577,16444
15577,15442
15577,15512
15577,15583
15577,15600
15577,25587
16205,16444
16205,17240
16205,5921
16205,16142
16205,16145
16205,16227
16205,16295
16444,17240
16444,17967
16444,16433
16444,16439
16444,16489
16444,26018
17240,17967
17240,18284
17240,17074
17240,17184
17240,17273
17240,17298
17967,18284
17967,18459
17967,17934
17967,17958
17967,17991
17967,18023
18284,19797
18284,14928
18284,18164
18284,18251
18284,18305
18284,18351
18459,20301
18459,10523
18459,14783
18459,18419
18459,18437
18459,18519
18459,18592
18459,27303
19797,20301
19797,20560
19797,19694
19797,19718
19797,19803
19797,19814
20301,20560
20301,21507
20301,20289
20301,20300
20301,20317
20301,20390
20560,21507
20560,23247
20560,20523
20560,20572
20560,20596
21507,23247
21507,24641
21507,21425
21507,21444
21507,21572
21507,21640
23247,24641
23247,24827
23247,3297
23247,23069
23247,23134
23247,23251
23247,23306
24641,24827
24641,25974
24641,24619
24641,24638
24641,24743
24827,26218
24827,25673
24827,23962
24827,24652
24827,24857
24827,24881
25974,26218
25974,812
25974,25920
25974,25929
25974,26010
25974,26016
26218,812
26218,969
26218,7487
26218,7625
26218,26216
26218,26407
26218,26464
812,969
812,975
969,975
969,1013
975,1013
975,1037
1013,1037
1013,1046
1037,1046
1037,1050
1046,1050
1046,22062
1050,1143
1050,1165
1143,1165
1143,1198
1165,1198
1198,1244
1244,1263
1244,1300
1244,27193
1263,1300
1263,1353
1300,1353
1300,1372
1353,1372
1353,1402
1372,1402
1372,1409
1402,1409
1402,1416
1402,25594
1409,1468
1409,4177
1416,1468
1416,1492
1468,1492
1468,1498
1492,1498
1492,1507
1498,1507
1498,1518
1507,1518
1507,1559
1518,1559
1518,24351
1559,1723
1559,1727
1723,1727
1723,17800
1727,4497
1762,1817
1762,1822
1817,1822
1817,1835
1822,1912
1822,9752
1835,1912
1835,1914
1912,1914
1912,2011
1914,2011
1914,2045
1914,13144
2011,2045
2011,2075
2011,8609
2045,2075
2045,2105
2075,2105
2075,2125
2105,2125
2105,2128
2125,2128
2125,2238
2128,2238
2128,2258
2238,2258
2238,2290
2258,2290
2258,2315
2290,2315
2290,2339
2315,2339
2315,2358
2339,2358
2339,2368
2358,2368
2358,2392
2368,2392
2368,2422
2392,2422
2392,2429
2422,2429
2422,2443
2429,2443
2429,2476
2429,4216
2443,2476
2443,2480
2476,2480
2476,7884
2480,2504
2480,2524
2504,2528
2504,13752
2524,2528
2524,2543
2524,10909
2528,2543
2528,2545
2543,2545
2543,2557
2545,2557
2545,2650
2557,2650
2557,2700
2650,2700
2650,2729
2700,2729
2700,2732
2729,2735
2729,5657
2732,2735
2732,2777
2735,2777
2735,2794
2777,2794
2777,2805
2794,2808
2794,19460
2805,2808
2805,2810
2808,2810
2808,2887
2810,2887
2810,2907
2887,2907
2887,2992
2887,16227
2907,2992
2992,3156
3156,3170
3156,3172
3170,3172
3170,3207
3172,3207
3172,3257
3207,3257
3207,3268
3257,3268
3257,3289
3268,3297
3268,22920
3289,3297
3289,3870
3297,3366
3297,11597
3334,3366
3334,3385
3366,3385
3366,3391
3385,3391
3385,3408
3391,3408
3391,3483
3408,3483
3408,3486
3483,3486
3483,3513
3486,3513
3486,3541
3513,3541
3513,3550
3541,3550
3541,3557
3550,3587
3550,26726
3557,14056
3557,21425
3587,3604
3587,3631
3604,3631
3604,3648
3631,3648
3631,3667
3648,3667
3648,3674
3667,3674
3667,3757
3674,3757
3674,3786
3757,3786
3757,3812
3786,3855
3786,11035
3812,3855
3812,3864
3812,26097
3855,3864
3855,3870
3864,3870
3864,3886
3870,3886
3870,3925
3886,3925
3886,3940
3925,3940
3925,4001
3925,9966
3925,21996
3940,4001
3940,4050
4001,4050
4001,23037
4050,4097
4050,11701
4093,4097
4093,4172
4097,4172
4097,4175
4097,10049
4172,4175
4172,4177
4175,4177
4175,4216
4177,4228
4177,24619
4216,4228
4228,4239
4228,4292
4239,4292
4239,4320
4292,4320
4292,4361
4320,4361
4320,4372
4320,25821
4361,4372
4361,4396
4372,4396
4396,4477
4396,7478
4477,4479
4477,4497
4479,4497
4479,17025
4497,4558
4497,4586
4558,4586
4558,4615
4586,4615
4586,4635
4586,6226
4615,4635
4615,4673
4635,4673
4635,9186
4673,4710
4673,4822
4710,4822
4710,4835
4822,4835
4822,4860
4835,4860
4835,4971
4860,4971
4860,4984
4971,4984
4971,4999
4971,21425
4984,4999
4984,5015
4999,5015
4999,26010
4999,17846
5015,5113
5015,20285
5015,23557
5073,5128
5073,13852
5113,5128
5113,5196
5128,5196
5128,5207
5196,5207
5196,5215
5207,5215
5207,5327
5215,5327
5215,5657
5215,25929
5327,5657
5327,5704
5657,5704
5657,5711
5704,5711
5704,5716
5711,5716
5711,5921
5711,6327
5716,5921
5716,5932
5716,21812
5921,5998
5932,5998
5932,6049
5998,6049
5998,6071
6049,6071
6049,6079
6071,6079
6071,6124
6079,6124
6079,6135
6079,19513
6124,6135
6124,6148
6135,6148
6135,6226
6148,6226
6148,6291
6226,6291
6291,6302
6291,6320
6291,6574
6302,6320
6302,18305
6320,6321
6320,6327
6321,6327
6321,6362
6321,24492
6327,6393
6362,6393
6362,6434
6393,6434
6393,6462
6434,6462
6434,6574
6434,20834
6462,6574
6462,10569
6574,6668
6644,6668
6644,6674
6668,6674
6668,6675
6674,6675
6674,11929
6675,6810
6675,6825
6810,6825
6810,6834
6825,6834
6825,6894
6834,6894
6834,6907
6834,24652
6894,6907
6894,23852
6907,6979
6907,6983
6979,6983
6979,6984
6983,6984
6983,6995
6984,6995
6984,7012
6995,7012
6995,7069
7012,7069
7012,7077
7069,7077
7069,7095
7069,8741
7077,7095
7077,17846
7095,7123
7095,7177
7123,7177
7123,7220
7177,7233
7177,7487
7220,7233
7220,7294
7220,17707
7233,7294
7233,7301
7294,7301
7294,7328
7301,7328
7301,7375
7328,7375
7328,7381
7328,16958
7375,7381
7375,7413
7375,16145
7381,7478
7381,14186
7413,7478
7413,7487
7559,7614
7559,7625
7614,7625
7614,7670
7625,7670
7670,7678
7670,7697
7678,7697
7678,7733
7697,7733
7697,7816
7733,7816
7733,7819
7816,7820
7816,10231
7819,7826
7819,14950
7820,7826
7820,7834
7826,7834
7826,7848
7834,7848
7834,7876
7848,7876
7848,7884
7848,20596
7876,7884
7876,7887
7884,7887
7884,11627
7887,7948
7887,8043
7948,8043
7948,8092
8043,8114
8043,21410
8092,8114
8092,8178
8114,8178
8114,8197
8114,13646
8178,8197
8178,8204
8197,8204
8197,8242
8204,8242
8204,8271
8204,13124
8242,8271
8242,8372
8271,8372
8271,8433
8372,8433
8372,8473
8433,8473
8433,8492
8473,8492
8473,8505
8492,8505
8492,8550
8505,8550
8505,8609
8550,8609
8550,8633
8609,8633
8609,17298
8633,8661
8633,8713
8661,8713
8661,8724
8713,8724
8713,8741
8724,8741
8724,8835
8741,8835
8835,8839
8835,8861
8835,19333
8839,8861
8839,8862
8861,8914
8861,10479
8862,8914
8862,8958
8914,8958
8914,8970
8958,8970
8958,20572
8970,9057
8970,9081
9057,9081
9057,9087
9081,9087
9081,9123
9087,9123
9087,11883
9123,9138
9123,9186
9138,9186
9138,9232
9186,9482
9186,19083
9232,9482
9232,9492
9482,9492
9482,9519
9492,9519
9492,9541
9519,9541
9519,9554
9541,9554
9541,9576
9554,9576
9554,9609
9576,9609
9576,9613
9609,9613
9609,9667
9613,9667
9613,9686
9667,9686
9667,9752
9686,9752
9686,9758
9752,9758
9752,9769
9758,9769
9758,9827
9769,9827
9769,9838
9769,12385
9827,9838
9827,9859
9838,9859
9838,9912
9859,9912
9859,9966
9912,9966
9912,9979
9966,9979
9979,10031
9979,10049
10031,10049
10031,10116
10049,10116
10116,10185
10116,10217
10185,10219
10185,26407
10217,10219
10217,23456
10219,10231
10219,10302
10219,10769
10231,10302
10231,16799
10302,10376
10302,10390
10302,15889
10376,10390
10376,10479
10390,10479
10390,10489
10479,10489
10479,10523
10489,10523
10489,10547
10523,10547
10523,10569
10547,10569
10547,10585
10569,10585
10569,10592
10585,10592
10585,10630
10592,10630
10592,10769
10630,10769
10630,10770
10769,10817
10770,10817
10770,10836
10817,10857
10817,16795
10836,10857
10836,10868
10857,10868
10857,10902
10868,10902
10868,10909
10902,10909
10902,10978
10909,11035
10978,11035
10978,11062
11035,11062
11035,11076
11062,11076
11062,15376
11076,11101
11076,11116
11101,11116
11101,11129
11101,19112
11116,11129
11116,11133
11129,11133
11129,11136
11129,17820
11133,11136
11133,11193
11133,25821
11136,11193
11136,11195
11136,19246
11193,11308
11193,26886
11195,11308
11195,11351
11308,11351
11308,11392
11351,11392
11351,11406
11392,11536
11392,22648
11406,11536
11406,11575
11536,11575
11536,11597
11575,11597
11575,11627
11575,27031
11597,11701
11597,24743
11627,11701
11627,11775
11701,11775
11701,11853
11775,11853
11775,11859
11853,11859
11853,11862
11859,11862
11859,16371
11862,11867
11862,11883
11867,11883
11867,11929
11883,11929
11883,18982
11929,11978
11929,11981
11978,11981
11978,11984
11981,11984
11981,11996
11984,11996
11984,12070
11996,12070
11996,20058
12070,12247
12070,15396
12245,12247
12245,12277
12247,12277
12247,12320
12277,12320
12277,12354
12320,12354
12320,25180
12354,12356
12354,12358
12356,12358
12356,12379
12358,12379
12358,12385
12358,23059
12379,12385
12379,12394
12385,12411
12394,12411
12394,12435
12411,12588
12411,13264
12435,12588
12435,12619
12588,12656
12588,24031
12619,12656
12619,12660
12656,12660
12656,12668
12660,12668
12660,12681
12668,12681
12668,12707
12681,12707
12681,12716
12707,12716
12707,12785
12707,13752
12716,12785
12716,12869
12785,12869
12869,25594
12987,13002
12987,13047
13002,13047
13002,13050
13047,13050
13047,13114
13050,13114
13050,16960
13114,13116
13114,13117
13116,13117
13116,13124
13117,13124
13117,13144
13117,25272
13124,13144
13144,13234
13210,13234
13210,13264
13234,13344
13234,16092
13264,13344
13264,13375
13344,13375
13344,13505
13375,13505
13375,13512
13505,13512
13505,13610
13512,13610
13512,13611
13610,13611
13610,13639
13611,13639
13611,13646
13639,13646
13639,13659
13646,13714
13659,13714
13659,13752
13714,13752
13714,13831
13752,13852
13831,13852
13831,13870
13852,13870
13852,13885
13870,13885
13870,13911
13885,13911
13885,13987
13911,13987
13911,14020
13987,14020
13987,14056
14020,14056
14020,14065
14056,14065
14056,14066
14056,25795
14065,14066
14065,14081
14066,14081
14066,14085
14081,14085
14081,14111
14085,14111
14085,14186
14111,14186
14111,14202
14111,22357
14186,14202
14186,14227
14186,19803
14202,14227
14202,14237
14227,14237
14227,14239
14237,14239
14237,14275
14239,14275
14239,14306
14275,14306
14275,14328
14275,15386
14306,14328
14306,14347
14328,14347
14328,14348
14347,14348
14347,14390
14348,14390
14348,14421
14390,14421
14390,14423
14421,14423
14421,14475
14423,14475
14423,14476
14475,14671
14475,19247
14476,14671
14476,14763
14671,14763
14671,14783
14763,14783
14763,14805
14783,14805
14783,18658
14783,20432
14805,14849
14805,14895
14849,14895
14849,14903
14895,14903
14895,14905
14903,14905
14903,14907
14905,14907
14905,14922
14907,14922
14907,14928
14922,14928
14922,14950
14928,14950
14928,17435
14950,14953
14950,15023
14953,15023
14953,15163
15023,15163
15023,15194
15163,15194
15163,15241
15194,15241
15194,15272
15241,15272
15241,15326
15272,15326
15272,15376
15272,20390
15326,15376
15326,15386
15376,15396
15376,17991
15386,15408
15396,15408
15396,15442
15408,15442
15408,15512
15442,15512
15512,15583
15583,15600
15583,15643
15600,15643
15600,15646
15643,15646
15643,15673
15646,15673
15646,15709
15673,15749
15673,24168
15709,15749
15709,15856
15749,15856
15749,15870
15856,15870
15856,15889
15870,15889
15870,16002
15889,16092
15889,22147
16002,16092
16002,16118
16092,16118
16092,16139
16118,16139
16118,16142
16139,16142
16139,16145
16142,16145
16227,16318
16295,16318
16295,16320
16318,16320
16318,16363
16320,16363
16320,16371
16363,16371
16363,16389
16371,16389
16371,16433
16389,16433
16389,16439
16389,17698
16433,16439
16439,16489
16489,16667
16489,16705
16667,16705
16667,22920
16667,21063
16705,16718
16705,16795
16718,16795
16718,16798
16795,16798
16795,16799
16798,16799
16798,16958
16799,16958
16799,16960
16958,16961
16960,16961
16960,17007
16961,17007
16961,17025
17007,17025
17007,17038
17025,17070
17025,17435
17038,17070
17038,17074
17070,17074
17070,17184
17074,17184
17184,17273
17273,17298
17273,17382
17298,17382
17382,17392
17382,17435
17392,17435
17392,17479
17435,17479
17435,17565
17479,17565
17479,17585
17565,17608
17565,17958
17585,17608
17585,17624
17608,17624
17608,17663
17608,23251
17624,17663
17624,17690
17663,17690
17663,17698
17690,17707
17690,20115
17698,17707
17707,17721
17707,23306
17721,17723
17721,17739
17723,17739
17723,17800
17739,17800
17739,26502
17800,17820
17820,19083
17831,17838
17831,17846
17838,17846
17838,17889
17846,17889
17889,17896
17889,17932
17896,17932
17896,17934
17896,25412
17932,17934
17932,17958
17934,17958
17958,17991
17991,18023
17991,18104
18023,18104
18023,18151
18104,18151
18104,18164
18151,18164
18151,18251
18164,18251
18251,18305
18305,18354
18351,18354
18351,18400
18354,18400
18354,18419
18400,18419
18400,18437
18419,18437
18437,18519
18519,18592
18519,18658
18592,18658
18592,18671
18658,18671
18671,18717
18671,18755
18717,18755
18717,18761
18755,18761
18755,23251
18761,18788
18761,18812
18788,18812
18788,18825
18812,18825
18812,18982
18825,18982
18825,18992
18982,18992
18982,19083
18992,19083
18992,19112
19083,19112
19083,19181
19112,19246
19181,19246
19181,19247
19246,19247
19247,19333
19247,19366
19333,19366
19366,19374
19366,19384
19366,21015
19374,19384
19374,19398
19384,19398
19384,19443
19398,19443
19398,19460
19443,19460
19443,19513
19443,25007
19460,19513
19460,19522
19513,19593
19522,19593
19522,19609
19593,19609
19593,19634
19609,19634
19609,19660
19634,19660
19634,19681
19660,19681
19660,19694
19681,19694
19681,19718
19694,19718
19718,19803
19803,19814
19814,19816
19814,19889
19816,19889
19816,19936
19889,19936
19889,19977
19889,25439
19936,19977
19936,20010
19977,20010
19977,20047
19977,21394
20010,20047
20010,20056
20047,20056
20047,20058
20056,20058
20056,20064
20058,20064
20058,20114
20064,20114
20064,20115
20114,20115
20114,20117
20115,20117
20115,20216
20117,20216
20117,20226
20216,20226
20216,20247
20226,20247
20226,20285
20247,20285
20247,20289
20247,24487
20285,20289
20285,20300
20289,20300
20300,20317
20317,20390
20317,20432
20390,20432
20432,20523
20523,20572
20572,20596
20572,20622
20596,20622
20622,20642
20622,20721
20642,20721
20642,22527
20721,20761
20721,20833
20761,20833
20761,20834
20833,20834
20833,20963
20834,20963
20963,20993
20963,21015
20993,21015
20993,21062
21015,21063
21062,21063
21062,21103
21063,21103
21063,21253
21103,21253
21103,21394
21253,21394
21253,21400
21394,21400
21400,21410
21400,21425
21400,26097
21410,21425
21410,21444
21444,21572
21572,21640
21572,21670
21572,22815
21640,21670
21640,21680
21670,21680
21670,21696
21680,21696
21680,21789
21680,22466
21696,21789
21789,21800
21789,21812
21800,21812
21800,21923
21812,21923
21923,21969
21923,21994
21969,21994
21969,21996
21994,21996
21994,22047
21996,22047
22047,22062
22047,22068
22062,22068
22062,22139
22068,22139
22068,22147
22139,22147
22139,22209
22147,22298
22209,22298
22209,22357
22298,22357
22298,22466
22357,22466
22466,22527
22527,22557
22527,22597
22557,22597
22557,22614
22597,22614
22597,22648
22614,22648
22614,22663
22648,22663
22648,22733
22663,22733
22663,22734
22733,22734
22733,22791
22734,22791
22734,22815
22791,22815
22791,22842
22815,22842
22842,22847
22842,22853
22847,22853
22847,22920
22853,22920
22853,22935
22920,23009
22935,23009
22935,23037
23009,23037
23009,23059
23037,23059
23037,23069
23059,23069
23069,23134
23134,23251
23251,23377
23306,23377
23377,23438
23377,23456
23438,23456
23438,23463
23456,23463
23456,23473
23463,23473
23463,23486
23473,23486
23473,23503
23486,23503
23486,23557
23503,23557
23503,23572
23503,26848
23557,23645
23572,23645
23572,23689
23645,23689
23645,23697
23689,23697
23689,23724
23697,23724
23697,23820
23724,23820
23724,23839
23820,23839
23820,23852
23839,23852
23839,23910
23852,23910
23852,23926
23910,23926
23910,23944
23926,23944
23926,23961
23944,23961
23944,23962
23961,23962
23961,24031
23962,24031
24031,24046
24031,24107
24046,24107
24046,24136
24107,24136
24107,24160
24136,24160
24136,24168
24160,24168
24160,24230
24168,24230
24168,24284
24230,24284
24230,24288
24284,24288
24284,24289
24288,24289
24288,24302
24289,24302
24289,24311
24302,24311
24302,24328
24311,24328
24311,24351
24328,24351
24328,24393
24351,24393
24351,24487
24393,24487
24393,24492
24487,24527
24487,26010
24492,24527
24527,24619
24527,24638
24619,24638
24638,24652
24652,26790
24743,24857
24857,24881
24857,24956
24881,24956
24881,25007
24956,25007
24956,25047
25007,25047
25047,25054
25047,25163
25054,25163
25054,25165
25163,25165
25163,25175
25165,25175
25165,25180
25175,25180
25175,25216
25180,25216
25180,25272
25216,25272
25216,25296
25272,25328
25296,25328
25296,25412
25328,25412
25328,25439
25412,25566
25439,25587
25566,25587
25566,25594
25587,25594
25594,25645
25640,25645
25640,25673
25645,25673
25645,25766
25673,25766
25673,25795
25766,25795
25766,25821
25795,25821
25852,25855
25852,25902
25855,25902
25855,25920
25902,25920
25902,25929
25920,25929
26010,26016
26016,26018
26016,26048
26018,26048
26018,26097
26048,26097
26048,26216
26216,26407
26407,26464
26407,26502
26464,26502
26464,26606
26502,26606
26502,26618
26606,26618
26606,26621
26618,26621
26618,26622
26621,26622
26621,26675
26622,26675
26622,26692
26675,26692
26675,26726
26692,26726
26692,26727
26726,26727
26726,26728
26727,26728
26727,26790
26728,26790
26728,26792
26790,26792
26792,26810
26792,26848
26810,26848
26810,26850
26848,26882
26850,26882
26850,26886
26882,26886
26882,26962
26886,26962
26886,26981
26962,26981
26962,27031
26981,27031
26981,27037
27031,27039
27037,27039
27037,27054
27039,27054
27039,27059
27054,27059
27054,27140
27059,27157
27059,27193
27140,27157
27140,27193
27157,27193
27157,27204
27193,27204
27204,27209
27204,27233
27209,27233
27209,27287
27233,27287
27233,27303
27287,27303
27287,27319
27303,27345
27319,27345
27319,27352
27345,27352
27345,27356
27352,27356
27352,27373
27356,27373
27356,27390
27373,27390
