date,cases,deaths,doctor_visits,wili,wcli,symptom_Fever,symptom_Low_grade_fever,symptom_Cough,symptom_Sore_throat,symptom_Headache,symptom_Fatigue,symptom_Vomiting,symptom_Diarrhea,symptom_Shortness_of_breath,symptom_Chest_pain,symptom_Dizziness,symptom_Confusion,symptom_Generalized_tonic_clonic_seizure,symptom_Weakness
2020-02-01,,,,,,8.71,,6.37,,5.7,5.7,,,,,,,,
2020-02-02,,,,,,8.21,,7.23,,5.25,6.57,,6.9,,,,,,
2020-02-03,,,,,,,,9.54,,3.82,6.27,,,,,,,,
2020-02-04,,,,,,5.07,,9.34,,5.34,5.6,,,,,,,,
2020-02-05,,,,,,7.34,,6.8,,,4.9,,,,,,,,
2020-02-06,,,,,,6.07,,9.38,,4.14,5.52,,4.14,,,,,,
2020-02-07,,,,,,4.05,,7.23,,,4.34,,,,,,,,
2020-02-08,,,,,,,,7.79,,7.11,,,5.08,,,,,,
2020-02-09,,,,,,5.75,,9.26,,,7.98,,,,,,,,
2020-02-10,,,,,,4.59,,11.33,,6.12,6.43,,,,,,,,
2020-02-11,,,,,,5.19,,7.37,,,6.28,,4.64,,,,,,
2020-02-12,,,,,,5.31,,7.7,,,5.84,,4.25,,,,,,
2020-02-13,,,,,,5.41,,8.11,,,3.79,,4.06,,,,,,
2020-02-14,,,,,,4.94,,10.17,,5.23,,,,,,,,,
2020-02-15,,,,,,,,7.79,,,9.73,,,,,,,,
2020-02-16,,,,,,5.51,,4.54,,,,,6.48,,,,,,
2020-02-17,,,,,,7.12,,5.01,,,4.49,,3.96,,,,,,
2020-02-18,,,,,,6.44,,6.17,,,,,4.29,,,,,,
2020-02-19,,,,,,3.76,,4.83,,4.3,4.3,,5.1,,,,,,
2020-02-20,0.0,0.0,,,,4.12,,5.21,,4.12,5.49,,4.39,,,,,,
2020-02-21,0.0,0.0,,,,,,4.34,,,5.5,,4.06,,,,,,
2020-02-22,0.0,0.0,,,,,,7.09,,4.73,,,4.73,,,,,,
2020-02-23,0.0,0.0,,,,8.69,,5.01,,4.68,7.35,,,,,,,,
2020-02-24,0.0,0.0,,,,5.7,,5.97,,,4.34,,4.89,,,,,,
2020-02-25,0.0,0.0,,,,6.47,,,,,5.39,,4.31,,,,,,
2020-02-26,0.0,0.0,,,,3.98,,8.48,,3.71,5.83,,3.98,,,,,,
2020-02-27,0.0,0.0,,,,5.76,,7.68,,,5.49,,4.12,,,,,,
2020-02-28,0.0,0.0,,,,,,8.73,,,5.07,,,,,,,,
2020-02-29,0.0,0.0,,,,,,6.21,,,,,6.54,,,,,,
2020-03-01,0.0,0.0,,,,5.14,,5.78,,,,,,,,,,,
2020-03-02,0.0,0.0,,,,5.19,,8.2,,,5.47,,,,,,,,
2020-03-03,0.0,0.0,,,,5.19,,7.53,,3.9,5.71,,,,,,,,
2020-03-04,0.0,0.0,,,,5.31,,4.51,,3.98,4.51,,3.72,,,,,,
2020-03-05,0.0,0.0,,,,4.6,,7.03,,4.33,,,5.41,,,,,,
2020-03-06,0.0,0.0,,,,6.09,,7.75,,4.15,,,4.15,,,,,,
2020-03-07,0.0,0.0,,,,4.93,,7.56,,,,,5.91,,,,,,
2020-03-08,0.0,0.0,,,,5.26,,7.56,,,,,,,,,,,
2020-03-09,0.0,0.0,,,,5.13,,3.59,,,4.36,,,,,,,,
2020-03-10,0.0,0.0,,,,5.68,,7.49,,,4.91,,4.39,,,,,,
2020-03-11,0.0,0.0,,,,6.78,,9.29,,4.52,6.02,,5.77,,,,,,
2020-03-12,0.0,0.0,,,,9.87,,12.21,,4.16,4.16,,5.2,,,,,,
2020-03-13,0.0,0.0,,,,10.97,,13.32,,,,,,,,,,,
2020-03-14,0.0,0.0,,,,11.61,,10.39,,4.89,5.19,,,,,,,,
2020-03-15,0.0,0.0,,,,14.9,,16.11,,,5.47,,,,,,,,
2020-03-16,0.0,0.0,,,,12.49,,19.55,,,5.7,,,,,,,,
2020-03-17,0.0,0.0,,,,13.53,,6.49,,,,,,,,,,,
2020-03-18,0.0,0.0,,,,18.64,,11.45,,5.33,4.0,,5.59,,,,,,
2020-03-19,0.0,0.0,,,,13.86,,12.26,,4.27,4.0,,,,,,,,
2020-03-20,0.0,0.0,,,,16.0,,10.58,,,,,,,,,,,
2020-03-21,0.0,0.0,,,,8.2,,10.18,,,4.52,,4.52,,,,,,
2020-03-22,0.0,0.0,,,,10.24,,9.41,,4.7,7.47,,5.81,,,,,,
2020-03-23,0.0,0.0,,,,12.63,,9.1,,,3.54,,,,,,,,
2020-03-24,0.0,0.0,,,,11.8,,6.17,,5.63,3.76,,,,,,,,
2020-03-25,0.0,0.0,,,,9.67,,7.32,,4.44,,,4.97,,,,,,
2020-03-26,0.0,0.0,,,,9.24,,7.13,,6.33,,,4.75,,,,,,
2020-03-27,0.0,0.0,,,,9.86,,8.0,,4.53,,,5.07,,,,,,
2020-03-28,0.0,0.0,,,,8.38,,8.12,,4.97,,,,,,,,,
2020-03-29,0.0,0.0,,,,6.51,,6.25,,5.73,,,6.51,,,,,,
2020-03-30,0.0,0.0,,,,8.08,,5.39,,5.63,3.43,,,,,,,,
2020-03-31,0.0,0.0,,,,8.79,,8.28,,4.27,3.51,,7.03,,,,,,
2020-04-01,0.0,0.0,,,,7.76,,5.51,,,,,,,,,,,
2020-04-02,0.0,0.0,,,,7.82,,6.25,,5.73,4.43,,,,,,,,
2020-04-03,0.0,0.0,,,,4.18,,4.7,,3.92,,,,,,,,,
2020-04-04,0.0,0.0,,,,6.35,,4.06,,4.32,,,,,,,,,
2020-04-05,0.0,0.0,,,,7.45,,7.72,,4.26,4.26,,3.99,,,,,,
2020-04-06,0.0,0.0,,,,6.74,,6.99,,4.49,,,,,,,,,
2020-04-07,1.0,0.0,,,,9.71,,6.72,,4.48,,,,,,,,,
2020-04-08,0.0,0.0,,,,5.44,,5.19,,4.45,,,5.44,,,,,,
2020-04-09,0.0,0.0,,,,5.38,,3.42,,,3.42,,3.67,,,,,,
2020-04-10,0.0,0.0,,1.1208785,1.1208785,4.38,,4.14,,3.9,,,,,,,,,
2020-04-11,1.0,0.0,,1.1142916,1.1142916,4.42,,4.14,,4.97,4.42,,4.42,,,,,,
2020-04-12,0.0,0.0,,1.1071873,1.1071873,,,6.13,,4.53,,,,,,,,,
2020-04-13,0.0,0.0,,1.106929,1.106929,4.43,,3.26,,,5.13,,3.26,,,,,,
2020-04-14,1.0,0.0,,0.6139637,0.6139637,4.0,,4.46,,3.76,,,,,,,,,
2020-04-15,0.0,0.0,,,,7.35,,,,,,,3.22,,,,,,
2020-04-16,1.0,0.0,,,,4.54,,4.07,,3.59,,,,,,,,,
2020-04-17,0.0,0.0,,,,3.32,,,,,,,,,,,,,
2020-04-18,0.0,0.0,,,,6.29,,,,3.67,4.72,,,,,,,,
2020-04-19,0.0,0.0,,,,3.58,,5.11,,4.86,,,3.83,,,,,,
2020-04-20,0.0,0.0,,,,,,,,3.2,5.03,,4.8,,,,,,
2020-04-21,0.0,0.0,,,,4.89,,,,,4.89,,,,,,,,
2020-04-22,1.0,0.0,,,,,,3.29,,3.53,,,,,,,,,
2020-04-23,0.0,0.0,,,,5.39,,6.1,,3.99,5.16,,,,,,,,
2020-04-24,0.0,0.0,,,,5.13,,4.9,,5.13,4.2,,4.9,,,,,,
2020-04-25,0.0,0.0,,,,3.55,,4.31,,4.06,,,,,,,,,
2020-04-26,0.0,0.0,,,,5.52,,4.73,,,,,7.1,,,,,,
2020-04-27,0.0,0.0,,,,5.98,,3.22,,,,,,,,,,,
2020-04-28,2.0,0.0,,0.0,0.0,5.32,,4.35,,5.32,4.35,,,,,,,,
2020-04-29,1.0,0.0,,0.4559164,0.4559164,5.65,,5.65,,5.88,3.39,,7.46,,,,,,
2020-04-30,2.0,0.0,,0.4235361,0.4235361,4.18,,4.18,,,,,,,,,,,
2020-05-01,0.0,0.0,,0.5563693,0.5563693,5.31,,,,3.62,,,4.1,,,,,,
2020-05-02,2.0,0.0,,0.8747652,0.8747652,5.0,,4.74,,6.58,,,,,,,,,
2020-05-03,0.0,0.0,,0.8765777,0.8765777,3.88,,,,,,,,,,,,,
2020-05-04,0.0,0.0,,0.852012,0.852012,3.92,,,,,,,,,,,,,
2020-05-05,1.0,0.0,,0.8486697,0.8486697,5.5,,,,,3.82,,,,,,,,
2020-05-06,1.0,0.0,,0.4177963,0.4177963,6.25,,,,,4.25,,4.75,,,,,,
2020-05-07,1.0,0.0,,0.4410622,0.4410622,5.13,,,,4.88,,,3.66,,,,,,
2020-05-08,3.0,0.0,,,,7.16,,,,,4.06,,,,,,,,
2020-05-09,1.0,0.0,,,,4.37,,5.66,,,3.6,,4.37,,,,,,
2020-05-10,2.0,0.0,,,,7.11,,,,,4.31,,4.31,,,,,,
2020-05-11,0.0,0.0,,,,16.18,,3.33,,,3.57,,,,,,,,
2020-05-12,1.0,0.0,5.569459,,,9.07,,,,3.43,3.68,,,,,,,,
2020-05-13,0.0,0.0,5.184217,,,5.97,,,,3.73,6.96,,3.98,,,,,,
2020-05-14,1.0,0.0,4.747441,,,11.55,,,,4.16,4.62,,7.16,,,,,,
2020-05-15,2.0,0.0,4.302259,,,4.37,,,,,,,,,,,,,
2020-05-16,0.0,0.0,3.740877,,,,,,,,4.56,,,,,,,,
2020-05-17,1.0,0.0,3.648128,,,3.74,,,,,3.5,,,,,,,,
2020-05-18,1.0,0.0,3.733245,,,4.54,,,,,3.41,,3.41,,,,,,
2020-05-19,0.0,0.0,3.9013,,,,,,,4.07,4.31,,3.59,,,,,,
2020-05-20,1.0,0.0,4.266468,0.0,0.0,4.05,,,,3.79,,,4.05,,,,,,
2020-05-21,1.0,0.0,3.972562,0.0,0.0,6.45,,,,,4.21,,,,,,,,
2020-05-22,2.0,0.0,3.723792,,,4.03,,,,,,,,,,,,,
2020-05-23,0.0,0.0,3.455043,0.0,0.0,3.59,,,,,,,4.07,,,,,,
2020-05-24,0.0,0.0,3.452154,,,3.85,,,,,4.07,,,,,,,,
2020-05-25,0.0,0.0,3.315971,,,3.36,,,,,5.52,,,,,,,,
2020-05-26,0.0,0.0,3.168717,0.2702815,0.6520316,4.55,,,,,,,3.59,,,,,,
2020-05-27,0.0,0.0,2.698961,0.2800079,0.6667545,,,,,,,,,,,,,,
2020-05-28,0.0,0.0,1.991638,0.2807656,0.6679013,,,,,4.27,,,,,,,,,
2020-05-29,1.0,0.0,1.364477,0.2738659,0.6574572,,,3.76,,,,,,,,,,,
2020-05-30,0.0,0.0,0.831822,0.2712836,0.6535484,,,,,,3.58,,3.84,,,,,,
2020-05-31,0.0,0.0,,0.2511746,0.6231093,,,,,,,,,,,,,,
2020-06-01,0.0,0.0,,0.0,0.6264852,3.3,,,,,,,,,,,,,
2020-06-02,0.0,0.0,,0.0,0.0,,,3.94,,,3.94,,3.45,,,,,,
2020-06-03,0.0,0.0,0.16075,,,,,,,5.31,,,,,,,,,
2020-06-04,0.0,0.0,,,,,,,,3.49,5.24,,3.49,,,,,,
2020-06-05,6.0,0.0,,,,5.88,,,,4.24,,,,,,,,,
2020-06-06,0.0,0.0,,,,,,4.0,,,,,,,,,,,
2020-06-07,0.0,0.0,,,,,,,,3.45,,,4.43,,,,,,
2020-06-08,0.0,0.0,,,,,,,,3.85,3.61,,4.81,,,,,,
2020-06-09,0.0,0.0,,,,3.79,,,,,,,3.32,,,,,,
2020-06-10,0.0,0.0,,,,3.22,,,,5.75,3.22,,5.06,,,,,,
2020-06-11,0.0,0.0,,,,3.83,,,,,4.31,,,,,,,,
2020-06-12,0.0,0.0,,,,4.05,,,,4.76,,,3.81,,,,,,
2020-06-13,0.0,0.0,,,,,,3.83,,4.09,,,3.58,,,,,,
2020-06-14,0.0,0.0,,,,5.09,,,,3.88,4.85,,4.36,,,,,,
2020-06-15,0.0,0.0,,,,,,,,,,,4.83,,,,,,
2020-06-16,0.0,0.0,,,,4.33,,,,,3.37,,4.33,,,,,,
2020-06-17,0.0,0.0,,,,,,,,,,,3.4,,,,,,
2020-06-18,2.0,0.0,,,,,,4.12,,4.36,3.88,,3.64,,,,,,
2020-06-19,0.0,0.0,,,,4.28,,,,,,,,,,,,,
2020-06-20,1.0,0.0,,,,,,,,3.26,,,4.19,,,,,,
2020-06-21,0.0,0.0,,,,3.35,,,,3.83,,,,,,,,,
2020-06-22,0.0,0.0,,,,,,,,4.27,4.27,,3.37,,,,,,
2020-06-23,1.0,0.0,,,,,,,,,4.37,,3.45,,,,,,
2020-06-24,1.0,0.0,,,,4.87,,3.41,,,4.87,,,,,,,,
2020-06-25,0.0,0.0,,,,,,,,,5.37,,5.37,,,,,,
2020-06-26,0.0,0.0,,,,4.35,,,,7.09,,,3.2,,,,,,
2020-06-27,2.0,0.0,,,,5.03,,4.31,,,4.31,,4.79,,,,,,
2020-06-28,0.0,0.0,,,,5.07,,3.46,,4.84,6.69,,5.3,,,,,,
2020-06-29,1.0,0.0,,,,,,3.31,,3.09,,,,,,,,,
2020-06-30,5.0,0.0,,,,,,3.6,,3.82,4.72,,3.6,,,,,,
2020-07-01,2.0,0.0,,,,,,,,,4.63,,4.63,,,,,,
2020-07-02,4.0,0.0,,,,3.2,,3.84,,,3.2,,4.69,,,,,,
2020-07-03,1.0,0.0,,,,3.3,,,,,3.51,,,,,,,,
2020-07-04,3.0,0.0,,,,,,,,3.16,2.95,,3.59,,,,,,
2020-07-05,0.0,0.0,,,,3.74,,2.76,,3.94,4.73,,4.73,,,,,,
2020-07-06,4.0,0.0,,,,4.94,,,,,5.33,,4.94,,,,,,
2020-07-07,1.0,0.0,,,,3.51,,,,4.13,4.96,,,,,,,,
2020-07-08,4.0,0.0,,,,5.92,,3.17,,,2.96,,5.5,,,,,,
2020-07-09,2.0,0.0,,,,3.32,,,,,3.53,,,,,,,,
2020-07-10,0.0,0.0,,,,3.91,,4.53,,2.88,3.09,,4.32,,,,,,
2020-07-11,2.0,0.0,,,,,,,,,,,4.7,,,,,,
2020-07-12,2.0,0.0,,,,4.13,,5.21,,,3.69,,5.43,,,,,,
2020-07-13,0.0,0.0,,,,3.83,,,,3.83,4.26,,4.9,,,,,,
2020-07-14,3.0,0.0,,,,5.34,,,,5.34,5.77,,3.85,,,,,,
2020-07-15,1.0,0.0,,,,3.76,,,,,3.13,,6.47,,,,,,
2020-07-16,-1.0,0.0,,,,,,3.07,,3.29,,,4.6,,,,,,
2020-07-17,2.0,0.0,,,,4.25,,,,,3.4,,,,,,,,
2020-07-18,0.0,0.0,,,,,,,,5.71,3.81,,2.96,,,,,,
2020-07-19,1.0,0.0,,,,,,3.14,,,3.35,,3.77,,,,,,
2020-07-20,7.0,0.0,,,,4.29,,,,4.5,,,3.65,,,,,,
2020-07-21,3.0,0.0,,,,4.32,,,,3.67,4.96,,4.1,,,,,,
2020-07-22,12.0,0.0,,,,,,3.49,,3.05,3.71,,,,,,,,
2020-07-23,-8.0,0.0,,,,,,3.19,,,2.98,,4.68,,,,,,
2020-07-24,-3.0,0.0,,,,,,,,3.66,3.44,,3.88,,,,,,
2020-07-25,0.0,0.0,,,,,,3.5,,,3.28,,4.38,,,,,,
2020-07-26,0.0,0.0,,,,3.76,,4.81,,3.97,3.76,,3.56,,,,,,
2020-07-27,0.0,0.0,,,,,,,,3.08,3.29,,,,,,,,
2020-07-28,0.0,0.0,,,,,,3.37,,,4.63,,,,,,,,
2020-07-29,1.0,0.0,,,,,,3.46,,4.54,6.48,,4.54,,,,,,
2020-07-30,0.0,0.0,,,,,,,,,4.32,,,,,,,,
2020-07-31,1.0,0.0,,,,,,3.79,,,4.21,,,,,,,,
2020-08-01,2.0,0.0,,,,4.1,,,,4.75,3.45,,3.02,,,,,,
2020-08-02,0.0,0.0,,,,,,,,3.35,3.77,,5.66,,,,,,
2020-08-03,0.0,0.0,,,,4.08,,,,4.08,4.89,,4.89,,,,,,
2020-08-04,1.0,0.0,,,,3.33,,5.0,,,5.0,,4.17,,,,,,
2020-08-05,1.0,0.0,,,,,,,,4.62,3.99,,4.62,,,,,,
2020-08-06,0.0,0.0,,,,,,4.94,,3.44,5.8,,3.01,,,,,,
2020-08-07,0.0,0.0,,,,,,,,3.79,6.53,,4.0,,,,,,
2020-08-08,2.0,0.0,,,,2.86,,,,3.06,4.28,,4.28,,,,,,
2020-08-09,0.0,0.0,,,,3.55,,,,3.97,5.22,,,,,,,,
2020-08-10,1.0,0.0,,,,,,2.86,,4.7,2.86,,,,,,,,
2020-08-11,1.0,0.0,,,,3.01,,3.65,,3.87,4.51,,3.44,,,,,,
2020-08-12,0.0,0.0,,,,4.31,,,,4.52,3.88,,,,,,,,
2020-08-13,0.0,0.0,,,,3.74,,,,5.72,6.61,,4.18,,,,,,
2020-08-14,1.0,0.0,,,,2.96,,,,,4.01,,3.59,,,,,,
2020-08-15,0.0,0.0,,,,,,2.89,,,4.55,,5.79,,,,,,
2020-08-16,3.0,0.0,,,,3.13,,,,5.37,,,6.26,,,,,,
2020-08-17,0.0,0.0,,,,3.51,,3.07,,,4.17,,,,,,,,
2020-08-18,0.0,0.0,,,,,,,,5.02,4.33,,5.02,,,,,,
2020-08-19,0.0,0.0,,,,,,,,4.51,6.09,,,,,,,,
2020-08-20,0.0,0.0,,,,3.07,,,,,3.95,,5.71,,,,,,
2020-08-21,0.0,0.0,,,,,,3.51,,3.95,,,,,,,,,
2020-08-22,2.0,0.0,,,,,,4.63,,,,,5.52,,,,,,
2020-08-23,3.0,0.0,,,,3.51,,,,4.38,,,,,,,,,
2020-08-24,1.0,0.0,,,,3.8,,,,5.13,3.13,,4.24,,,,,,
2020-08-25,1.0,0.0,,,,,,,,,4.78,,4.33,,,,,,
2020-08-26,1.0,0.0,,,,3.79,,,,,3.57,,,,,,,,
2020-08-27,2.0,0.0,,,,3.73,,3.51,,,4.17,,5.48,,,,,,
2020-08-28,-1.0,0.0,,,,,,,,,3.69,,5.0,,,,,,
2020-08-29,0.0,0.0,,,,,,,,3.69,,,,,,,,,
2020-08-30,3.0,0.0,,,,,,4.19,,3.73,3.49,,4.19,,,,,,
2020-08-31,1.0,0.0,,,,,,,,,6.69,,3.92,,,,,,
2020-09-01,0.0,0.0,,,,4.62,,,,,5.08,,3.93,,,,,,
2020-09-02,0.0,0.0,,,,3.24,,3.47,,,3.47,,3.93,,,,,,
2020-09-03,2.0,0.0,,,,3.59,,,,,,,4.04,,,,,,
2020-09-04,0.0,0.0,,,,3.47,,,,3.04,5.64,,3.04,,,,,,
2020-09-05,4.0,0.0,,,,3.56,,,,,2.93,,7.11,,,,,,
2020-09-06,0.0,0.0,,,,,,3.12,,,,,3.32,,,,,,
2020-09-07,1.0,0.0,,,,3.23,,,,3.44,5.59,,,,,,,,
2020-09-08,0.0,0.0,,,,3.87,,,,,5.16,,4.73,,,,,,
2020-09-09,0.0,0.0,,,,3.85,,,,,4.92,,3.21,,,,,,
2020-09-10,1.0,0.0,,,,7.08,,3.86,,3.65,,,4.5,,,,,,
2020-09-11,1.0,0.0,,,,,,,,3.15,3.37,,,,,,,,
2020-09-12,0.0,0.0,,,,,,4.13,,3.21,3.44,,3.9,,,,,,
2020-09-13,0.0,0.0,,,,,,,,4.11,,,3.86,,,,,,
2020-09-14,2.0,0.0,,,,3.28,,,,5.68,4.15,,3.71,,,,,,
2020-09-15,1.0,0.0,,,,,,4.88,,3.55,6.21,,,,,,,,
2020-09-16,0.0,0.0,,,,5.13,,4.24,,3.57,5.35,,6.02,,,,,,
2020-09-17,1.0,0.0,,,,,,,,5.17,6.07,,3.15,,,,,,
2020-09-18,0.0,0.0,,,,3.73,,,,5.05,,,4.61,,,,,,
2020-09-19,0.0,0.0,,,,3.4,,,,5.82,,,4.37,,,,,,
2020-09-20,0.0,0.0,,,,,,4.43,,,,,3.93,,,,,,
2020-09-21,0.0,0.0,,,,4.38,,,,,6.36,,3.73,,,,,,
2020-09-22,1.0,0.0,,,,,,,,3.39,5.2,,6.1,,,,,,
2020-09-23,2.0,0.0,,,,,,4.29,,4.07,4.74,,9.49,,,,,,
2020-09-24,-1.0,0.0,,,,7.33,,5.49,,5.26,4.58,,8.47,,,,,,
2020-09-25,-1.0,0.0,,,,6.9,,,,,4.67,,,,,,,,
2020-09-26,0.0,0.0,,,,3.4,,,,4.38,4.38,,3.4,,,,,,
2020-09-27,0.0,0.0,,,,3.58,,,,,4.78,,3.58,,,,,,
2020-09-28,0.0,0.0,,,,3.0,,4.93,,4.29,4.72,,,,,,,,
2020-09-29,1.0,0.0,,,,,,3.43,,3.66,3.66,,,,,,,,
2020-09-30,0.0,0.0,,,,3.17,,3.4,,3.62,5.89,,4.08,,,,,,
2020-10-01,1.0,0.0,1.207525,,,,,4.3,,3.62,,,4.08,,,,,,
2020-10-02,1.0,0.0,1.513743,,,,,6.24,,,3.79,,,,,,,,
2020-10-03,0.0,0.0,1.754981,,,,,,,5.83,5.83,,,,,,,,
2020-10-04,0.0,0.0,,,,3.9,,4.63,,3.65,4.14,,5.84,,,,,,
2020-10-05,3.0,0.0,,,,4.24,,6.47,,3.79,4.02,,4.46,,,,,,
2020-10-06,1.0,0.0,,,,3.69,,3.69,,,4.38,,,,,,,,
2020-10-07,3.0,0.0,1.881543,,,4.75,,,,3.62,3.39,,,,,,,,
2020-10-08,0.0,0.0,,,,3.98,,5.85,,4.21,,,3.98,,,,,,
2020-10-09,0.0,0.0,,,,,,6.13,,,5.64,,,,,,,,
2020-10-10,4.0,1.0,,,,,,,,4.91,3.93,,4.67,,,,,,
2020-10-11,0.0,0.0,,,,3.37,,3.85,,3.85,3.61,,3.85,,,,,,
2020-10-12,4.0,0.0,,,,3.71,,3.06,,3.71,5.67,,4.58,,,,,,
2020-10-13,4.0,0.0,,,,3.3,,4.48,,,4.95,,6.13,,,,,,
2020-10-14,1.0,0.0,,,,5.12,,4.42,,3.26,3.96,,4.65,,,,,,
2020-10-15,4.0,0.0,,,,3.97,,,,3.5,5.83,,,,,,,,
2020-10-16,7.0,0.0,,,,3.29,,4.47,,6.58,4.47,,4.47,,,,,,
2020-10-17,5.0,0.0,,,,3.93,,3.93,,,,,5.16,,,,,,
2020-10-18,0.0,0.0,,,,,,5.45,,3.72,3.47,,3.47,,,,,,
2020-10-19,14.0,0.0,,,,4.36,,8.72,,3.9,,,5.28,,,,,,
2020-10-20,1.0,0.0,,,,5.0,,4.29,,,4.53,,3.57,,,,,,
2020-10-21,8.0,0.0,,,,,,3.51,,5.85,5.15,,4.21,,,,,,
2020-10-22,1.0,0.0,,,,,,,,4.5,,,4.28,,,,,,
2020-10-23,12.0,0.0,,,,,,3.19,,,,,6.38,,,,,,
2020-10-24,10.0,0.0,,,,,,,,,4.17,,,,,,,,
2020-10-25,0.0,0.0,,,,4.75,,,,,4.49,,,,,,,,
2020-10-26,21.0,0.0,,,,4.81,,6.41,,3.43,3.66,,3.2,,,,,,
2020-10-27,4.0,0.0,,,,3.8,,4.04,,3.8,6.89,,3.56,,,,,,
2020-10-28,6.0,0.0,,,,,,,,,5.46,,4.03,,,,,,
2020-10-29,7.0,1.0,,,,,,4.29,,3.57,3.81,,,,,,,,
2020-10-30,11.0,0.0,,,,4.36,,,,3.39,3.39,,5.09,,,,,,
2020-10-31,12.0,0.0,,,,,,,,4.47,,,4.47,,,,,,
2020-11-01,0.0,0.0,,,,,,4.25,,,7.71,,,,,,,,
2020-11-02,21.0,0.0,,,,5.0,,,,4.04,3.81,,3.57,,,,,,
2020-11-03,17.0,1.0,,,,,,,,,3.23,,,,,,,,
2020-11-04,4.0,0.0,,,,5.04,,4.17,,,,,3.73,,,,,,
2020-11-05,10.0,1.0,1.27944,,,,,5.78,,,3.93,,3.23,,,,,,
2020-11-06,4.0,0.0,,,,3.55,,5.21,,4.02,3.79,,3.79,,,,,,
2020-11-07,0.0,0.0,1.747789,,,,,,,,,,6.79,,,,,,
2020-11-08,0.0,0.0,,,,4.18,,,,3.92,,,,,,,,,
2020-11-09,22.0,0.0,,,,3.49,,3.26,,3.73,5.82,,4.66,,,,,,
2020-11-10,15.0,0.0,3.228627,,,,,3.26,,,3.49,,3.26,,,,,,
2020-11-11,8.0,0.0,3.758284,,,4.5,,,,,3.31,,3.79,,,,,,
2020-11-12,15.0,0.0,5.191909,,,3.81,,4.52,,5.23,5.23,,,,,,,,
2020-11-13,9.0,0.0,6.41459,,,4.94,,4.24,,5.18,4.47,,,,,,,,
2020-11-14,7.0,2.0,7.775704,,,5.37,,,,5.91,,,5.91,,,,,,
2020-11-15,0.0,0.0,,,,4.04,,4.54,,4.54,4.29,,4.04,,,,,,
2020-11-16,35.0,0.0,,,,4.53,,4.77,,,,,3.34,,,,,,
2020-11-17,20.0,0.0,,,,3.89,,4.61,,5.1,3.89,,4.13,,,,,,
2020-11-18,11.0,0.0,,,,,,,,5.02,5.97,,,,,,,,
2020-11-19,9.0,0.0,,,,,,5.13,,5.86,5.62,,,,,,,,
2020-11-20,11.0,0.0,,,,6.73,,,,,3.85,,5.05,,,,,,
2020-11-21,6.0,0.0,,,,5.65,,,,,4.04,,,,,,,,
2020-11-22,0.0,0.0,,,,5.94,,,,,5.68,,,,,,,,
2020-11-23,30.0,1.0,,,,,,3.72,,,3.26,,4.19,,,,,,
2020-11-24,15.0,0.0,,,,3.76,,3.52,,3.29,,,3.29,,,,,,
2020-11-25,8.0,2.0,,,,3.76,,3.52,,,,,,,,,,,
2020-11-26,0.0,0.0,,,,,,,,,6.78,,,,,,,,
2020-11-27,20.0,1.0,,,,,,4.01,,3.76,4.77,,,,,,,,
2020-11-28,11.0,1.0,,,,,,,,6.42,3.85,,,,,,,,
2020-11-29,0.0,0.0,,,,4.64,,4.13,,5.42,4.13,,4.9,,,,,,
2020-11-30,21.0,0.0,,,,,,3.69,,,,,3.23,,,,,,
2020-12-01,8.0,1.0,,,,4.71,,4.95,,,5.65,,,,,,,,
2020-12-02,20.0,0.0,,,,4.5,,,,3.56,4.98,,6.17,,,,,,
2020-12-03,10.0,0.0,,,,4.75,,3.8,,3.57,3.57,,3.33,,,,,,
2020-12-04,21.0,0.0,,,,4.37,,3.64,,5.09,3.4,,3.88,,,,,,
2020-12-05,9.0,0.0,,,,3.78,,,,4.05,,,,,,,,,
2020-12-06,0.0,0.0,,,,6.32,,,,,5.0,,4.74,,,,,,
2020-12-07,27.0,0.0,,,,5.25,,,,3.88,4.56,,,,,,,,
2020-12-08,18.0,0.0,,,,,,4.12,,,3.63,,3.63,,,,,,
2020-12-09,26.0,1.0,,,,,,5.25,,,4.29,,,,,,,,
2020-12-10,10.0,0.0,,,,4.1,,,,,,,,,,,,,
2020-12-11,12.0,0.0,,,,3.82,,,,3.82,3.34,,4.06,,,,,,
2020-12-12,13.0,1.0,,,,3.97,,6.36,,,5.83,,3.97,,,,,,
2020-12-13,0.0,0.0,,,,,,,,,4.83,,4.83,,,,,,
2020-12-14,21.0,1.0,,,,4.84,,,,3.45,5.53,,,,,,,,
2020-12-15,13.0,0.0,,,,,,,,4.62,3.23,,3.93,,,,,,
2020-12-16,25.0,0.0,,,,7.48,,3.86,,3.86,,,,,,,,,
2020-12-17,15.0,0.0,,,,3.37,,,,,5.77,,4.33,,,,,,
2020-12-18,14.0,0.0,,,,,,4.92,,4.92,,,5.41,,,,,,
2020-12-19,19.0,0.0,,,,6.78,,5.43,,4.88,4.34,,4.61,,,,,,
2020-12-20,0.0,0.0,,,,3.81,,,,4.9,6.8,,4.62,,,,,,
2020-12-21,21.0,0.0,,,,,,5.11,,,4.08,,,,,,,,
2020-12-22,8.0,3.0,,,,4.11,,3.6,,,3.6,,6.94,,,,,,
2020-12-23,19.0,0.0,,,,,,,,,4.04,,4.04,,,,,,
2020-12-24,0.0,0.0,,,,,,5.51,,,,,,,,,,,
2020-12-25,0.0,0.0,,,,,,,,,5.03,,,,,,,,
2020-12-26,27.0,0.0,,,,,,3.91,,,,,,,,,,,
2020-12-27,0.0,0.0,,,,,,4.04,,5.11,4.84,,,,,,,,
2020-12-28,4.0,1.0,,,,,,,,4.74,,,5.73,,,,,,
2020-12-29,3.0,0.0,,,,3.54,,,,,3.54,,,,,,,,
2020-12-30,7.0,0.0,,,,3.98,,,,,,,4.48,,,,,,
2020-12-31,0.0,0.0,,,,,,,,,,,,,,,,,
2021-01-01,0.0,0.0,,,,,,4.13,,4.9,,,3.87,,,,,,
2021-01-02,17.0,1.0,,,,4.17,,,,5.74,4.69,,5.48,,,,,,
2021-01-03,0.0,0.0,,,,,,,,,,,5.55,,,,,,
2021-01-04,15.0,1.0,,,,4.5,,3.6,,5.17,3.6,,4.05,,,,,,
2021-01-05,6.0,0.0,,,,5.76,,,,3.91,4.38,,3.45,,,,,,
2021-01-06,11.0,0.0,,,,3.21,,3.21,,,,,3.44,,,,,,
2021-01-07,12.0,0.0,,,,,,3.96,,4.9,3.5,,,,,,,,
2021-01-08,5.0,0.0,,,,,,3.26,,4.42,5.82,,4.65,,,,,,
2021-01-09,13.0,0.0,,,,3.69,,3.69,,4.48,4.21,,3.95,,,,,,
2021-01-10,0.0,0.0,,,,,,3.88,,,4.13,,3.62,,,,,,
2021-01-11,12.0,0.0,,,,3.45,,3.45,,3.68,5.29,,5.06,,,,,,
2021-01-12,6.0,1.0,,,,,,4.2,,3.73,5.13,,3.97,,,,,,
2021-01-13,7.0,0.0,,,,5.44,,,,5.68,3.79,,,,,,,,
2021-01-14,14.0,0.0,,,,4.17,,,,4.87,4.17,,3.25,,,,,,
2021-01-15,9.0,0.0,,,,3.48,,,,,4.18,,4.64,,,,,,
2021-01-16,4.0,0.0,,,,3.94,,,,,6.04,,3.94,,,,,,
2021-01-17,0.0,0.0,,,,3.76,,,,4.3,4.83,,7.25,,,,,,
2021-01-18,10.0,1.0,,,,3.63,,,,5.08,,,5.08,,,,,,
2021-01-19,0.0,0.0,,,,3.99,,4.22,,5.63,3.76,,5.63,,,,,,
2021-01-20,12.0,0.0,,,,,,,,3.65,5.47,,3.42,,,,,,
2021-01-21,9.0,0.0,,,,3.28,,,,4.22,4.92,,3.51,,,,,,
2021-01-22,2.0,0.0,,,,3.81,,3.57,,4.05,4.76,,3.81,,,,,,
2021-01-23,1.0,1.0,,,,,,4.35,,4.62,,,,,,,,,
2021-01-24,0.0,0.0,,,,4.01,,5.08,,,6.69,,,,,,,,
2021-01-25,4.0,0.0,,,,3.85,,,,,4.58,,,,,,,,
2021-01-26,2.0,1.0,0.965358,,,4.26,,3.79,,3.55,5.92,,4.97,,,,,,
2021-01-27,4.0,0.0,1.010644,,,,,,,4.05,4.53,,,,,,,,
2021-01-28,4.0,1.0,1.72802,,,4.13,,3.88,,4.61,5.34,,,,,,,,
2021-01-29,11.0,0.0,2.32076,,,,,,,,,,,,,,,,
2021-01-30,9.0,0.0,2.545044,,,,,,,6.1,,,4.16,,,,,,
2021-01-31,0.0,0.0,,,,,,,,5.33,,,,,,,,,
2021-02-01,8.0,0.0,,,,,,,,4.42,,,3.72,,,,,,
2021-02-02,5.0,0.0,3.154407,,,,,,,3.64,3.64,,5.09,,,,,,
2021-02-03,4.0,0.0,3.120474,,,3.65,,4.37,,,5.59,,,,,,,,
2021-02-04,9.0,0.0,3.372217,,,,,,,,,,3.36,,,,,,
2021-02-05,5.0,0.0,2.884502,,,,,,,,4.51,,,,,,,,
2021-02-06,0.0,0.0,2.447791,,,,,7.17,,5.45,,,,,,,,,
2021-02-07,0.0,0.0,,,,,,,,5.27,,,,,,,,,
2021-02-08,1.0,0.0,,,,,,,,,6.64,,3.8,,,,,,
2021-02-09,0.0,0.0,1.527362,,,3.87,,,,6.77,5.07,,3.87,,,,,,
2021-02-10,3.0,0.0,1.320409,,,4.71,,,,4.21,4.95,,,,,,,,
2021-02-11,1.0,0.0,,,,,,,,6.15,4.18,,,,,,,,
2021-02-12,5.0,0.0,,,,,,,,,,,3.77,,,,,,
2021-02-13,0.0,0.0,,,,,,,,4.54,4.82,,,,,,,,
2021-02-14,0.0,0.0,,,,,,,,4.57,6.0,,5.43,,,,,,
2021-02-15,1.0,0.0,,,,6.01,,3.85,,4.57,,,4.09,,,,,,
2021-02-16,0.0,0.0,0.0,,,,,,,,4.35,,,,,,,,
2021-02-17,1.0,0.0,,,,3.39,,,,,7.76,,4.12,,,,,,
2021-02-18,0.0,0.0,,,,5.7,,,,5.45,5.95,,4.21,,,,,,
2021-02-19,4.0,0.0,,,,,,,,4.04,,,,,,,,,
2021-02-20,2.0,0.0,,,,,,,,4.64,,,4.35,,,,,,
2021-02-21,0.0,0.0,,,,4.49,,4.49,,5.61,5.33,,,,,,,,
2021-02-22,0.0,0.0,,,,,,,,3.86,4.38,,,,,,,,
2021-02-23,3.0,0.0,,,,,,,,,,,,,,,,,
2021-02-24,5.0,0.0,,,,,,4.4,,5.38,7.33,,3.42,,,,,,
2021-02-25,0.0,0.0,,,,,,,,7.01,4.59,,3.38,,,,,,
2021-02-26,1.0,0.0,1.610747,,,3.55,,3.55,,4.05,,,,,,,,,
2021-02-27,0.0,0.0,,,,4.15,,,,5.92,,,7.41,,,,,,
2021-02-28,0.0,0.0,,,,,,,,,,,5.36,,,,,,
2021-03-01,1.0,0.0,,,,,,,,4.52,5.48,,,,,,,,
2021-03-02,0.0,0.0,0.633638,,,3.81,,,,,5.24,,3.33,,,,,,
2021-03-03,2.0,0.0,,,,,,,,3.62,3.86,,8.44,,,,,,
2021-03-04,6.0,0.0,0.433344,,,,,3.62,,,6.03,,5.79,,,,,,
2021-03-05,3.0,0.0,,,,,,,,3.45,4.19,,4.19,,,,,,
2021-03-06,2.0,0.0,,,,,,,,4.5,,,5.63,,,,,,
2021-03-07,0.0,0.0,,,,,,,,4.75,4.47,,3.92,,,,,,
2021-03-08,3.0,0.0,,,,4.13,,,,4.85,,,7.77,,,,,,
2021-03-09,0.0,0.0,0.283919,,,,,,,,3.88,,4.61,,,,,,
2021-03-10,3.0,0.0,,,,,,3.76,,4.23,4.0,,3.52,,,,,,
2021-03-11,1.0,0.0,0.089376,,,4.13,,,,,5.35,,6.08,,,,,,
2021-03-12,6.0,0.0,0.351712,,,4.59,,,,4.11,4.59,,6.52,,,,,,
2021-03-13,2.0,0.0,0.832943,,,,,,,8.13,,,,,,,,,
2021-03-14,0.0,0.0,1.264883,,,,,,,6.11,5.27,,,,,,,,
2021-03-15,1.0,0.0,1.647075,,,3.9,,,,,4.82,,3.21,,,,,,
2021-03-16,0.0,0.0,1.867429,,,,,,,,4.85,,5.54,,,,,,
2021-03-17,7.0,0.0,2.142414,,,3.78,,4.73,,4.02,7.56,,3.78,,,,,,
2021-03-18,5.0,1.0,2.284525,,,,,,,,6.83,,5.18,,,,,,
2021-03-19,8.0,0.0,2.416283,,,,,,,3.43,3.43,,6.36,,,,,,
2021-03-20,4.0,0.0,2.181962,,,,,,,,4.8,,,,,,,,
2021-03-21,0.0,0.0,1.660136,,,,,,,4.27,,,,,,,,,
2021-03-22,7.0,0.0,,,,,,,,3.47,4.4,,4.86,,,,,,
2021-03-23,1.0,0.0,0.7702,,,4.55,,6.95,,4.79,5.51,,3.59,,,,,,
2021-03-24,6.0,0.0,0.427981,,,,,3.28,,3.75,3.98,,3.98,,,,,,
2021-03-25,9.0,0.0,0.155351,,,4.66,,4.41,,,,,4.9,,,,,,
2021-03-26,11.0,0.0,0.0,,,4.87,,4.87,,5.14,5.95,,4.06,,,,,,
2021-03-27,9.0,0.0,0.484033,,,,,,,,,,4.39,,,,,,
2021-03-28,0.0,0.0,1.095006,,,,,4.02,,4.31,4.02,,6.6,,,,,,
2021-03-29,22.0,0.0,1.740361,,,,,4.78,,,6.19,,5.06,,,,,,
2021-03-30,10.0,0.0,2.479146,,,,,5.27,,4.16,7.49,,4.44,,,,,,
2021-03-31,23.0,0.0,3.148147,,,,,5.08,,,5.08,,,,,,,,
2021-04-01,24.0,0.0,3.902664,,,4.21,,4.49,,,5.89,,,,,,,,
2021-04-02,20.0,0.0,4.70394,,,,,6.59,,5.5,3.85,,4.95,,,,,,
2021-04-03,23.0,0.0,5.59234,,,5.22,,4.35,,,5.8,,,,,,,,
2021-04-04,0.0,0.0,5.614736,,,5.42,,,,5.12,4.82,,,,,,,,
2021-04-05,26.0,0.0,5.582573,,,3.85,,6.25,,,5.77,,4.81,,,,,,
2021-04-06,9.0,0.0,5.241388,,,4.64,,3.42,,,3.42,,5.86,,,,,,
2021-04-07,28.0,0.0,4.521851,,,6.33,,,,,4.14,,5.84,,,,,,
2021-04-08,43.0,0.0,4.45246,,,7.45,,,,6.75,5.82,,6.05,,,,,,
2021-04-09,15.0,0.0,4.602503,,,4.27,,,,,3.56,,5.22,,,,,,
2021-04-10,40.0,0.0,5.14605,,,4.59,,4.32,,,5.13,,5.93,,,,,,
2021-04-11,0.0,0.0,,,,3.98,,4.26,,4.26,5.4,,5.12,,,,,,
2021-04-12,18.0,0.0,,,,4.53,,4.28,,,3.52,,3.77,,,,,,
2021-04-13,29.0,0.0,6.398016,,,,,,,4.99,3.99,,6.49,,,,,,
2021-04-14,27.0,1.0,,,,5.04,,4.32,,6.0,6.0,,,,,,,,
2021-04-15,39.0,0.0,,,,4.28,,6.66,,5.23,5.23,,4.99,,,,,,
2021-04-16,26.0,0.0,,,,5.33,,4.36,,,4.85,,3.39,,,,,,
2021-04-17,26.0,0.0,6.577818,,,,,,,4.45,4.45,,,,,,,,
2021-04-18,0.0,0.0,5.410761,,,,,,,,5.12,,,,,,,,
2021-04-19,49.0,1.0,,,,,,5.74,,4.54,,,4.07,,,,,,
2021-04-20,0.0,0.0,3.853677,,,3.83,,,,5.03,5.75,,4.55,,,,,,
2021-04-21,29.0,1.0,2.619344,,,,,,,7.91,5.75,,,,,,,,
2021-04-22,16.0,0.0,1.658545,,,3.69,,7.63,,4.43,4.92,,5.17,,,,,,
2021-04-23,33.0,0.0,1.102404,,,,,4.69,,,,,4.2,,,,,,
2021-04-24,20.0,0.0,0.655289,,,4.77,,5.34,,,3.93,,,,,,,,
2021-04-25,0.0,0.0,0.716826,,,,,6.49,,,5.95,,6.76,,,,,,
2021-04-26,24.0,0.0,,,,,,3.69,,,4.15,,3.46,,,,,,
2021-04-27,10.0,1.0,1.053979,,,4.93,,,,,3.95,,,,,,,,
2021-04-28,12.0,1.0,1.140368,,,4.08,,4.56,,,3.6,,6.24,,,,,,
2021-04-29,10.0,0.0,1.433783,,,,,9.25,,3.56,5.22,,3.56,,,,,,
2021-04-30,9.0,0.0,1.454757,,,,,3.98,,,,,4.97,,,,,,
2021-05-01,13.0,0.0,1.422353,,,4.13,,,,4.96,4.96,,4.41,,,,,,
2021-05-02,0.0,0.0,,,,,,,,5.46,4.02,,4.88,,,,,,
2021-05-03,17.0,0.0,,,,,,,,6.93,5.54,,4.39,,,,,,
2021-05-04,7.0,2.0,1.811384,,,4.2,,,,,3.27,,4.9,,,,,,
2021-05-05,10.0,1.0,1.675162,,,,,4.07,,3.35,,,,,,,,,
2021-05-06,14.0,0.0,1.626962,,,,,4.5,,3.55,5.92,,7.34,,,,,,
2021-05-07,5.0,0.0,1.572233,,,3.6,,5.04,,,7.2,,6.48,,,,,,
2021-05-08,13.0,0.0,,,,,,,,,,,5.04,,,,,,
2021-05-09,0.0,0.0,,,,,,3.98,,5.41,,,,,,,,,
2021-05-10,5.0,1.0,,,,,,,,,,,3.25,,,,,,
2021-05-11,6.0,0.0,,,,5.46,,6.41,,4.98,5.46,,5.46,,,,,,
2021-05-12,13.0,0.0,,,,,,5.83,,4.86,5.1,,4.61,,,,,,
2021-05-13,3.0,0.0,,,,4.59,,4.35,,,3.87,,3.63,,,,,,
2021-05-14,1.0,0.0,,,,3.46,,,,5.43,,,,,,,,,
2021-05-15,0.0,0.0,,,,5.9,,,,,4.56,,,,,,,,
2021-05-16,0.0,0.0,,,,,,,,,4.23,,4.76,,,,,,
2021-05-17,2.0,0.0,,,,,,5.24,,,3.57,,4.05,,,,,,
2021-05-18,0.0,0.0,,,,,,,,4.99,4.99,,4.51,,,,,,
2021-05-19,4.0,0.0,,,,,,,,3.49,5.59,,4.19,,,,,,
2021-05-20,4.0,0.0,3.349833,,,,,,,4.08,4.32,,3.84,,,,,,
2021-05-21,0.0,0.0,,,,,,,,,4.86,,,,,,,,
2021-05-22,3.0,0.0,,,,,,,,4.11,4.38,,7.12,,,,,,
2021-05-23,0.0,0.0,,,,,,,,,,,4.64,,,,,,
2021-05-24,2.0,0.0,,,,,,4.11,,3.65,,,5.48,,,,,,
2021-05-25,2.0,0.0,0.208607,,,,,4.68,,4.92,6.56,,4.22,,,,,,
2021-05-26,2.0,0.0,0.015007,,,3.33,,,,,6.19,,4.05,,,,,,
2021-05-27,3.0,0.0,,,,5.32,,3.7,,5.32,5.32,,4.62,,,,,,
2021-05-28,4.0,0.0,,,,,,4.15,,,3.46,,4.84,,,,,,
2021-05-29,1.0,0.0,,,,,,4.35,,,5.8,,4.83,,,,,,
2021-05-30,0.0,0.0,,,,,,3.92,,,,,5.07,,,,,,
2021-05-31,0.0,0.0,,,,3.24,,5.56,,4.86,5.33,,3.71,,,,,,
2021-06-01,0.0,0.0,,,,4.79,,3.65,,3.2,4.79,,5.71,,,,,,
2021-06-02,1.0,0.0,,,,,,3.68,,4.14,4.14,,3.45,,,,,,
2021-06-03,1.0,0.0,,,,,,4.56,,8.21,,,5.47,,,,,,
2021-06-04,0.0,0.0,,,,3.45,,,,,4.14,,,,,,,,
2021-06-05,0.0,0.0,,,,,,,,,,,4.91,,,,,,
2021-06-06,0.0,0.0,,,,,,3.58,,,4.09,,5.37,,,,,,
2021-06-07,3.0,0.0,,,,,,,,,3.06,,5.02,,,,,,
2021-06-08,1.0,0.0,1.578651,,,3.18,,,,,5.67,,,,,,,,
2021-06-09,0.0,1.0,1.563372,,,4.42,,,,,3.25,,3.49,,,,,,
2021-06-10,1.0,0.0,1.21794,,,,,4.75,,,4.27,,,,,,,,
2021-06-11,1.0,0.0,0.896037,,,,,,,4.12,,,3.64,,,,,,
2021-06-12,0.0,0.0,0.606942,,,,,,,3.56,3.82,,,,,,,,
2021-06-13,0.0,0.0,,,,,,5.53,,3.77,7.54,,6.79,,,,,,
2021-06-14,1.0,0.0,,,,,,,,3.57,5.47,,3.8,,,,,,
2021-06-15,0.0,0.0,0.015425,,,4.66,,,,3.26,4.19,,3.96,,,,,,
2021-06-16,0.0,0.0,,,,,,,,4.11,6.29,,5.81,,,,,,
2021-06-17,0.0,0.0,,,,,,,,,6.08,,4.44,,,,,,
2021-06-18,0.0,0.0,,,,,,,,3.37,4.33,,3.85,,,,,,
2021-06-19,0.0,0.0,,,,,,,,,5.2,,4.02,,,,,,
2021-06-20,0.0,0.0,,,,3.68,,5.64,,3.68,4.42,,6.38,,,,,,
2021-06-21,0.0,0.0,,,,,,,,,3.99,,5.1,,,,,,
2021-06-22,2.0,0.0,,,,5.61,,,,,6.08,,5.14,,,,,,
2021-06-23,0.0,0.0,,,,,,3.73,,4.2,5.6,,3.5,,,,,,
2021-06-24,1.0,0.0,,,,,,4.33,,3.03,3.68,,3.24,,,,,,
2021-06-25,1.0,0.0,,,,,,,,,3.15,,4.72,,,,,,
2021-06-26,0.0,0.0,,,,,,,,5.01,5.01,,5.92,,,,,,
2021-06-27,0.0,0.0,,,,,,5.67,,,4.01,,5.67,,,,,,
2021-06-28,0.0,0.0,,,,,,3.64,,6.59,3.64,,3.18,,,,,,
2021-06-29,0.0,0.0,,,,,,6.39,,4.68,5.75,,4.47,,,,,,
2021-06-30,0.0,0.0,,,,,,3.65,,,3.65,,5.03,,,,,,
2021-07-01,0.0,0.0,,,,3.11,,3.11,,3.56,4.22,,6.44,,,,,,
2021-07-02,0.0,0.0,,,,,,,,2.98,,,3.83,,,,,,
2021-07-03,0.0,0.0,,,,,,3.75,,3.12,5.0,,5.0,,,,,,
2021-07-04,0.0,0.0,,,,,,3.96,,3.75,4.58,,6.87,,,,,,
2021-07-05,0.0,0.0,,,,,,,,,5.04,,5.94,,,,,,
2021-07-06,1.0,0.0,,,,3.03,,4.16,,3.78,3.6,,4.16,,,,,,
2021-07-07,0.0,0.0,,,,,,5.82,,4.88,3.75,,5.82,,,,,,
2021-07-08,0.0,0.0,,,,,,3.41,,,4.41,,4.61,,,,,,
2021-07-09,0.0,0.0,,,,,,3.88,,,4.53,,4.1,,,,,,
2021-07-10,0.0,0.0,,,,,,,,,,,,,,,,,
2021-07-11,0.0,0.0,,,,,,4.88,,4.65,4.18,,,,,,,,
2021-07-12,0.0,0.0,,,,,,4.07,,,3.85,,,,,,,,
2021-07-13,0.0,0.0,,,,,,2.94,,4.84,3.58,,5.47,,,,,,
2021-07-14,0.0,0.0,,,,,,4.14,,6.32,4.58,,6.32,,,,,,
2021-07-15,0.0,0.0,,,,,,,,,5.03,,3.35,,,,,,
2021-07-16,3.0,0.0,,,,,,,,,5.66,,,,,,,,
2021-07-17,0.0,0.0,,,,,,5.41,,3.77,4.94,,4.47,,,,,,
2021-07-18,0.0,0.0,,,,,,4.71,,4.48,4.26,,4.26,,,,,,
2021-07-19,0.0,0.0,,,,3.16,,4.01,,3.8,3.37,,5.27,,,,,,
2021-07-20,5.0,0.0,,,,2.97,,3.4,,3.19,4.89,,4.46,,,,,,
2021-07-21,0.0,0.0,,,,3.04,,5.22,,5.22,4.13,,5.22,,,,,,
2021-07-22,0.0,0.0,,,,,,3.23,,3.02,3.66,,4.09,,,,,,
2021-07-23,10.0,0.0,,,,3.33,,5.0,,,4.58,,4.16,,,,,,
2021-07-24,0.0,0.0,,,,4.65,,3.8,,,4.65,,6.55,,,,,,
2021-07-25,0.0,0.0,,,,4.37,,4.14,,,,,5.97,,,,,,
2021-07-26,0.0,0.0,,,,,,4.86,,5.5,2.96,,5.28,,,,,,
2021-07-27,9.0,0.0,3.368027,,,,,5.17,,,5.38,,3.52,,,,,,
2021-07-28,0.0,0.0,3.712259,,,2.93,,3.77,,,3.98,,3.56,,,,,,
2021-07-29,0.0,0.0,3.988398,,,3.5,,,,,3.3,,3.5,,,,,,
2021-07-30,10.0,0.0,4.211802,,,3.2,,,,,5.33,,4.7,,,,,,
2021-07-31,0.0,0.0,4.30278,,,,,5.06,,4.62,3.74,,4.18,,,,,,
2021-08-01,0.0,0.0,,,,4.17,,3.51,,4.17,5.7,,5.7,,,,,,
2021-08-02,0.0,0.0,,,,,,3.6,,3.39,3.18,,5.09,,,,,,
2021-08-03,8.0,0.0,1.699417,,,2.97,,5.3,,5.09,5.3,,4.66,,,,,,
2021-08-04,0.0,0.0,1.038371,,,,,,,,5.38,,,,,,,,
2021-08-05,0.0,0.0,0.499596,,,,,,,3.85,5.57,,3.43,,,,,,
2021-08-06,16.0,0.0,0.085858,,,,,,,,3.69,,4.1,,,,,,
2021-08-07,0.0,0.0,0.0,,,,,4.32,,3.18,4.77,,3.63,,,,,,
2021-08-08,0.0,0.0,0.0,,,3.02,,,,3.45,,,4.74,,,,,,
2021-08-09,12.0,0.0,0.0,,,4.35,,5.8,,3.94,3.11,,,,,,,,
2021-08-10,0.0,0.0,0.0,,,3.2,,2.99,,,5.55,,4.7,,,,,,
2021-08-11,10.0,1.0,0.466238,,,,,5.74,,,4.2,,,,,,,,
2021-08-12,0.0,0.0,1.391514,,,4.32,,,,3.41,4.32,,5.23,,,,,,
2021-08-13,7.0,1.0,2.229981,,,6.31,,5.41,,3.15,3.38,,4.73,,,,,,
2021-08-14,0.0,0.0,,,,,,5.0,,4.29,3.81,,5.0,,,,,,
2021-08-15,0.0,0.0,,,,3.5,,5.59,,,,,4.19,,,,,,
2021-08-16,18.0,0.0,,,,4.12,,,,4.34,4.12,,3.2,,,,,,
2021-08-17,0.0,0.0,,,,,,,,3.8,5.37,,3.8,,,,,,
2021-08-18,20.0,1.0,,,,3.86,,4.99,,,4.54,,4.76,,,,,,
2021-08-19,0.0,0.0,,,,3.23,,4.39,,4.62,4.62,,3.93,,,,,,
2021-08-20,17.0,-1.0,,,,3.66,,,,4.57,4.57,,3.43,,,,,,
2021-08-21,0.0,0.0,,,,3.49,,3.49,,5.58,4.89,,3.96,,,,,,
2021-08-22,0.0,0.0,,,,4.95,,3.3,,,4.0,,4.95,,,,,,
2021-08-23,22.0,0.0,,,,3.52,,4.46,,3.28,3.52,,4.46,,,,,,
2021-08-24,0.0,0.0,,,,,,4.39,,3.95,4.61,,4.61,,,,,,
2021-08-25,30.0,0.0,,,,3.23,,,,5.08,6.24,,,,,,,,
2021-08-26,0.0,0.0,1.895861,,,,,,,3.47,,,3.94,,,,,,
2021-08-27,18.0,0.0,,,,3.79,,6.03,,,5.58,,4.69,,,,,,
2021-08-28,0.0,0.0,,,,,,,,3.37,4.57,,4.57,,,,,,
2021-08-29,0.0,0.0,,,,,,,,4.73,4.25,,3.31,,,,,,
2021-08-30,24.0,0.0,,,,,,3.7,,3.24,3.47,,3.47,,,,,,
2021-08-31,0.0,0.0,,,,4.18,,5.8,,,3.48,,,,,,,,
2021-09-01,29.0,0.0,,,,,,4.31,,,3.59,,,,,,,,
2021-09-02,0.0,0.0,,,,6.02,,4.09,,3.61,5.78,,,,,,,,
2021-09-03,24.0,0.0,,,,4.71,,3.82,,3.82,4.27,,4.27,,,,,,
2021-09-04,0.0,0.0,,,,,,4.89,,3.67,4.28,,3.06,,,,,,
2021-09-05,0.0,0.0,,,,,,3.45,,4.1,3.67,,5.83,,,,,,
2021-09-06,0.0,0.0,,,,,,,,6.42,3.44,,,,,,,,
2021-09-07,25.0,0.0,,,,3.14,,4.71,,,5.38,,6.28,,,,,,
2021-09-08,10.0,1.0,,,,,,,,3.68,5.98,,4.6,,,,,,
2021-09-09,0.0,0.0,,,,,,4.39,,,3.93,,5.08,,,,,,
2021-09-10,21.0,1.0,4.40545,,,,,3.54,,,,,,,,,,,
2021-09-11,0.0,0.0,,,,3.54,,5.55,,4.04,5.81,,,,,,,,
2021-09-12,0.0,0.0,,,,3.64,,,,4.37,,,,,,,,,
2021-09-13,16.0,0.0,,,,4.37,,6.44,,3.45,4.37,,5.98,,,,,,
2021-09-14,0.0,0.0,,,,4.58,,3.89,,4.12,4.8,,3.2,,,,,,
2021-09-15,17.0,0.0,0.109101,,,,,5.97,,,4.3,,,,,,,,
2021-09-16,0.0,0.0,,,,7.02,,4.91,,3.74,,,,,,,,,
2021-09-17,23.0,1.0,,,,3.21,,8.5,,,3.21,,4.82,,,,,,
2021-09-18,0.0,0.0,,,,5.14,,5.66,,4.37,4.37,,5.92,,,,,,
2021-09-19,0.0,0.0,,,,6.25,,8.75,,4.25,5.5,,,,,,,,
2021-09-20,41.0,0.0,,,,7.11,,6.67,,5.78,4.44,,,,,,,,
2021-09-21,0.0,0.0,,,,4.07,,7.46,,3.39,6.79,,4.98,,,,,,
2021-09-22,17.0,0.0,,,,5.91,,6.62,,,5.44,,4.26,,,,,,
2021-09-23,0.0,0.0,,,,3.19,,7.3,,4.11,,,7.75,,,,,,
2021-09-24,34.0,0.0,,,,,,6.5,,5.8,5.57,,8.82,,,,,,
2021-09-25,0.0,0.0,,,,7.79,,6.53,,4.77,,,,,,,,,
2021-09-26,0.0,0.0,,,,4.81,,7.59,,,6.07,,6.33,,,,,,
2021-09-27,38.0,0.0,,,,6.76,,6.76,,4.67,3.96,,5.13,,,,,,
2021-09-28,0.0,0.0,,,,4.67,,6.31,,4.91,5.84,,6.78,,,,,,
2021-09-29,33.0,1.0,,,,5.0,,8.09,,5.47,5.71,,4.76,,,,,,
2021-09-30,0.0,0.0,,,,4.49,,5.43,,5.67,5.43,,,,,,,,
2021-10-01,47.0,0.0,,,,,,4.47,,7.52,5.17,,4.0,,,,,,
2021-10-02,0.0,0.0,,,,,,6.36,,,,,5.38,,,,,,
2021-10-03,0.0,0.0,,,,4.26,,7.1,,,5.21,,5.68,,,,,,
2021-10-04,31.0,0.0,,,,3.4,,5.1,,3.4,,,,,,,,,
2021-10-05,0.0,0.0,9.028966,,,,,5.93,,,4.11,,3.19,,,,,,
2021-10-06,36.0,1.0,8.776497,,,3.52,,9.84,,,3.98,,6.33,,,,,,
2021-10-07,0.0,0.0,8.032682,,,3.45,,6.44,,4.6,5.06,,,,,,,,
2021-10-08,31.0,0.0,7.140281,,,,,5.42,,3.16,6.33,,4.97,,,,,,
2021-10-09,0.0,0.0,5.814957,,,3.56,,6.35,,,,,,,,,,,
2021-10-10,0.0,0.0,4.674901,,,4.84,,7.99,,4.6,4.6,,5.33,,,,,,
2021-10-11,39.0,0.0,3.627315,,,3.08,,3.52,,,3.96,,4.62,,,,,,
2021-10-12,0.0,0.0,2.535497,,,,,4.89,,,3.11,,6.44,,,,,,
2021-10-13,50.0,1.0,1.368694,,,4.34,,5.48,,3.65,5.02,,,,,,,,
2021-10-14,0.0,0.0,0.45757,,,5.96,,5.27,,,3.21,,7.1,,,,,,
2021-10-15,23.0,0.0,,,,3.3,,5.66,,,4.48,,3.54,,,,,,
2021-10-16,0.0,0.0,,,,4.1,,6.41,,,6.41,,4.61,,,,,,
2021-10-17,0.0,0.0,,,,3.68,,5.78,,6.57,4.99,,3.68,,,,,,
2021-10-18,45.0,0.0,,,,3.91,,8.28,,,3.91,,3.45,,,,,,
2021-10-19,0.0,0.0,,,,5.85,,5.61,,3.27,,,4.44,,,,,,
2021-10-20,25.0,0.0,,,,3.96,,6.06,,,3.73,,,,,,,,
2021-10-21,0.0,0.0,,,,,,6.98,,3.96,4.19,,3.72,,,,,,
2021-10-22,31.0,2.0,,,,3.74,,4.44,,3.27,8.41,,5.61,,,,,,
2021-10-23,0.0,0.0,,,,,,10.33,,,7.34,,4.62,,,,,,
2021-10-24,0.0,0.0,,,,,,6.37,,4.51,4.25,,3.98,,,,,,
2021-10-25,38.0,0.0,,,,3.91,,6.21,,3.68,4.83,,3.22,,,,,,
2021-10-26,0.0,0.0,,,,3.3,,8.96,,,4.48,,5.42,,,,,,
2021-10-27,37.0,0.0,,,,,,3.33,,3.8,,,5.23,,,,,,
2021-10-28,0.0,0.0,,,,,,3.52,,3.99,6.57,,4.22,,,,,,
2021-10-29,43.0,0.0,,,,,,4.42,,5.12,3.49,,3.72,,,,,,
2021-10-30,0.0,0.0,,,,5.09,,4.81,,,5.66,,4.24,,,,,,
2021-10-31,0.0,0.0,,,,5.0,,6.11,,,,,5.28,,,,,,
2021-11-01,60.0,0.0,,,,3.56,,6.65,,4.04,6.41,,,,,,,,
2021-11-02,0.0,0.0,,,,4.53,,6.44,,3.58,3.58,,,,,,,,
2021-11-03,51.0,0.0,,,,4.25,,8.03,,,5.2,,,,,,,,
2021-11-04,0.0,0.0,4.447412,,,,,4.5,,3.79,6.87,,5.21,,,,,,
2021-11-05,46.0,0.0,4.627703,,,3.39,,4.84,,5.08,7.02,,4.36,,,,,,
2021-11-06,0.0,0.0,4.552586,,,4.83,,6.97,,4.02,,,,,,,,,
2021-11-07,0.0,0.0,4.471102,,,4.01,,6.14,,5.34,,,,,,,,,
2021-11-08,55.0,1.0,4.226057,,,5.05,,7.45,,5.29,6.49,,,,,,,,
2021-11-09,0.0,0.0,3.943112,,,6.54,,9.94,,6.06,,,5.82,,,,,,
2021-11-10,32.0,2.0,3.943592,,,4.4,,5.62,,5.62,3.91,,3.66,,,,,,
2021-11-11,0.0,0.0,3.734447,,,6.53,,7.5,,4.11,6.05,,5.57,,,,,,
2021-11-12,96.0,0.0,3.107798,,,3.67,,7.35,,,4.41,,,,,,,,
2021-11-13,,,2.593737,,,4.27,,5.08,,4.54,5.34,,3.74,,,,,,
2021-11-14,,,2.140584,,,,,7.01,,,5.67,,,,,,,,
2021-11-15,,,1.736033,,,3.66,,6.09,,5.36,5.85,,3.41,,,,,,
2021-11-16,,,1.407798,,,5.96,,4.53,,,,,4.77,,,,,,
2021-11-17,,,1.503961,,,4.76,,5.71,,,3.57,,,,,,,,
2021-11-18,,,,,,6.91,,7.15,,4.76,4.53,,,,,,,,
2021-11-19,,,,,,3.59,,5.5,,,,,,,,,,,
2021-11-20,,,,,,3.81,,5.98,,6.26,,,,,,,,,
2021-11-21,,,,,,,,4.51,,3.71,,,6.89,,,,,,
2021-11-22,,,,,,4.18,,7.43,,4.18,3.72,,,,,,,,
2021-11-23,,,,,,3.8,,5.7,,3.56,4.98,,,,,,,,
2021-11-24,,,,,,7.31,,6.05,,,3.78,,,,,,,,
2021-11-25,,,,,,,,8.08,,,,,,,,,,,
2021-11-26,,,,,,,,7.09,,3.8,3.55,,4.81,,,,,,
2021-11-27,,,,,,3.63,,6.99,,,4.14,,3.89,,,,,,
2021-11-28,,,,,,4.74,,8.16,,6.58,4.74,,,,,,,,
2021-11-29,,,,,,4.11,,6.85,,3.65,4.57,,3.88,,,,,,
2021-11-30,,,,,,9.11,,8.41,,3.74,4.21,,6.54,,,,,,
2021-12-01,,,,,,8.24,,6.41,,,5.95,,,,,,,,
2021-12-02,,,,,,5.34,,8.59,,3.48,4.18,,4.18,,,,,,
2021-12-03,,,,,,6.87,,7.34,,4.5,4.5,,6.87,,,,,,
2021-12-04,,,,,,4.44,,9.43,,3.88,,,4.44,,,,,,
2021-12-05,,,,,,,,8.88,,,4.57,,5.38,,,,,,
2021-12-06,,,3.018275,,,3.93,,7.62,,6.0,3.46,,3.23,,,,,,
2021-12-07,,,2.899693,,,,,4.63,,3.66,4.63,,7.08,,,,,,
2021-12-08,,,2.565983,,,4.5,,5.5,,5.0,4.75,,5.25,,,,,,
2021-12-09,,,2.432892,,,,,6.44,,,4.71,,5.45,,,,,,
2021-12-10,,,2.553082,,,6.48,,8.16,,,5.04,,4.32,,,,,,
2021-12-11,,,,,,,,5.86,,,,,,,,,,,
2021-12-12,,,,,,,,4.87,,5.45,4.58,,,,,,,,
2021-12-13,,,2.588922,,,6.79,,4.45,,4.92,,,4.92,,,,,,
2021-12-14,,,2.154535,,,5.47,,7.85,,,6.19,,4.52,,,,,,
2021-12-15,,,1.792707,,,4.74,,5.69,,6.4,4.74,,6.16,,,,,,
2021-12-16,,,1.491971,,,4.66,,7.61,,,5.89,,3.68,,,,,,
2021-12-17,,,,,,,,6.55,,4.53,4.53,,3.52,,,,,,
2021-12-18,,,,,,5.77,,5.77,,4.9,6.92,,,,,,,,
2021-12-19,,,,,,6.01,,8.3,,6.3,6.01,,6.3,,,,,,
2021-12-20,,,0.114935,,,,,5.77,,3.93,5.77,,6.29,,,,,,
2021-12-21,,,,,,,,7.86,,,5.24,,4.98,,,,,,
2021-12-22,,,,,,,,6.13,,4.8,,,5.87,,,,,,
2021-12-23,,,,,,,,5.23,,,4.13,,4.68,,,,,,
2021-12-24,,,,,,,,9.52,,,6.54,,5.06,,,,,,
2021-12-25,,,,,,4.32,,6.17,,,,,,,,,,,
2021-12-26,,,,,,4.0,,6.0,,,4.0,,5.71,,,,,,
2021-12-27,,,,,,6.51,,10.15,,,5.73,,7.03,,,,,,
2021-12-28,,,,,,5.69,,6.98,,5.43,4.91,,5.43,,,,,,
2021-12-29,,,,,,3.57,,8.67,,4.34,4.59,,,,,,,,
2021-12-30,,,,,,5.86,,5.86,,,5.35,,5.35,,,,,,
2021-12-31,,,,,,,,7.41,,5.88,,,5.36,,,,,,
2022-01-01,,,,,,4.42,,5.2,,4.42,4.16,,5.2,,,,,,
2022-01-02,,,,,,3.75,,6.97,,,,,5.1,,,,,,
2022-01-03,,,,,,3.8,,7.59,,3.56,4.03,,5.22,,,,,,
2022-01-04,,,,,,4.42,,,,,,,3.25,,,,,,
2022-01-05,,,,,,3.73,,4.48,,5.23,,,4.23,,,,,,
2022-01-06,,,,,,3.63,,4.15,,4.41,4.66,,7.77,,,,,,
2022-01-07,,,,,,5.39,,6.67,,5.13,4.88,,3.85,,,,,,
2022-01-08,,,,,,,,4.25,,3.97,3.97,,7.08,,,,,,
2022-01-09,,,,,,4.93,,5.48,,,5.48,,4.11,,,,,,
2022-01-10,,,4.112977,,,7.01,,7.76,,3.51,3.51,,6.01,,,,,,
2022-01-11,,,3.947654,,,6.01,,4.81,,,4.81,,,,,,,,
2022-01-12,,,3.502239,,,,,10.34,,4.68,7.14,,4.68,,,,,,
2022-01-13,,,3.165742,,,7.08,,5.61,,,,,5.12,,,,,,
2022-01-14,,,3.071785,,,5.65,,7.13,,,,,5.16,,,,,,
2022-01-15,,,3.066782,,,6.46,,8.43,,6.74,8.71,,5.06,,,,,,
2022-01-16,,,2.991169,,,7.59,,7.05,,5.42,4.88,,,,,,,,
2022-01-17,,,2.894516,,,6.25,,7.21,,4.57,3.61,,4.33,,,,,,
2022-01-18,,,2.918159,,,5.66,,4.72,,5.66,4.01,,7.31,,,,,,
2022-01-19,,,3.636631,,,4.27,,5.53,,7.03,4.02,,3.77,,,,,,
2022-01-20,,,4.278767,,,3.87,,7.01,,3.63,8.22,,5.8,,,,,,
2022-01-21,,,4.756414,,,4.84,,7.98,,4.84,4.6,,4.6,,,,,,
2022-01-22,,,4.941362,,,6.93,,4.71,,4.43,,,5.82,,,,,,
2022-01-23,,,5.065131,,,,,3.89,,,4.17,,,,,,,,
2022-01-24,,,5.007048,,,5.03,,7.18,,,4.79,,4.79,,,,,,
2022-01-25,,,5.014112,,,3.91,,5.38,,5.14,,,3.42,,,,,,
2022-01-26,,,5.519328,,,4.31,,5.51,,,5.27,,4.79,,,,,,
2022-01-27,,,5.366472,,,4.65,,5.63,,4.16,4.41,,3.43,,,,,,
2022-01-28,,,5.472857,,,3.5,,5.51,,3.75,3.75,,4.25,,,,,,
2022-01-29,,,5.626453,,,4.73,,8.06,,,,,4.73,,,,,,
2022-01-30,,,5.780649,,,4.66,,7.4,,3.83,3.83,,,,,,,,
2022-01-31,,,5.694238,,,,,5.55,,5.31,7.48,,3.38,,,,,,
2022-02-01,,,5.702443,,,3.54,,6.82,,,4.55,,5.05,,,,,,
2022-02-02,,,5.56759,,,,,5.36,,4.14,8.04,,6.09,,,,,,
2022-02-03,,,4.62118,,,5.89,,6.15,,4.36,,,3.84,,,,,,
2022-02-04,,,3.821923,,,,,6.43,,5.19,5.19,,5.44,,,,,,
2022-02-05,,,2.918959,,,,,5.32,,,4.48,,4.48,,,,,,
2022-02-06,,,2.163018,,,,,4.11,,4.11,,,5.48,,,,,,
2022-02-07,,,1.777203,,,,,4.91,,3.93,7.12,,6.63,,,,,,
2022-02-08,,,1.722339,,,3.97,,5.71,,,5.22,,4.47,,,,,,
2022-02-09,,,1.52623,,,4.94,,5.43,,6.66,5.68,,,,,,,,
2022-02-10,,,1.688711,,,,,4.17,,3.92,6.87,,3.44,,,,,,
2022-02-11,,,2.121357,,,3.85,,4.87,,3.59,4.87,,5.9,,,,,,
2022-02-12,,,2.604625,,,3.96,,5.66,,3.96,3.96,,6.51,,,,,,
2022-02-13,,,3.080143,,,4.17,,,,,,,,,,,,,
2022-02-14,,,3.28677,,,3.49,,4.49,,5.98,6.48,,,,,,,,
2022-02-15,,,3.233002,,,,,4.95,,3.96,4.7,,,,,,,,
2022-02-16,,,2.924689,,,,,3.43,,4.9,4.41,,6.13,,,,,,
2022-02-17,,,2.623736,,,4.65,,4.16,,,6.85,,5.63,,,,,,
2022-02-18,,,2.348735,,,,,5.75,,3.92,,,,,,,,,
2022-02-19,,,1.901286,,,,,4.46,,5.02,4.18,,4.74,,,,,,
2022-02-20,,,1.526731,,,,,,,4.88,6.24,,4.88,,,,,,
2022-02-21,,,1.188085,,,3.46,,,,,,,6.19,,,,,,
2022-02-22,,,0.933764,,,,,,,3.4,4.86,,5.83,,,,,,
2022-02-23,,,0.742435,,,4.62,,,,,6.07,,3.64,,,,,,
2022-02-24,,,0.899664,,,6.15,,3.94,,3.69,4.92,,4.18,,,,,,
2022-02-25,,,1.115845,,,,,4.02,,,,,4.02,,,,,,
2022-02-26,,,1.078783,,,,,4.63,,7.52,5.79,,4.63,,,,,,
2022-02-27,,,1.078648,,,4.5,,,,,,,4.22,,,,,,
2022-02-28,,,1.034008,,,,,4.19,,,4.19,,5.43,,,,,,
2022-03-01,,,1.253048,,,,,5.71,,,,,6.45,,,,,,
2022-03-02,,,1.487965,,,,,4.67,,6.14,,,6.88,,,,,,
2022-03-03,,,1.699926,,,,,4.3,,5.31,,,5.31,,,,,,
2022-03-04,,,1.612983,,,,,6.14,,3.58,4.09,,,,,,,,
2022-03-05,,,1.551486,,,4.65,,6.68,,6.97,4.36,,5.23,,,,,,
2022-03-06,,,1.47372,,,,,6.51,,,4.25,,5.95,,,,,,
2022-03-07,,,1.339209,,,5.13,,4.4,,4.4,4.88,,3.42,,,,,,
2022-03-08,,,1.467587,,,,,,,4.02,4.96,,7.09,,,,,,
2022-03-09,,,1.583196,,,,,,,4.89,,,6.36,,,,,,
2022-03-10,,,1.694591,,,3.48,,5.22,,5.47,4.48,,6.47,,,,,,
2022-03-11,,,1.76455,,,4.31,,6.6,,6.09,5.83,,4.82,,,,,,
2022-03-12,,,1.854049,,,,,5.74,,,4.31,,6.03,,,,,,
2022-03-13,,,1.960312,,,,,7.79,,,4.33,,4.9,,,,,,
2022-03-14,,,1.950855,,,,,8.12,,6.89,6.16,,6.16,,,,,,
2022-03-15,,,1.946396,,,,,4.5,,5.5,3.5,,6.5,,,,,,
2022-03-16,,,1.707487,,,,,4.72,,4.97,7.21,,8.45,,,,,,
2022-03-17,,,1.236599,,,,,10.03,,5.01,5.51,,5.76,,,,,,
2022-03-18,,,1.054114,,,3.48,,6.96,,6.71,4.97,,6.71,,,,,,
2022-03-19,,,1.085348,,,6.58,,7.73,,,5.15,,4.29,,,,,,
2022-03-20,,,1.139664,,,,,6.83,,,,,7.43,,,,,,
2022-03-21,,,1.116104,,,3.91,,8.56,,4.65,8.56,,6.6,,,,,,
2022-03-22,,,1.130773,,,5.19,,7.54,,4.24,4.01,,4.24,,,,,,
2022-03-23,,,1.373419,,,4.85,,4.85,,,4.37,,4.85,,,,,,
2022-03-24,,,1.555886,,,5.62,,7.58,,5.13,,,6.84,,,,,,
2022-03-25,,,1.664135,,,,,4.57,,5.99,4.57,,6.28,,,,,,
2022-03-26,,,1.499389,,,,,7.36,,,,,,,,,,,
2022-03-27,,,1.204738,,,,,6.78,,5.24,4.32,,5.86,,,,,,
2022-03-28,,,0.894206,,,,,6.69,,6.39,5.81,,5.52,,,,,,
2022-03-29,,,0.624071,,,,,7.78,,4.49,5.09,,8.08,,,,,,
2022-03-30,,,0.394385,,,4.91,,6.65,,5.2,7.22,,6.36,,,,,,
2022-03-31,,,0.284288,,,,,4.3,,,5.16,,6.31,,,,,,
2022-04-01,,,0.21411,,,4.29,,5.15,,4.86,,,7.15,,,,,,
2022-04-02,,,,,,,,8.18,,,,,4.38,,,,,,
2022-04-03,,,,,,,,,,4.37,,,5.83,,,,,,
2022-04-04,,,0.088856,,,3.6,,4.57,,5.53,4.8,,4.08,,,,,,
2022-04-05,,,0.062451,,,4.12,,5.09,,3.39,4.36,,7.03,,,,,,
2022-04-06,,,0.043198,,,4.38,,3.89,,3.4,6.57,,5.35,,,,,,
2022-04-07,,,0.029062,,,4.08,,3.36,,,3.36,,4.32,,,,,,
2022-04-08,,,0.020012,,,3.95,,3.7,,4.69,4.94,,,,,,,,
2022-04-09,,,,,,,,7.16,,5.45,5.16,,6.88,,,,,,
2022-04-10,,,0.007856,,,,,,,,,,6.36,,,,,,
2022-04-11,,,0.004854,,,,,4.46,,4.46,,,5.7,,,,,,
2022-04-12,,,0.002933,,,,,5.28,,4.78,6.79,,5.03,,,,,,
2022-04-13,,,0.00174,,,4.58,,4.32,,4.07,6.36,,5.08,,,,,,
2022-04-14,,,0.001004,,,,,,,,4.93,,4.2,,,,,,
2022-04-15,,,0.000571,,,,,4.63,,,5.91,,,,,,,,
2022-04-16,,,0.000317,,,3.96,,,,4.53,4.53,,5.38,,,,,,
2022-04-17,,,0.000172,,,,,,,,5.75,,4.54,,,,,,
2022-04-18,,,9.2e-05,,,,,4.49,,4.02,3.31,,6.39,,,,,,
2022-04-19,,,0.282317,,,3.88,,4.12,,4.12,,,3.88,,,,,,
2022-04-20,,,0.550189,,,,,3.39,,3.63,3.87,,5.08,,,,,,
2022-04-21,,,0.777734,,,4.57,,5.05,,,4.09,,6.98,,,,,,
2022-04-22,,,,,,,,4.71,,,,,7.94,,,,,,
2022-04-23,,,,,,4.86,,5.16,,,,,6.37,,,,,,
2022-04-24,,,,,,,,5.81,,,4.15,,12.17,,,,,,
2022-04-25,,,,,,3.61,,8.91,,,4.58,,4.82,,,,,,
2022-04-26,,,,,,,,5.7,,4.99,4.99,,8.31,,,,,,
2022-04-27,,,,,,4.57,,4.81,,3.61,3.61,,5.78,,,,,,
2022-04-28,,,,,,4.39,,3.65,,,4.39,,5.85,,,,,,
2022-04-29,,,,,,4.95,,4.45,,4.7,4.21,,5.44,,,,,,
2022-04-30,,,,,,6.3,,,,4.93,,,4.38,,,,,,
2022-05-01,,,,,,5.41,,3.79,,,5.14,,5.41,,,,,,
2022-05-02,,,,,,5.6,,6.76,,4.2,3.27,,5.13,,,,,,
2022-05-03,,,,,,4.96,,4.96,,,6.09,,7.89,,,,,,
2022-05-04,,,,,,,,3.58,,4.3,5.26,,7.17,,,,,,
2022-05-05,,,,,,,,6.74,,,3.85,,3.37,,,,,,
2022-05-06,,,0.0,,,3.41,,4.63,,3.9,,,3.66,,,,,,
2022-05-07,,,,,,,,4.17,,,6.55,,5.36,,,,,,
2022-05-08,,,,,,,,,,5.77,,,,,,,,,
2022-05-09,,,0.0,,,4.27,,4.99,,,3.56,,4.04,,,,,,
2022-05-10,,,,,,4.48,,4.24,,4.24,4.48,,3.3,,,,,,
2022-05-11,,,,,,,,,,4.04,5.23,,5.71,,,,,,
2022-05-12,,,,,,5.3,,4.1,,,4.1,,4.58,,,,,,
2022-05-13,,,,,,,,,,,5.18,,4.0,,,,,,
2022-05-14,,,,,,,,4.61,,,3.79,,5.69,,,,,,
2022-05-15,,,,,,3.79,,6.23,,,,,,,,,,,
2022-05-16,,,,,,4.22,,3.98,,3.52,5.63,,5.39,,,,,,
2022-05-17,,,,,,3.55,,5.68,,3.79,,,4.5,,,,,,
2022-05-18,,,,,,,,4.88,,3.25,3.72,,3.72,,,,,,
2022-05-19,,,,,,4.27,,5.22,,,3.8,,4.51,,,,,,
2022-05-20,,,,,,,,5.34,,3.71,7.66,,6.03,,,,,,
2022-05-21,,,,,,4.06,,,,,4.87,,5.69,,,,,,
2022-05-22,,,,,,3.74,,3.74,,4.8,4.27,,6.94,,,,,,
2022-05-23,,,,,,,,5.18,,4.47,6.59,,7.06,,,,,,
2022-05-24,,,,,,,,4.52,,3.81,5.0,,4.76,,,,,,
2022-05-25,,,,,,,,4.94,,,,,3.6,,,,,,
2022-05-26,,,0.0,,,,,5.04,,4.08,4.56,,6.47,,,,,,
2022-05-27,,,0.0,,,3.6,,3.84,,4.08,,,,,,,,,
2022-05-28,,,0.0,,,,,3.96,,4.2,,,3.27,,,,,,
2022-05-29,,,0.0,,,6.12,,4.31,,3.4,,,5.44,,,,,,
2022-05-30,,,0.0,,,3.25,,4.64,,3.48,,,5.33,,,,,,
2022-05-31,,,0.0,,,3.06,,,,4.16,3.06,,4.37,,,,,,
2022-06-01,,,0.0,,,,,4.54,,,3.63,,3.41,,,,,,
2022-06-02,,,0.0,,,3.69,,9.24,,3.93,,,4.85,,,,,,
2022-06-03,,,0.0,,,,,3.52,,,5.17,,3.76,,,,,,
2022-06-04,,,0.0,,,5.31,,4.52,,3.99,5.58,,,,,,,,
2022-06-05,,,0.0,,,,,7.39,,,3.94,,4.68,,,,,,
2022-06-06,,,0.0,,,,,3.23,,,4.52,,3.87,,,,,,
2022-06-07,,,0.0,,,,,,,,4.4,,5.09,,,,,,
2022-06-08,,,0.0,,,,,3.15,,,4.05,,3.82,,,,,,
2022-06-09,,,0.0,,,,,,,,4.13,,5.35,,,,,,
2022-06-10,,,0.0,,,,,4.33,,3.37,5.06,,4.33,,,,,,
2022-06-11,,,0.137347,,,3.42,,6.1,,4.39,4.15,,7.81,,,,,,
2022-06-12,,,0.256848,,,,,,,3.46,6.18,,3.96,,,,,,
2022-06-13,,,0.342527,,,,,,,3.08,5.29,,5.51,,,,,,
2022-06-14,,,0.413375,,,4.48,,5.18,,3.77,5.89,,4.95,,,,,,
2022-06-15,,,0.460669,,,,,4.21,,3.28,5.38,,5.15,,,,,,
2022-06-16,,,0.50387,,,,,,,3.53,,,6.36,,,,,,
2022-06-17,,,0.536316,,,4.45,,,,3.98,5.62,,6.55,,,,,,
2022-06-18,,,0.718503,,,3.9,,3.9,,,5.36,,,,,,,,
2022-06-19,,,0.728426,,,3.57,,4.26,,3.83,3.39,,5.24,,,,,,
2022-06-20,,,0.708103,,,5.94,,3.65,,,3.16,,3.28,,,,,,
2022-06-21,,,0.682871,,,,,3.41,,3.35,3.2,,3.85,,,,,,
2022-06-22,,,0.653206,,,,,,,3.71,,,3.42,,,,,,
2022-06-23,,,0.617846,,,,,4.46,,,3.43,,4.03,,,,,,
2022-06-24,,,0.574262,,,,,,,,4.17,,8.26,,,,,,
2022-06-25,,,0.562675,,,3.43,,,,,5.56,,3.43,,,,,,
2022-06-26,,,0.408583,,,,,,,,4.36,,4.66,,,,,,
2022-06-27,,,0.274749,,,,,4.2,,,3.67,,6.71,,,,,,
2022-06-28,,,0.162579,,,,,5.34,,,3.82,,4.54,,,,,,
2022-06-29,,,0.072784,,,,,5.13,,,4.42,,3.65,,,,,,
2022-06-30,,,0.004362,,,,,,,4.1,5.84,,3.82,,,,,,
2022-07-01,,,0.0,,,,,,,4.46,5.43,,3.78,,,,,,
2022-07-02,,,,,,3.88,,,,,3.75,,3.71,,,,,,
2022-07-03,,,,,,3.27,,3.19,,3.13,4.23,,3.52,,,,,,
2022-07-04,,,,,,3.66,,3.29,,3.24,5.33,,4.4,,,,,,
2022-07-05,,,,,,2.5,,2.55,,,6.22,,2.96,,,,,,
2022-07-06,,,0.0,,,,,4.42,,,3.36,,4.15,,,,,,
2022-07-07,,,,,,4.39,,3.9,,2.76,,,5.4,,,,,,
2022-07-08,,,0.250488,,,3.3,,4.18,,3.58,6.56,,4.93,,,,,,
2022-07-09,,,,,,3.83,,5.4,,,6.18,,3.46,,,,,,
2022-07-10,,,,,,3.42,,4.91,,,,,6.21,,,,,,
2022-07-11,,,1.673956,,,4.31,,3.69,,3.85,3.77,,4.8,,,,,,
2022-07-12,,,2.026229,,,,,4.59,,3.9,8.7,,3.26,,,,,,
2022-07-13,,,2.244198,,,6.6,,,,4.45,4.92,,,,,,,,
2022-07-14,,,2.910791,,,,,4.01,,5.46,4.73,,6.07,,,,,,
2022-07-15,,,3.742231,,,5.28,,4.29,,,3.77,,4.43,,,,,,
2022-07-16,,,4.319719,,,4.57,,7.9,,4.08,4.87,,5.63,,,,,,
2022-07-17,,,4.748932,,,4.61,,,,,3.72,,6.72,,,,,,
2022-07-18,,,5.089599,,,5.11,,3.85,,4.82,6.7,,5.58,,,,,,
2022-07-19,,,5.048806,,,,,3.31,,2.97,5.61,,5.43,,,,,,
2022-07-20,,,4.976453,,,3.67,,3.51,,,,,3.53,,,,,,
2022-07-21,,,4.978646,,,3.57,,3.48,,5.38,5.07,,4.83,,,,,,
2022-07-22,,,4.35337,,,,,3.4,,3.96,4.04,,4.29,,,,,,
2022-07-23,,,3.514664,,,3.77,,3.34,,4.05,3.29,,6.29,,,,,,
2022-07-24,,,2.778104,,,3.35,,3.81,,5.83,3.18,,,,,,,,
2022-07-25,,,2.121109,,,4.43,,4.43,,,3.39,,,,,,,,
2022-07-26,,,1.305481,,,,,3.39,,5.78,5.23,,4.7,,,,,,
2022-07-27,,,1.180542,,,4.08,,,,4.32,5.59,,7.78,,,,,,
2022-07-28,,,1.472842,,,3.58,,,,3.29,2.89,,,,,,,,
2022-07-29,,,1.759747,,,,,3.51,,,3.95,,3.91,,,,,,
2022-07-30,,,2.189355,,,3.06,,3.59,,4.61,4.52,,3.37,,,,,,
2022-07-31,,,2.57428,,,6.44,,3.81,,4.41,5.84,,4.33,,,,,,
2022-08-01,,,2.783722,,,3.41,,,,4.7,4.78,,4.33,,,,,,
2022-08-02,,,3.241028,,,4.35,,3.06,,,5.85,,4.07,,,,,,
2022-08-03,,,3.616876,,,2.83,,4.85,,,,,4.74,,,,,,
2022-08-04,,,3.393332,,,4.1,,3.61,,3.65,4.94,,,,,,,,
2022-08-05,,,2.865953,,,3.68,,3.16,,4.35,5.14,,3.93,,,,,,
2022-08-06,,,2.434294,,,3.39,,3.12,,3.79,3.16,,3.71,,,,,,
2022-08-07,,,2.0392,,,,,2.84,,3.52,,,4.84,,,,,,
2022-08-08,,,1.665837,,,2.91,,3.69,,2.97,4.01,,4.1,,,,,,
2022-08-09,,,1.376378,,,3.46,,4.83,,4.26,4.04,,3.58,,,,,,
2022-08-10,,,0.841449,,,4.47,,3.3,,5.75,3.99,,5.53,,,,,,
2022-08-11,,,0.407214,,,3.65,,3.21,,3.0,5.34,,5.17,,,,,,
2022-08-12,,,0.07224,,,3.37,,4.45,,5.77,5.32,,3.1,,,,,,
2022-08-13,,,0.0,,,,,,,2.93,,,2.72,,,,,,
2022-08-14,,,0.0,,,3.65,,3.61,,3.78,4.04,,3.1,,,,,,
2022-08-15,,,0.0,,,,,3.24,,4.83,5.34,,3.43,,,,,,
2022-08-16,,,0.0,,,,,8.57,,4.71,3.83,,,,,,,,
2022-08-17,,,0.0,,,,,3.42,,3.7,3.44,,,,,,,,
2022-08-18,,,0.0,,,4.55,,3.68,,6.16,,,3.89,,,,,,
2022-08-19,,,0.209376,,,,,,,4.96,4.38,,3.5,,,,,,
2022-08-20,,,,,,,,3.32,,3.03,4.44,,6.21,,,,,,
2022-08-21,,,,,,6.89,,3.37,,,3.87,,4.03,,,,,,
2022-08-22,,,,,,,,4.01,,3.35,,,5.21,,,,,,
2022-08-23,,,,,,4.54,,4.68,,,5.93,,5.46,,,,,,
2022-08-24,,,,,,,,4.61,,,5.48,,,,,,,,
2022-08-25,,,1.571581,,,3.41,,,,3.49,,,,,,,,,
2022-08-26,,,1.226986,,,,,,,4.67,4.72,,3.15,,,,,,
2022-08-27,,,0.909409,,,,,5.78,,,,,4.11,,,,,,
2022-08-28,,,0.623106,,,,,,,5.59,4.9,,5.58,,,,,,
2022-08-29,,,0.37693,,,3.38,,,,,4.37,,5.04,,,,,,
2022-08-30,,,0.175856,,,,,3.54,,5.76,4.67,,5.27,,,,,,
2022-08-31,,,0.020813,,,5.12,,,,4.59,4.22,,5.46,,,,,,
2022-09-01,,,0.0,,,3.8,,,,,5.53,,5.79,,,,,,
2022-09-02,,,0.0,,,,,,,,5.0,,4.99,,,,,,
2022-09-03,,,,,,,,5.31,,5.17,,,5.2,,,,,,
2022-09-04,,,,,,,,3.64,,4.35,3.66,,4.17,,,,,,
2022-09-05,,,,,,,,4.7,,4.38,,,5.52,,,,,,
2022-09-06,,,,,,,,,,3.14,4.02,,4.7,,,,,,
2022-09-07,,,,,,,,3.84,,3.11,4.76,,3.23,,,,,,
2022-09-08,,,,,,3.0,,3.3,,3.27,6.34,,3.47,,,,,,
2022-09-09,,,,,,7.72,,7.4,,,3.72,,3.4,,,,,,
2022-09-10,,,,,,3.87,,3.85,,3.63,,,,,,,,,
2022-09-11,,,,,,,,5.54,,,4.09,,5.97,,,,,,
2022-09-12,,,2.067217,,,4.18,,,,,,,5.09,,,,,,
2022-09-13,,,1.942387,,,,,4.19,,3.16,4.38,,,,,,,,
2022-09-14,,,1.78624,,,3.86,,3.52,,,5.17,,,,,,,,
2022-09-15,,,1.345083,,,,,5.61,,4.31,3.42,,7.32,,,,,,
2022-09-16,,,0.947124,,,3.48,,4.16,,,,,,,,,,,
2022-09-17,,,0.602418,,,3.34,,,,4.21,4.59,,5.23,,,,,,
2022-09-18,,,0.319066,,,,,,,4.86,5.22,,,,,,,,
2022-09-19,,,0.096993,,,5.08,,5.41,,4.72,3.72,,4.29,,,,,,
2022-09-20,,,0.0,,,3.29,,3.97,,,5.43,,2.95,,,,,,
2022-09-21,,,0.0,,,,,4.33,,4.84,7.15,,4.13,,,,,,
2022-09-22,,,0.0,,,,,4.6,,3.17,5.22,,,,,,,,
2022-09-23,,,,,,6.14,,5.06,,,5.25,,4.07,,,,,,
2022-09-24,,,,,,3.9,,4.47,,5.09,,,3.45,,,,,,
2022-09-25,,,,,,,,,,3.57,5.24,,,,,,,,
2022-09-26,,,,,,,,7.98,,4.7,3.18,,,,,,,,
2022-09-27,,,,,,4.59,,,,4.13,4.35,,6.33,,,,,,
2022-09-28,,,,,,4.31,,5.8,,5.17,3.53,,4.64,,,,,,
2022-09-29,,,,,,5.31,,,,4.52,,,3.67,,,,,,
2022-09-30,,,,,,4.99,,5.0,,,,,4.26,,,,,,
2022-10-01,,,,,,,,4.49,,3.97,,,,,,,,,
2022-10-02,,,,,,5.94,,4.15,,3.6,,,3.62,,,,,,
2022-10-03,,,,,,5.18,,4.6,,3.39,,,3.33,,,,,,
2022-10-04,,,,,,4.5,,5.38,,5.46,4.63,,4.26,,,,,,
2022-10-05,,,,,,,,4.86,,6.8,5.7,,4.41,,,,,,
2022-10-06,,,,,,3.24,,5.46,,,3.49,,3.72,,,,,,
2022-10-07,,,,,,3.66,,,,,,,,,,,,,
2022-10-08,,,,,,,,3.9,,,,,4.92,,,,,,
2022-10-09,,,,,,,,4.74,,,3.96,,,,,,,,
2022-10-10,,,,,,,,5.41,,,3.68,,,,,,,,
2022-10-11,,,,,,4.34,,6.75,,3.88,5.66,,,,,,,,
2022-10-12,,,,,,4.79,,6.16,,,4.85,,3.6,,,,,,
2022-10-13,,,,,,4.1,,6.21,,3.52,4.17,,3.39,,,,,,
2022-10-14,,,,,,,,8.75,,4.12,6.78,,3.44,,,,,,
2022-10-15,,,,,,4.91,,4.29,,5.0,4.79,,4.02,,,,,,
2022-10-16,,,,,,5.0,,9.35,,4.66,6.78,,,,,,,,
2022-10-17,,,,,,3.32,,7.38,,,5.26,,3.84,,,,,,
2022-10-18,,,,,,4.02,,6.61,,5.48,4.26,,5.82,,,,,,
2022-10-19,,,,,,,,6.76,,3.94,,,,,,,,,
2022-10-20,,,,,,,,5.44,,,4.88,,3.91,,,,,,
2022-10-21,,,1.416467,,,5.4,,5.22,,4.67,5.84,,3.46,,,,,,
2022-10-22,,,1.676199,,,3.82,,5.54,,4.89,5.79,,4.0,,,,,,
2022-10-23,,,1.859427,,,,,5.82,,,6.63,,,,,,,,
2022-10-24,,,2.107358,,,4.75,,5.4,,,4.74,,5.21,,,,,,
2022-10-25,,,2.267384,,,,,4.45,,3.8,4.14,,3.39,,,,,,
2022-10-26,,,2.111025,,,,,6.07,,,5.15,,3.89,,,,,,
2022-10-27,,,1.935463,,,,,7.51,,,,,4.23,,,,,,
2022-10-28,,,1.729385,,,3.89,,6.75,,,3.99,,,,,,,,
2022-10-29,,,1.666576,,,,,,,4.65,,,,,,,,,
2022-10-30,,,1.665996,,,,,4.47,,,4.19,,3.87,,,,,,
2022-10-31,,,1.620094,,,3.42,,3.48,,5.33,,,,,,,,,
2022-11-01,,,1.592629,,,,,3.76,,,3.48,,3.54,,,,,,
2022-11-02,,,1.784304,,,,,8.42,,,4.94,,6.0,,,,,,
2022-11-03,,,2.107563,,,,,7.11,,,5.18,,3.43,,,,,,
2022-11-04,,,2.50711,,,,,5.11,,,3.62,,,,,,,,
2022-11-05,,,2.814916,,,5.19,,7.2,,4.21,,,,,,,,,
2022-11-06,,,2.982568,,,,,9.23,,,5.08,,3.81,,,,,,
2022-11-07,,,2.878922,,,,,10.99,,4.62,,,4.14,,,,,,
2022-11-08,,,2.716451,,,4.38,,7.03,,,3.74,,3.25,,,,,,
2022-11-09,,,2.413995,,,3.26,,6.43,,5.69,,,4.05,,,,,,
2022-11-10,,,1.946497,,,4.49,,4.31,,3.74,4.79,,4.18,,,,,,
2022-11-11,,,1.502009,,,3.91,,6.94,,,3.35,,3.49,,,,,,
2022-11-12,,,1.01073,,,,,,,,,,,,,,,,
2022-11-13,,,0.597781,,,5.71,,6.71,,5.99,4.65,,5.37,,,,,,
2022-11-14,,,0.264149,,,6.03,,,,4.04,6.75,,5.92,,,,,,
2022-11-15,,,0.008936,,,4.06,,8.83,,,3.52,,,,,,,,
2022-11-16,,,0.0,,,,,6.74,,5.12,5.22,,4.63,,,,,,
2022-11-17,,,0.0,,,3.3,,7.86,,,5.32,,4.67,,,,,,
2022-11-18,,,0.0,,,,,6.75,,,3.82,,5.34,,,,,,
2022-11-19,,,0.0,,,4.24,,7.9,,,4.95,,6.13,,,,,,
2022-11-20,,,0.0,,,,,10.8,,4.36,4.69,,4.12,,,,,,
2022-11-21,,,0.0,,,3.96,,10.23,,,6.38,,,,,,,,
2022-11-22,,,0.0,,,5.24,,9.57,,3.34,,,4.73,,,,,,
2022-11-23,,,0.0,,,4.39,,8.34,,,3.71,,3.67,,,,,,
2022-11-24,,,0.0,,,4.56,,10.22,,4.54,5.06,,4.35,,,,,,
2022-11-25,,,0.0,,,,,6.88,,,,,5.45,,,,,,
2022-11-26,,,0.0,,,4.07,,9.3,,5.62,,,,,,,,,
2022-11-27,,,0.0238,,,4.67,,9.45,,5.97,7.34,,6.79,,,,,,
2022-11-28,,,0.139691,,,4.05,,10.2,,3.53,4.87,,3.75,,,,,,
2022-11-29,,,0.237343,,,4.8,,4.26,,3.46,6.87,,3.62,,,,,,
2022-11-30,,,0.322789,,,4.75,,10.72,,4.78,4.44,,3.62,,,,,,
2022-12-01,,,0.385888,,,4.66,,11.51,,,3.66,,5.74,,,,,,
2022-12-02,,,0.472281,,,,,9.02,,,,,4.89,,,,,,
2022-12-03,,,0.596005,,,,,9.26,,,,,4.4,,,,,,
2022-12-04,,,0.667683,,,4.72,,11.11,,8.48,6.41,,4.6,,,,,,
2022-12-05,,,0.598413,,,7.26,,8.35,,,5.04,,,,,,,,
2022-12-06,,,0.507393,,,6.08,,9.33,,,,,,,,,,,
2022-12-07,,,0.412878,,,4.02,,15.1,,4.45,5.34,,,,,,,,
2022-12-08,,,0.10259,,,4.3,,8.89,,8.26,,,4.98,,,,,,
2022-12-09,,,0.047946,,,3.62,,10.2,,,,,4.87,,,,,,
2022-12-10,,,0.006105,,,8.13,,13.71,,,5.57,,,,,,,,
2022-12-11,,,0.0,,,10.0,,7.14,,,7.33,,4.05,,,,,,
2022-12-12,,,0.103644,,,8.48,,10.02,,5.17,4.35,,6.16,,,,,,
2022-12-13,,,0.226669,,,9.58,,14.63,,5.65,6.08,,3.76,,,,,,
2022-12-14,,,0.345676,,,8.59,,12.98,,3.88,3.62,,4.05,,,,,,
2022-12-15,,,0.456265,,,6.87,,9.61,,6.96,5.36,,,,,,,,
2022-12-16,,,0.572824,,,9.32,,8.99,,4.75,5.25,,4.31,,,,,,
2022-12-17,,,0.703383,,,8.09,,13.49,,4.63,4.99,,8.38,,,,,,
2022-12-18,,,0.813716,,,13.03,,16.71,,,4.96,,5.09,,,,,,
2022-12-19,,,1.048355,,,10.74,,9.18,,,5.09,,5.82,,,,,,
2022-12-20,,,1.309936,,,8.4,,13.4,,5.33,,,4.96,,,,,,
2022-12-21,,,1.5252,,,5.42,,9.52,,5.03,,,,,,,,,
2022-12-22,,,2.216129,,,6.86,,7.22,,4.96,,,7.1,,,,,,
2022-12-23,,,2.88869,,,7.07,,10.98,,4.59,5.8,,,,,,,,
2022-12-24,,,3.647845,,,,,7.49,,,,,4.43,,,,,,
2022-12-25,,,4.26298,,,7.73,,8.53,,,,,,,,,,,
2022-12-26,,,4.9139,,,5.2,,8.91,,6.99,,,4.33,,,,,,
2022-12-27,,,5.235079,,,6.0,,10.83,,5.73,4.99,,5.51,,,,,,
2022-12-28,,,5.476041,,,,,8.58,,,6.46,,5.5,,,,,,
2022-12-29,,,,,,4.65,,10.14,,,,,,,,,,,
2022-12-30,,,5.838539,,,6.01,,10.62,,4.38,3.97,,4.11,,,,,,
2022-12-31,,,,,,,,5.61,,5.66,3.94,,4.07,,,,,,
2023-01-01,,,,,,5.54,,10.87,,5.74,,,4.96,,,,,,
2023-01-02,,,4.968112,,,4.38,,7.48,,4.72,5.67,,,,,,,,
2023-01-03,,,4.19422,,,5.22,,7.02,,3.94,4.34,,,,,,,,
2023-01-04,,,3.490278,,,3.52,,6.68,,4.62,5.54,,6.22,,,,,,
2023-01-05,,,2.595437,,,7.59,,6.18,,9.15,6.07,,4.88,,,,,,
2023-01-06,,,1.627026,,,4.44,,8.42,,3.56,,,7.28,,,,,,
2023-01-07,,,1.032047,,,4.66,,5.59,,,4.05,,4.92,,,,,,
2023-01-08,,,0.584299,,,,,,,4.21,5.03,,6.7,,,,,,
2023-01-09,,,0.248031,,,5.75,,6.34,,5.02,4.82,,,,,,,,
2023-01-10,,,0.61999,,,4.36,,7.97,,,,,,,,,,,
2023-01-11,,,0.908433,,,,,6.91,,5.22,3.93,,6.81,,,,,,
2023-01-12,,,1.146337,,,,,4.32,,,,,7.09,,,,,,
2023-01-13,,,1.303851,,,4.17,,6.08,,3.98,,,5.06,,,,,,
2023-01-14,,,1.24297,,,4.66,,8.57,,6.59,,,4.8,,,,,,
2023-01-15,,,1.169184,,,4.39,,8.8,,,5.93,,5.57,,,,,,
2023-01-16,,,1.051374,,,4.13,,6.96,,4.24,4.2,,9.67,,,,,,
2023-01-17,,,0.911274,,,4.83,,6.17,,4.75,5.61,,5.53,,,,,,
2023-01-18,,,0.762724,,,,,4.03,,,5.68,,5.84,,,,,,
2023-01-19,,,0.620532,,,4.71,,5.22,,3.58,,,4.47,,,,,,
2023-01-20,,,0.767334,,,,,3.67,,,5.26,,,,,,,,
2023-01-21,,,1.175612,,,,,5.38,,4.74,,,7.53,,,,,,
2023-01-22,,,1.541984,,,,,,,,,,4.31,,,,,,
2023-01-23,,,1.966325,,,3.81,,5.25,,,8.06,,4.97,,,,,,
2023-01-24,,,2.165827,,,4.51,,6.41,,,3.82,,4.37,,,,,,
2023-01-25,,,2.535954,,,,,5.07,,5.5,6.65,,,,,,,,
2023-01-26,,,3.008729,,,4.31,,5.78,,4.85,8.64,,5.09,,,,,,
2023-01-27,,,3.467268,,,3.57,,,,,3.69,,,,,,,,
2023-01-28,,,,,,,,5.38,,5.34,10.48,,4.95,,,,,,
2023-01-29,,,,,,,,,,4.8,,,,,,,,,
2023-01-30,,,2.430563,,,,,6.06,,5.09,4.13,,5.8,,,,,,
2023-01-31,,,1.756947,,,4.84,,4.42,,,5.32,,4.47,,,,,,
2023-02-01,,,,,,4.0,,4.42,,5.61,4.29,,,,,,,,
2023-02-02,,,1.681341,,,,,6.56,,,5.63,,,,,,,,
2023-02-03,,,1.816581,,,,,5.11,,,5.83,,9.11,,,,,,
2023-02-04,,,,,,5.21,,,,,6.7,,4.91,,,,,,
2023-02-05,,,,,,,,5.01,,4.55,,,4.92,,,,,,
2023-02-06,,,2.73544,,,,,5.11,,4.41,4.85,,4.28,,,,,,
2023-02-07,,,3.234547,,,4.63,,6.38,,4.58,3.69,,5.25,,,,,,
2023-02-08,,,3.514802,,,3.97,,,,,4.4,,3.84,,,,,,
2023-02-09,,,3.449335,,,4.25,,5.84,,4.28,,,5.29,,,,,,
2023-02-10,,,3.074,,,,,6.81,,6.68,,,6.0,,,,,,
2023-02-11,,,2.820116,,,,,5.83,,,4.67,,10.35,,,,,,
2023-02-12,,,2.648586,,,6.68,,,,5.96,5.02,,7.75,,,,,,
2023-02-13,,,2.312749,,,,,,,,,,7.37,,,,,,
2023-02-14,,,1.816699,,,,,4.07,,,3.74,,5.46,,,,,,
2023-02-15,,,1.373774,,,3.62,,6.18,,,5.37,,5.76,,,,,,
2023-02-16,,,1.014107,,,,,5.78,,4.01,,,7.41,,,,,,
2023-02-17,,,0.728384,,,5.41,,4.51,,6.31,5.6,,7.24,,,,,,
2023-02-18,,,0.54991,,,,,6.73,,4.23,,,5.47,,,,,,
2023-02-19,,,0.497422,,,4.27,,5.65,,5.16,5.89,,6.83,,,,,,
2023-02-20,,,0.381278,,,4.28,,5.17,,5.66,6.58,,7.19,,,,,,
2023-02-21,,,0.315745,,,,,7.54,,5.93,,,8.09,,,,,,
2023-02-22,,,0.285533,,,,,4.57,,,,,,,,,,,
2023-02-23,,,0.665101,,,,,3.91,,,4.84,,4.93,,,,,,
2023-02-24,,,0.654623,,,,,4.35,,5.26,,,6.16,,,,,,
2023-02-25,,,0.870473,,,,,,,5.05,,,6.12,,,,,,
2023-02-26,,,1.162294,,,,,7.95,,5.13,,,6.31,,,,,,
2023-02-27,,,1.204203,,,4.71,,5.72,,4.2,4.91,,8.98,,,,,,
2023-02-28,,,1.460781,,,5.03,,4.5,,7.05,4.17,,7.78,,,,,,
2023-03-01,,,1.636085,,,5.43,,4.48,,4.41,5.74,,7.53,,,,,,
2023-03-02,,,1.77036,,,4.08,,5.14,,5.2,3.59,,6.39,,,,,,
2023-03-03,,,1.91213,,,,,4.63,,3.98,5.26,,6.63,,,,,,
2023-03-04,,,2.0752,,,,,5.8,,,,,12.06,,,,,,
2023-03-05,,,2.30467,,,6.52,,5.53,,5.0,,,8.32,,,,,,
2023-03-06,,,2.267785,,,4.14,,8.71,,5.51,4.44,,5.88,,,,,,
2023-03-07,,,2.339429,,,6.09,,5.38,,6.79,,,6.48,,,,,,
2023-03-08,,,1.731236,,,,,,,,,,7.0,,,,,,
2023-03-09,,,1.178472,,,3.89,,7.18,,3.95,3.88,,5.36,,,,,,
2023-03-10,,,0.873425,,,,,7.34,,,4.15,,9.13,,,,,,
2023-03-11,,,0.442497,,,4.36,,5.77,,,5.3,,7.99,,,,,,
2023-03-12,,,0.1721,,,,,6.76,,,5.49,,6.05,,,,,,
2023-03-13,,,0.059349,,,4.42,,8.23,,3.52,6.29,,5.16,,,,,,
2023-03-14,,,0.054434,,,4.51,,4.66,,4.0,,,6.26,,,,,,
2023-03-15,,,0.0,,,10.47,,7.21,,4.77,4.55,,6.45,,,,,,
2023-03-16,,,0.253512,,,3.7,,5.07,,,6.3,,5.46,,,,,,
2023-03-17,,,0.573876,,,4.62,,,,3.79,4.84,,6.08,,,,,,
2023-03-18,,,0.703583,,,4.54,,,,,,,4.88,,,,,,
2023-03-19,,,0.808105,,,,,5.91,,,,,5.16,,,,,,
2023-03-20,,,0.792266,,,4.13,,6.39,,5.23,3.89,,8.34,,,,,,
2023-03-21,,,1.26366,,,3.74,,5.37,,4.58,4.12,,6.5,,,,,,
2023-03-22,,,1.002429,,,,,6.71,,4.95,4.31,,10.67,,,,,,
2023-03-23,,,1.240618,,,3.79,,3.7,,6.19,5.51,,6.91,,,,,,
2023-03-24,,,1.31455,,,6.09,,5.34,,,7.11,,4.31,,,,,,
2023-03-25,,,1.42845,,,,,5.99,,5.99,,,5.68,,,,,,
2023-03-26,,,1.536276,,,,,7.58,,6.22,5.4,,,,,,,,
2023-03-27,,,1.696201,,,4.64,,5.4,,,,,7.25,,,,,,
2023-03-28,,,1.72008,,,5.01,,5.03,,,4.8,,,,,,,,
2023-03-29,,,1.312907,,,,,8.44,,5.3,4.8,,7.15,,,,,,
2023-03-30,,,0.708394,,,,,6.56,,4.22,4.47,,6.24,,,,,,
2023-03-31,,,0.853184,,,4.42,,6.82,,,6.12,,,,,,,,
2023-04-01,,,0.786694,,,,,4.97,,4.95,,,6.41,,,,,,
2023-04-02,,,0.742391,,,5.11,,5.71,,,,,5.11,,,,,,
2023-04-03,,,0.908955,,,,,3.57,,5.16,4.54,,7.15,,,,,,
2023-04-04,,,1.05231,,,3.9,,5.13,,,4.33,,4.99,,,,,,
2023-04-05,,,1.221751,,,,,4.23,,4.0,4.69,,5.41,,,,,,
2023-04-06,,,1.36505,,,4.08,,4.97,,,5.1,,5.36,,,,,,
2023-04-07,,,1.417718,,,,,5.72,,,,,4.24,,,,,,
2023-04-08,,,1.300905,,,,,4.71,,5.83,,,9.73,,,,,,
2023-04-09,,,1.190029,,,,,5.11,,,4.47,,,,,,,,
2023-04-10,,,1.228826,,,5.42,,6.02,,,4.77,,7.29,,,,,,
2023-04-11,,,1.077823,,,5.08,,3.9,,,6.9,,4.93,,,,,,
2023-04-12,,,1.112461,,,3.75,,,,,5.16,,5.96,,,,,,
2023-04-13,,,1.253941,,,4.01,,3.63,,4.78,4.83,,5.15,,,,,,
2023-04-14,,,1.405952,,,,,,,,5.73,,,,,,,,
2023-04-15,,,1.620422,,,,,,,,,,5.88,,,,,,
2023-04-16,,,1.814054,,,,,5.71,,6.09,,,5.67,,,,,,
2023-04-17,,,2.050805,,,,,,,,7.56,,4.19,,,,,,
2023-04-18,,,2.088708,,,,,4.19,,4.73,5.97,,5.67,,,,,,
2023-04-19,,,2.274967,,,,,5.08,,4.52,6.2,,6.81,,,,,,
2023-04-20,,,2.253682,,,,,3.85,,3.84,,,4.91,,,,,,
2023-04-21,,,2.085656,,,,,,,4.45,6.6,,6.31,,,,,,
2023-04-22,,,1.952625,,,,,6.07,,4.74,,,4.99,,,,,,
2023-04-23,,,1.843902,,,,,,,,4.24,,6.21,,,,,,
2023-04-24,,,1.692767,,,4.09,,7.16,,,4.88,,,,,,,,
2023-04-25,,,1.582754,,,,,5.76,,4.85,6.7,,,,,,,,
2023-04-26,,,1.799399,,,,,3.85,,5.26,7.55,,5.05,,,,,,
2023-04-27,,,1.82986,,,,,5.99,,3.71,5.62,,3.76,,,,,,
2023-04-28,,,1.917981,,,,,,,,4.8,,,,,,,,
2023-04-29,,,2.06625,,,,,4.57,,,,,,,,,,,
2023-04-30,,,2.187271,,,,,6.1,,5.58,5.36,,,,,,,,
2023-05-01,,,2.172768,,,,,4.88,,4.92,5.44,,,,,,,,
2023-05-02,,,2.132997,,,,,4.09,,3.91,3.8,,7.37,,,,,,
2023-05-03,,,1.918527,,,5.54,,,,4.78,4.62,,4.02,,,,,,
2023-05-04,,,1.38866,,,,,4.8,,5.34,4.13,,,,,,,,
2023-05-05,,,0.930207,,,,,5.0,,,,,3.93,,,,,,
2023-05-06,,,0.542769,,,,,5.13,,4.88,5.03,,4.46,,,,,,
2023-05-07,,,0.229914,,,,,,,,5.34,,4.5,,,,,,
2023-05-08,,,0.0,,,3.9,,3.78,,3.62,,,,,,,,,
2023-05-09,,,0.0,,,,,3.98,,4.3,,,,,,,,,
2023-05-10,,,0.160394,,,,,,,,4.49,,3.98,,,,,,
2023-05-11,,,0.305614,,,3.72,,3.78,,5.75,,,,,,,,,
2023-05-12,,,0.442056,,,,,4.87,,,,,,,,,,,
2023-05-13,,,0.567261,,,,,,,,,,,,,,,,
2023-05-14,,,0.669581,,,,,,,,,,5.86,,,,,,
2023-05-15,,,0.718108,,,,,5.36,,,3.98,,4.32,,,,,,
2023-05-16,,,0.763496,,,,,5.32,,,,,,,,,,,
2023-05-17,,,0.80894,,,,,,,,3.83,,5.02,,,,,,
2023-05-18,,,0.672818,,,4.29,,3.93,,,4.35,,,,,,,,
2023-05-19,,,0.739753,,,,,6.3,,4.91,,,5.31,,,,,,
2023-05-20,,,0.824073,,,,,5.42,,,,,,,,,,,
2023-05-21,,,0.894506,,,,,,,6.44,,,6.31,,,,,,
2023-05-22,,,0.900281,,,,,5.45,,4.12,6.05,,4.64,,,,,,
2023-05-23,,,0.900335,,,,,5.39,,,,,4.74,,,,,,
2023-05-24,,,0.914596,,,,,,,,4.14,,5.51,,,,,,
2023-05-25,,,0.920386,,,,,4.28,,4.02,4.53,,,,,,,,
2023-05-26,,,0.719717,,,,,6.27,,4.77,5.52,,,,,,,,
2023-05-27,,,0.528667,,,,,4.85,,3.94,,,4.99,,,,,,
2023-05-28,,,0.359621,,,6.21,,4.39,,,3.94,,,,,,,,
2023-05-29,,,0.217679,,,,,5.42,,,3.88,,4.71,,,,,,
2023-05-30,,,0.102624,,,5.85,,5.78,,5.84,6.59,,5.94,,,,,,
2023-05-31,,,0.01431,,,,,,,,4.66,,4.25,,,,,,
2023-06-01,,,0.0,,,,,3.89,,4.29,4.63,,3.79,,,,,,
2023-06-02,,,0.0,,,3.83,,4.47,,,3.66,,,,,,,,
2023-06-03,,,0.0,,,5.26,,,,4.81,,,,,,,,,
2023-06-04,,,0.0,,,,,,,,5.35,,6.37,,,,,,
2023-06-05,,,0.0,,,,,4.78,,,4.26,,,,,,,,
2023-06-06,,,0.0,,,,,,,,,,4.09,,,,,,
2023-06-07,,,0.0,,,,,,,,4.84,,,,,,,,
2023-06-08,,,0.0,,,,,4.57,,,4.38,,6.58,,,,,,
2023-06-09,,,0.0,,,,,4.08,,,,,4.04,,,,,,
2023-06-10,,,0.0,,,,,4.32,,4.46,,,6.34,,,,,,
2023-06-11,,,0.0,,,,,3.83,,,4.3,,5.99,,,,,,
2023-06-12,,,0.0,,,,,,,,,,4.01,,,,,,
2023-06-13,,,0.0,,,,,4.43,,,5.79,,,,,,,,
2023-06-14,,,0.0,,,,,,,,4.09,,5.21,,,,,,
2023-06-15,,,0.0,,,,,3.94,,,5.7,,,,,,,,
2023-06-16,,,0.0,,,,,3.92,,4.44,4.57,,4.05,,,,,,
2023-06-17,,,0.0,,,,,,,3.84,4.68,,,,,,,,
2023-06-18,,,0.068627,,,,,4.1,,,6.87,,6.29,,,,,,
2023-06-19,,,0.120069,,,,,,,,4.77,,3.68,,,,,,
2023-06-20,,,0.162165,,,,,6.45,,,4.25,,7.27,,,,,,
2023-06-21,,,0.197796,,,,,,,5.87,4.28,,,,,,,,
2023-06-22,,,0.220044,,,3.52,,3.98,,4.12,,,4.87,,,,,,
2023-06-23,,,0.236102,,,,,5.4,,,,,4.99,,,,,,
2023-06-24,,,0.251643,,,,,,,4.62,5.22,,4.41,,,,,,
2023-06-25,,,0.262037,,,,,3.89,,4.21,5.8,,5.59,,,,,,
2023-06-26,,,0.204351,,,,,,,3.31,4.53,,4.42,,,,,,
2023-06-27,,,0.151746,,,,,,,,6.55,,,,,,,,
2023-06-28,,,0.104746,,,,,4.55,,3.98,,,4.13,,,,,,
2023-06-29,,,0.064625,,,3.87,,,,,3.44,,3.58,,,,,,
2023-06-30,,,0.031945,,,,,,,3.33,5.86,,3.33,,,,,,
2023-07-01,,,0.006712,,,3.77,,,,3.14,3.09,,4.6,,,,,,
2023-07-02,,,0.0,,,,,4.52,,4.05,3.07,,4.17,,,,,,
2023-07-03,,,0.0,,,4.26,,,,3.77,3.72,,5.5,,,,,,
2023-07-04,,,0.0,,,,,,,4.37,,,,,,,,,
2023-07-05,,,0.0,,,3.76,,2.69,,,4.66,,4.54,,,,,,
2023-07-06,,,0.0,,,,,3.61,,4.55,4.06,,4.06,,,,,,
2023-07-07,,,0.0,,,,,,,,3.76,,3.38,,,,,,
2023-07-08,,,0.0,,,,,4.38,,3.49,4.83,,5.26,,,,,,
2023-07-09,,,0.0,,,,,,,,,,,,,,,,
2023-07-10,,,0.0,,,,,4.15,,4.07,4.06,,5.0,,,,,,
2023-07-11,,,0.18761,,,3.23,,3.94,,,,,4.54,,,,,,
2023-07-12,,,0.326423,,,,,,,4.35,3.37,,4.84,,,,,,
2023-07-13,,,0.439026,,,,,4.03,,,,,4.47,,,,,,
2023-07-14,,,0.540354,,,,,,,3.09,6.25,,3.38,,,,,,
2023-07-15,,,0.637362,,,,,3.9,,3.67,5.67,,4.88,,,,,,
2023-07-16,,,0.712598,,,,,,,6.47,,,4.01,,,,,,
2023-07-17,,,0.729606,,,,,3.85,,3.33,5.03,,3.46,,,,,,
2023-07-18,,,0.729978,,,4.01,,3.66,,4.12,3.83,,5.67,,,,,,
2023-07-19,,,0.570198,,,3.34,,4.24,,4.72,,,4.04,,,,,,
2023-07-20,,,0.420063,,,,,,,5.89,4.89,,5.69,,,,,,
2023-07-21,,,0.288039,,,,,,,4.27,4.02,,4.51,,,,,,
2023-07-22,,,0.175766,,,,,,,,,,,,,,,,
2023-07-23,,,0.084481,,,,,5.15,,,9.01,,3.91,,,,,,
2023-07-24,,,0.014179,,,,,,,,4.72,,5.5,,,,,,
2023-07-25,,,0.0,,,,,4.96,,,,,5.38,,,,,,
2023-07-26,,,0.0,,,3.36,,4.04,,4.19,6.28,,4.52,,,,,,
2023-07-27,,,0.0,,,,,3.81,,3.67,3.17,,6.37,,,,,,
2023-07-28,,,0.0,,,3.48,,4.51,,3.57,,,5.57,,,,,,
2023-07-29,,,0.0,,,,,,,,,,5.53,,,,,,
2023-07-30,,,0.0,,,4.01,,4.64,,3.56,3.55,,6.17,,,,,,
2023-07-31,,,0.0,,,,,3.28,,3.87,3.34,,3.92,,,,,,
2023-08-01,,,0.0,,,4.06,,,,5.25,4.73,,3.21,,,,,,
2023-08-02,,,0.0,,,,,,,,5.08,,4.57,,,,,,
2023-08-03,,,0.0,,,3.72,,4.18,,,5.72,,5.29,,,,,,
2023-08-04,,,0.0,,,,,3.85,,4.42,,,3.17,,,,,,
2023-08-05,,,0.052523,,,,,,,5.51,4.1,,4.4,,,,,,
2023-08-06,,,0.124484,,,3.34,,,,,,,,,,,,,
2023-08-07,,,0.173874,,,,,,,5.85,4.03,,5.51,,,,,,
2023-08-08,,,0.210229,,,3.68,,,,5.58,3.92,,4.08,,,,,,
2023-08-09,,,0.237794,,,,,3.39,,4.92,4.44,,3.38,,,,,,
2023-08-10,,,0.257976,,,,,,,,,,3.61,,,,,,
2023-08-11,,,0.27528,,,,,3.93,,4.0,4.23,,5.22,,,,,,
2023-08-12,,,0.295315,,,,,,,3.64,4.01,,6.35,,,,,,
2023-08-13,,,0.232242,,,,,,,4.03,,,,,,,,,
2023-08-14,,,0.172938,,,,,3.96,,,5.49,,,,,,,,
2023-08-15,,,0.119515,,,,,,,,3.43,,,,,,,,
2023-08-16,,,0.074405,,,,,,,4.79,3.59,,3.9,,,,,,
2023-08-17,,,0.037482,,,,,,,,3.87,,3.33,,,,,,
2023-08-18,,,0.008869,,,,,,,3.64,,,4.9,,,,,,
2023-08-19,,,0.0,,,,,3.42,,,4.2,,5.77,,,,,,
2023-08-20,,,0.0,,,,,,,,,,7.36,,,,,,
2023-08-21,,,0.0,,,5.59,,,,5.95,5.61,,5.07,,,,,,
2023-08-22,,,0.0,,,,,3.44,,,5.86,,,,,,,,
2023-08-23,,,0.0,,,,,,,,4.0,,,,,,,,
2023-08-24,,,0.0,,,,,4.2,,4.58,,,,,,,,,
2023-08-25,,,0.0,,,5.39,,,,,5.43,,4.37,,,,,,
2023-08-26,,,0.0,,,,,4.4,,3.66,3.73,,4.08,,,,,,
2023-08-27,,,0.0,,,,,,,,3.9,,,,,,,,
2023-08-28,,,0.0,,,3.9,,,,4.18,3.76,,,,,,,,
2023-08-29,,,0.0,,,,,,,6.31,6.23,,,,,,,,
2023-08-30,,,0.0,,,,,4.31,,3.94,4.39,,4.22,,,,,,
2023-08-31,,,0.0,,,,,3.86,,,3.63,,5.86,,,,,,
2023-09-01,,,0.0,,,,,,,,,,3.33,,,,,,
2023-09-02,,,0.0,,,3.03,,3.33,,,,,5.76,,,,,,
2023-09-03,,,0.0,,,3.16,,3.62,,3.05,4.88,,,,,,,,
2023-09-04,,,0.0,,,,,4.78,,5.47,5.36,,4.66,,,,,,
2023-09-05,,,0.163322,,,5.74,,5.13,,,7.39,,5.27,,,,,,
2023-09-06,,,0.301667,,,,,,,,4.57,,,,,,,,
2023-09-07,,,0.413861,,,6.44,,4.44,,3.62,,,4.47,,,,,,
2023-09-08,,,0.51319,,,,,,,,,,4.15,,,,,,
2023-09-09,,,0.609558,,,,,4.8,,4.64,4.25,,5.12,,,,,,
2023-09-10,,,0.681706,,,,,,,,5.18,,,,,,,,
2023-09-11,,,0.707898,,,,,4.94,,4.08,7.21,,4.68,,,,,,
2023-09-12,,,0.71201,,,4.94,,4.51,,5.65,4.61,,3.99,,,,,,
2023-09-13,,,0.5575,,,4.43,,6.46,,,3.87,,,,,,,,
2023-09-14,,,0.413405,,,3.58,,4.88,,,3.88,,4.12,,,,,,
2023-09-15,,,0.284907,,,,,4.6,,4.79,5.38,,,,,,,,
2023-09-16,,,0.173749,,,,,5.35,,3.84,3.99,,,,,,,,
2023-09-17,,,0.084651,,,,,,,,6.24,,,,,,,,
2023-09-18,,,0.015864,,,,,3.73,,,4.23,,4.85,,,,,,
2023-09-19,,,0.0,,,5.79,,5.28,,5.07,4.72,,,,,,,,
2023-09-20,,,0.0,,,,,4.82,,6.07,,,4.59,,,,,,
2023-09-21,,,0.0,,,,,4.76,,,3.95,,4.47,,,,,,
2023-09-22,,,0.0,,,4.26,,5.11,,,,,5.56,,,,,,
2023-09-23,,,0.0,,,,,4.08,,6.1,,,4.61,,,,,,
2023-09-24,,,0.0,,,,,6.37,,,4.0,,,,,,,,
2023-09-25,,,0.051373,,,3.51,,5.97,,3.82,6.62,,,,,,,,
2023-09-26,,,0.10774,,,,,7.83,,,,,,,,,,,
2023-09-27,,,0.156681,,,3.59,,5.34,,,4.73,,,,,,,,
2023-09-28,,,1.425634,,,,,6.1,,,,,,,,,,,
2023-09-29,,,0.236622,,,,,,,4.04,5.06,,,,,,,,
2023-09-30,,,0.277778,,,,,4.34,,6.0,,,,,,,,,
2023-10-01,,,0.305344,,,,,5.97,,,7.81,,,,,,,,
2023-10-02,,,0.243952,,,4.32,,,,,,,5.38,,,,,,
2023-10-03,,,0.184495,,,,,3.92,,,4.51,,4.41,,,,,,
2023-10-04,,,0.130746,,,,,4.3,,4.05,6.65,,5.09,,,,,,
2023-10-05,,,0.083363,,,,,3.82,,5.94,,,5.75,,,,,,
2023-10-06,,,0.043985,,,,,5.68,,,4.12,,,,,,,,
2023-10-07,,,0.012988,,,8.29,,4.27,,,5.1,,,,,,,,
2023-10-08,,,0.0,,,,,4.23,,6.61,,,6.26,,,,,,
2023-10-09,,,0.0,,,,,4.05,,3.88,,,,,,,,,
2023-10-10,,,0.0,,,,,6.84,,4.3,6.54,,4.42,,,,,,
2023-10-11,,,0.0,,,,,3.79,,,,,3.79,,,,,,
2023-10-12,,,0.0,,,,,4.4,,,3.82,,,,,,,,
2023-10-13,,,0.0,,,5.64,,4.14,,,,,,,,,,,
2023-10-14,,,0.0,,,,,8.16,,5.91,5.36,,6.88,,,,,,
2023-10-15,,,0.0,,,,,4.98,,4.36,,,,,,,,,
2023-10-16,,,0.0,,,4.25,,6.73,,4.34,6.27,,6.44,,,,,,
2023-10-17,,,0.0,,,4.75,,4.25,,,,,7.28,,,,,,
2023-10-18,,,0.0,,,,,7.18,,4.88,5.13,,,,,,,,
2023-10-19,,,0.0,,,3.96,,4.58,,7.12,3.84,,,,,,,,
2023-10-20,,,0.0,,,4.0,,4.66,,7.41,,,,,,,,,
2023-10-21,,,0.0,,,,,,,,,,,,,,,,
2023-10-22,,,0.0,,,,,11.89,,,6.52,,5.64,,,,,,
2023-10-23,,,0.0,,,,,4.35,,5.26,4.22,,3.83,,,,,,
2023-10-24,,,0.0,,,,,6.15,,,4.66,,,,,,,,
2023-10-25,,,0.0,,,,,6.07,,,5.15,,4.18,,,,,,
2023-10-26,,,0.0,,,,,5.82,,4.05,6.45,,4.86,,,,,,
2023-10-27,,,0.0,,,7.29,,,,,,,,,,,,,
2023-10-28,,,0.0,,,,,5.69,,,9.3,,,,,,,,
2023-10-29,,,0.0,,,,,5.83,,5.94,6.88,,,,,,,,
2023-10-30,,,0.0,,,,,6.24,,,7.82,,4.24,,,,,,
2023-10-31,,,0.339944,,,,,6.61,,,,,4.52,,,,,,
2023-11-01,,,0.643516,,,,,7.23,,5.61,7.89,,,,,,,,
2023-11-02,,,0.914441,,,,,,,,4.98,,,,,,,,
2023-11-03,,,1.152033,,,,,5.58,,,4.25,,3.76,,,,,,
2023-11-04,,,1.384768,,,,,,,,,,5.89,,,,,,
2023-11-05,,,1.560632,,,,,6.13,,,,,,,,,,,
2023-11-06,,,1.595458,,,,,6.03,,6.44,4.64,,7.52,,,,,,
2023-11-07,,,1.588536,,,,,5.68,,,5.4,,4.27,,,,,,
2023-11-08,,,1.241394,,,4.78,,6.6,,,,,3.6,,,,,,
2023-11-09,,,0.918857,,,,,7.09,,5.18,,,,,,,,,
2023-11-10,,,0.630801,,,,,5.35,,4.9,6.09,,4.53,,,,,,
2023-11-11,,,0.385382,,,,,7.15,,,5.19,,,,,,,,
2023-11-12,,,0.186172,,,6.22,,6.55,,,,,,,,,,,
2023-11-13,,,0.032661,,,5.24,,5.87,,,,,5.22,,,,,,
2023-11-14,,,0.0,,,,,6.35,,,,,,,,,,,
2023-11-15,,,0.0,,,4.39,,9.66,,4.56,4.25,,4.33,,,,,,
2023-11-16,,,0.0,,,,,8.16,,7.47,4.91,,6.32,,,,,,
2023-11-17,,,0.0,,,4.02,,5.57,,5.07,,,5.47,,,,,,
2023-11-18,,,0.0,,,,,8.48,,,,,,,,,,,
2023-11-19,,,0.0,,,,,7.71,,,6.44,,,,,,,,
2023-11-20,,,0.0,,,,,7.89,,,4.75,,,,,,,,
2023-11-21,,,0.17477,,,,,5.59,,5.38,4.49,,4.12,,,,,,
2023-11-22,,,0.339254,,,,,,,,,,,,,,,,
2023-11-23,,,0.648085,,,5.29,,6.68,,,4.7,,,,,,,,
2023-11-24,,,1.046627,,,,,6.5,,,8.51,,,,,,,,
2023-11-25,,,1.428116,,,6.0,,6.74,,,,,,,,,,,
2023-11-26,,,1.738517,,,5.2,,8.15,,,,,8.86,,,,,,
2023-11-27,,,1.879065,,,,,6.59,,9.13,,,,,,,,,
2023-11-28,,,1.987019,,,6.97,,6.71,,7.37,4.7,,5.96,,,,,,
2023-11-29,,,1.828778,,,,,8.26,,4.89,4.42,,6.58,,,,,,
2023-11-30,,,1.637711,,,5.78,,10.77,,,,,7.54,,,,,,
2023-12-01,,,1.23006,,,,,5.22,,5.56,5.39,,,,,,,,
2023-12-02,,,0.862607,,,5.6,,8.01,,,,,5.24,,,,,,
2023-12-03,,,0.545798,,,,,8.16,,,6.01,,5.89,,,,,,
2023-12-04,,,0.285283,,,,,8.35,,,5.75,,5.61,,,,,,
2023-12-05,,,0.1195,,,4.88,,7.57,,,7.17,,,,,,,,
2023-12-06,,,0.185855,,,,,8.7,,,11.82,,,,,,,,
2023-12-07,,,0.252572,,,,,6.06,,4.94,,,4.92,,,,,,
2023-12-08,,,0.326376,,,6.02,,,,,,,4.6,,,,,,
2023-12-09,,,0.483862,,,,,4.6,,,,,,,,,,,
2023-12-10,,,1.974308,,,5.44,,6.4,,6.12,6.7,,,,,,,,
2023-12-11,,,0.709674,,,,,3.93,,,,,3.9,,,,,,
2023-12-12,,,0.782229,,,,,6.65,,4.83,6.03,,7.44,,,,,,
2023-12-13,,,0.84083,,,4.51,,8.27,,,4.17,,5.51,,,,,,
2023-12-14,,,0.72215,,,,,7.77,,4.77,4.22,,5.98,,,,,,
2023-12-15,,,0.78011,,,,,4.56,,4.19,4.8,,4.12,,,,,,
2023-12-16,,,0.854501,,,5.24,,5.39,,,,,6.85,,,,,,
2023-12-17,,,0.839425,,,,,7.79,,,5.94,,,,,,,,
2023-12-18,,,0.95831,,,4.5,,9.79,,,,,4.07,,,,,,
2023-12-19,,,1.097958,,,4.4,,6.39,,5.81,4.87,,5.31,,,,,,
2023-12-20,,,1.216653,,,,,6.1,,,,,4.82,,,,,,
2023-12-21,,,1.318265,,,5.66,,6.91,,4.58,,,7.8,,,,,,
2023-12-22,,,1.431488,,,,,10.7,,,,,4.99,,,,,,
2023-12-23,,,1.438087,,,6.16,,6.99,,,,,6.21,,,,,,
2023-12-24,,,1.432873,,,,,,,,,,5.72,,,,,,
2023-12-25,,,1.404558,,,,,,,,,,,,,,,,
2023-12-26,,,1.157093,,,6.47,,8.48,,8.58,,,,,,,,,
2023-12-27,,,1.174072,,,5.4,,7.67,,,,,,,,,,,
2023-12-28,,,1.470663,,,,,10.59,,6.39,4.95,,6.08,,,,,,
2023-12-29,,,2.194685,,,,,10.24,,5.67,,,7.0,,,,,,
2023-12-30,,,2.984115,,,5.83,,7.97,,4.92,,,7.58,,,,,,
2023-12-31,,,3.516169,,,6.42,,7.94,,5.54,,,7.21,,,,,,
2024-01-01,,,4.204387,,,,,5.93,,5.95,,,6.25,,,,,,
2024-01-02,,,4.863653,,,4.77,,6.05,,6.49,,,5.66,,,,,,
2024-01-03,,,5.192834,,,,,7.83,,6.66,5.18,,8.35,,,,,,
2024-01-04,,,5.18645,,,,,10.62,,,,,4.01,,,,,,
2024-01-05,,,4.422447,,,4.74,,5.69,,5.21,6.07,,,,,,,,
2024-01-06,,,3.577135,,,,,7.37,,5.48,,,5.47,,,,,,
2024-01-07,,,2.986989,,,,,8.29,,,,,,,,,,,
2024-01-08,,,2.576026,,,4.78,,7.31,,,4.1,,4.15,,,,,,
2024-01-09,,,2.168798,,,4.84,,5.34,,,7.82,,5.65,,,,,,
2024-01-10,,,1.554729,,,,,9.06,,10.28,4.6,,4.42,,,,,,
2024-01-11,,,1.066505,,,4.29,,7.23,,,6.76,,,,,,,,
2024-01-12,,,0.702589,,,4.15,,,,5.74,,,,,,,,,
2024-01-13,,,0.463472,,,4.89,,7.11,,5.27,,,,,,,,,
2024-01-14,,,0.311017,,,,,,,5.89,,,,,,,,,
2024-01-15,,,0.216601,,,5.4,,6.21,,,5.28,,4.8,,,,,,
2024-01-16,,,0.003563,,,,,4.79,,,,,,,,,,,
2024-01-17,,,0.0,,,,,5.5,,7.76,,,4.28,,,,,,
2024-01-18,,,0.0,,,4.39,,5.53,,7.54,5.02,,5.7,,,,,,
2024-01-19,,,0.0,,,4.0,,3.98,,4.93,,,,,,,,,
2024-01-20,,,0.089911,,,,,4.91,,,6.41,,5.4,,,,,,
2024-01-21,,,0.148522,,,,,9.56,,,,,,,,,,,
2024-01-22,,,0.171387,,,,,9.03,,,5.11,,4.16,,,,,,
2024-01-23,,,0.187326,,,,,5.08,,6.0,6.09,,4.78,,,,,,
2024-01-24,,,0.207438,,,,,4.2,,,6.74,,4.98,,,,,,
2024-01-25,,,0.248493,,,,,4.97,,4.14,5.93,,,,,,,,
2024-01-26,,,0.135432,,,4.47,,4.18,,7.38,4.68,,4.57,,,,,,
2024-01-27,,,0.187382,,,,,,,6.45,5.61,,,,,,,,
2024-01-28,,,0.143078,,,,,6.73,,,5.99,,,,,,,,
2024-01-29,,,0.100886,,,5.71,,5.64,,5.87,7.01,,4.27,,,,,,
2024-01-30,,,0.061914,,,4.54,,7.44,,,6.7,,4.59,,,,,,
2024-01-31,,,0.027965,,,,,5.0,,4.45,6.46,,,,,,,,
2024-02-01,,,0.000317,,,,,6.33,,,10.07,,,,,,,,
2024-02-02,,,0.0,,,5.21,,4.41,,,,,5.14,,,,,,
2024-02-03,,,0.0,,,,,,,,,,,,,,,,
2024-02-04,,,0.0,,,,,6.72,,,,,,,,,,,
2024-02-05,,,0.0,,,4.75,,6.45,,6.24,,,,,,,,,
2024-02-06,,,0.0,,,4.48,,8.85,,6.28,5.03,,6.32,,,,,,
2024-02-07,,,0.0,,,7.59,,5.88,,4.13,,,,,,,,,
2024-02-08,,,0.0,,,,,,,,7.05,,6.22,,,,,,
2024-02-09,,,0.0,,,5.53,,5.25,,,,,5.2,,,,,,
2024-02-10,,,0.0,,,8.59,,6.91,,,7.43,,6.49,,,,,,
2024-02-11,,,0.0,,,,,,,5.89,5.32,,6.14,,,,,,
2024-02-12,,,0.0,,,,,6.31,,,,,,,,,,,
2024-02-13,,,0.0,,,,,,,,5.03,,4.94,,,,,,
2024-02-14,,,0.144254,,,5.5,,7.54,,6.28,4.78,,4.94,,,,,,
2024-02-15,,,0.299135,,,,,8.09,,,5.95,,,,,,,,
2024-02-16,,,0.450764,,,,,5.16,,,,,,,,,,,
2024-02-17,,,0.597487,,,,,7.72,,,,,7.49,,,,,,
2024-02-18,,,0.719952,,,,,5.28,,,,,6.84,,,,,,
2024-02-19,,,0.784986,,,,,4.64,,,6.98,,5.57,,,,,,
2024-02-20,,,0.835082,,,5.81,,5.26,,5.05,5.53,,4.29,,,,,,
2024-02-21,,,0.877011,,,4.28,,6.34,,6.96,6.33,,,,,,,,
2024-02-22,,,0.691832,,,,,9.13,,5.95,,,5.31,,,,,,
2024-02-23,,,0.517829,,,4.95,,6.53,,4.36,6.16,,6.4,,,,,,
2024-02-24,,,0.361305,,,5.57,,6.75,,5.19,5.31,,4.97,,,,,,
2024-02-25,,,0.226629,,,,,6.88,,,4.94,,6.21,,,,,,
2024-02-26,,,0.109144,,,,,10.26,,7.2,5.29,,7.21,,,,,,
2024-02-27,,,0.027255,,,4.21,,4.5,,4.92,8.5,,8.42,,,,,,
2024-02-28,,,0.0,,,6.68,,4.96,,,4.21,,6.52,,,,,,
2024-02-29,,,0.0,,,4.13,,6.36,,6.05,5.36,,5.54,,,,,,
2024-03-01,,,0.0,,,4.32,,5.11,,7.77,5.68,,10.41,,,,,,
2024-03-02,,,0.0,,,,,5.83,,,6.53,,7.27,,,,,,
2024-03-03,,,0.0,,,,,7.82,,,5.01,,7.47,,,,,,
2024-03-04,,,0.0,,,6.03,,8.43,,4.24,5.25,,8.52,,,,,,
2024-03-05,,,0.0,,,5.84,,5.77,,,9.6,,8.08,,,,,,
2024-03-06,,,0.0,,,4.21,,,,,,,6.85,,,,,,
2024-03-07,,,0.0,,,5.02,,,,,7.32,,5.49,,,,,,
2024-03-08,,,0.0,,,4.89,,4.38,,,5.31,,,,,,,,
2024-03-09,,,0.0,,,,,5.41,,7.53,5.33,,5.62,,,,,,
2024-03-10,,,0.0,,,5.58,,,,8.76,5.72,,6.5,,,,,,
2024-03-11,,,0.0,,,,,5.3,,,4.74,,5.14,,,,,,
2024-03-12,,,0.149474,,,,,4.9,,4.86,4.57,,5.26,,,,,,
2024-03-13,,,0.302145,,,,,4.64,,4.6,,,,,,,,,
2024-03-14,,,0.429634,,,,,9.12,,6.21,8.69,,5.12,,,,,,
2024-03-15,,,0.543484,,,,,5.31,,4.51,,,4.97,,,,,,
2024-03-16,,,0.659132,,,,,6.09,,5.12,,,,,,,,,
2024-03-17,,,0.748276,,,,,7.55,,,5.1,,5.67,,,,,,
2024-03-18,,,0.783048,,,,,7.81,,,,,5.75,,,,,,
2024-03-19,,,0.803296,,,5.48,,5.92,,,,,8.6,,,,,,
2024-03-20,,,0.680403,,,,,6.86,,4.65,5.13,,,,,,,,
2024-03-21,,,0.651519,,,,,5.93,,5.42,,,,,,,,,
2024-03-22,,,0.589097,,,4.71,,,,,8.96,,4.92,,,,,,
2024-03-23,,,0.50596,,,,,,,,5.85,,6.79,,,,,,
2024-03-24,,,0.413593,,,,,,,,,,,,,,,,
2024-03-25,,,0.373179,,,,,6.71,,,,,,,,,,,
2024-03-26,,,0.262082,,,,,6.84,,,6.64,,5.17,,,,,,
2024-03-27,,,0.226669,,,,,7.58,,5.65,5.94,,7.34,,,,,,
2024-03-28,,,0.188868,,,,,4.89,,,5.31,,,,,,,,
2024-03-29,,,0.151569,,,,,,,,7.42,,7.06,,,,,,
2024-03-30,,,0.118549,,,,,,,,,,,,,,,,
2024-03-31,,,0.090171,,,,,6.4,,5.87,,,,,,,,,
2024-04-01,,,0.066796,,,6.63,,5.06,,,,,7.01,,,,,,
2024-04-02,,,0.045883,,,4.24,,4.04,,,,,3.9,,,,,,
2024-04-03,,,0.033868,,,,,5.19,,6.04,,,4.18,,,,,,
2024-04-04,,,0.023262,,,4.93,,4.86,,,4.1,,4.8,,,,,,
2024-04-05,,,0.015646,,,5.46,,7.03,,,5.17,,4.05,,,,,,
2024-04-06,,,0.0,,,,,6.45,,,6.94,,7.17,,,,,,
2024-04-07,,,0.0,,,5.74,,,,,5.74,,6.33,,,,,,
2024-04-08,,,0.0,,,,,7.07,,5.26,4.61,,7.0,,,,,,
2024-04-09,,,0.0,,,,,5.39,,4.84,,,4.57,,,,,,
2024-04-10,,,0.0,,,6.14,,,,8.64,,,,,,,,,
2024-04-11,,,0.0,,,,,5.13,,6.87,,,9.06,,,,,,
2024-04-12,,,0.0,,,,,7.24,,,5.33,,4.65,,,,,,
2024-04-13,,,0.0,,,,,,,,8.6,,,,,,,,
2024-04-14,,,0.0,,,,,,,,6.19,,,,,,,,
2024-04-15,,,0.0,,,,,,,4.63,3.87,,4.69,,,,,,
2024-04-16,,,0.0,,,,,5.09,,6.4,,,4.38,,,,,,
2024-04-17,,,0.0,,,,,7.35,,5.79,4.58,,,,,,,,
2024-04-18,,,0.0,,,,,5.52,,,7.06,,7.27,,,,,,
2024-04-19,,,0.0,,,5.27,,5.87,,4.36,6.47,,4.09,,,,,,
2024-04-20,,,0.0,,,,,8.36,,,,,5.63,,,,,,
2024-04-21,,,0.0,,,5.04,,6.81,,5.48,,,7.24,,,,,,
2024-04-22,,,0.0,,,,,,,5.5,,,,,,,,,
2024-04-23,,,0.0,,,4.73,,,,5.18,4.58,,7.13,,,,,,
2024-04-24,,,0.0,,,,,5.07,,4.52,6.58,,,,,,,,
2024-04-25,,,0.0,,,,,,,4.71,,,4.3,,,,,,
2024-04-26,,,0.0,,,,,7.36,,,5.65,,,,,,,,
2024-04-27,,,0.0,,,,,4.36,,5.78,,,5.02,,,,,,
2024-04-28,,,0.0,,,,,6.76,,4.62,,,5.23,,,,,,
2024-04-29,,,0.0,,,,,,,6.12,4.19,,,,,,,,
2024-04-30,,,0.040765,,,4.08,,4.34,,,6.3,,4.83,,,,,,
2024-05-01,,,0.180718,,,,,5.06,,,4.33,,,,,,,,
2024-05-02,,,0.266698,,,,,7.2,,3.9,10.3,,6.53,,,,,,
2024-05-03,,,0.309075,,,,,,,5.37,3.92,,,,,,,,
2024-05-04,,,0.318185,,,,,,,,,,8.02,,,,,,
2024-05-05,,,0.303404,,,,,,,,,,5.18,,,,,,
2024-05-06,,,0.273963,,,4.53,,4.99,,,,,,,,,,,
2024-05-07,,,0.236646,,,,,4.73,,,4.81,,4.85,,,,,,
2024-05-08,,,0.196833,,,,,,,,6.03,,4.57,,,,,,
2024-05-09,,,0.158382,,,,,4.39,,,3.78,,,,,,,,
2024-05-10,,,0.123667,,,,,,,,5.07,,,,,,,,
2024-05-11,,,0.093867,,,,,5.28,,4.48,,,,,,,,,
2024-05-12,,,0.069383,,,,,,,,,,6.1,,,,,,
2024-05-13,,,0.05,,,,,7.11,,4.29,6.0,,,,,,,,
2024-05-14,,,0.035177,,,4.28,,,,,,,,,,,,,
2024-05-15,,,0.024159,,,,,,,3.76,5.59,,,,,,,,
2024-05-16,,,0.016215,,,,,,,,,,,,,,,,
2024-05-17,,,0.010634,,,,,,,,,,4.53,,,,,,
2024-05-18,,,0.006825,,,,,,,,,,6.36,,,,,,
2024-05-19,,,0.004266,,,,,,,,,,,,,,,,
2024-05-20,,,0.002609,,,,,,,,4.42,,,,,,,,
2024-05-21,,,0.001569,,,,,,,,5.31,,,,,,,,
2024-05-22,,,0.000921,,,,,,,,6.11,,,,,,,,
2024-05-23,,,0.000531,,,,,,,,,,,,,,,,
2024-05-24,,,0.000299,,,,,,,,,,,,,,,,
2024-05-25,,,0.000165,,,3.91,,3.99,,,,,4.92,,,,,,
2024-05-26,,,8.9e-05,,,,,4.99,,,4.04,,,,,,,,
2024-05-27,,,4.7e-05,,,3.51,,,,,,,4.51,,,,,,
2024-05-28,,,2.5e-05,,,,,,,,,,6.96,,,,,,
2024-05-29,,,1.3e-05,,,,,,,,,,,,,,,,
2024-05-30,,,6e-06,,,,,4.38,,3.85,,,4.99,,,,,,
2024-05-31,,,3e-06,,,,,,,,,,3.88,,,,,,
2024-06-01,,,1e-06,,,,,,,,,,,,,,,,
