ID,Age,Household Size,Occupations
1,25,2,
2,39,6,HEALTHCARE
3,32,4,
4,55,3,
5,3,2,
6,75,2,
7,60,2,
8,74,1,
9,38,5,
10,43,3,
11,46,4,FOOD
12,61,2,
13,35,2,
14,58,5,
15,55,6,
16,25,6,HEALTHCARE
17,67,3,
18,58,2,
19,8,6,
20,3,2,
21,5,3,
22,91,2,
23,34,3,
24,38,3,
25,67,2,
26,71,3,
27,27,4,FOOD
28,60,2,
29,80,2,
30,45,3,
31,23,2,HEALTHCARE
32,60,4,
33,45,2,
34,31,2,
35,69,2,
36,83,2,
37,26,3,
38,19,6,
39,77,2,
40,32,2,
41,62,2,
42,65,4,
43,59,1,
44,1,2,
45,65,2,
46,33,1,HEALTHCARE
47,37,4,
48,29,5,
49,30,4,
50,55,2,
51,69,2,
52,78,5,
53,74,5,
54,38,2,
55,84,3,
56,65,2,
57,57,2,
58,36,2,
59,22,5,
60,24,5,
61,31,2,
62,62,2,
63,41,5,
64,41,2,
65,38,1,
66,63,2,
67,45,4,
68,58,2,
69,40,3,
70,63,4,
71,36,2,
72,23,6,HEALTHCARE
73,11,3,
74,12,2,
75,91,1,
76,13,4,
77,39,4,
78,90,6,
79,55,3,
80,39,6,
81,71,3,
82,6,5,
83,5,6,
84,10,3,
85,2,2,
86,90,3,
87,52,6,
88,5,4,
89,79,4,
90,77,3,
91,37,2,FOOD
92,31,2,
93,57,3,
94,61,4,
95,12,2,
96,54,4,
97,69,6,
98,26,3,HEALTHCARE
99,45,4,
100,38,4,
101,24,4,
102,48,2,
103,45,1,HEALTHCARE
104,11,2,
105,45,2,
106,69,2,
107,1,2,
108,72,5,
109,9,4,
110,37,5,FOOD
111,68,1,
112,60,3,
113,55,2,
114,71,5,
115,32,2,
116,62,2,
117,19,2,
118,71,2,
119,2,2,
120,38,3,
121,0,3,
122,67,6,
123,27,4,
124,92,1,
125,26,5,
126,38,2,FOOD
127,51,4,
128,60,2,
129,3,3,
130,25,4,
131,72,3,
132,74,4,
133,51,5,
134,76,3,
135,71,2,
136,7,3,
137,28,1,
138,46,1,HEALTHCARE
139,37,4,OTHER
140,72,5,
141,2,2,
142,15,2,
143,38,2,
144,34,6,
145,48,2,
146,27,2,
147,66,1,
148,59,3,
149,22,2,FOOD
150,24,6,
151,28,2,
152,66,2,
153,47,2,
154,59,2,
155,14,2,
156,12,1,
157,62,4,
158,70,1,
159,10,2,
160,65,1,
161,20,1,
162,60,2,
163,77,2,
164,73,2,
165,54,3,
166,39,3,
167,49,5,
168,45,3,
169,78,4,
170,56,6,
171,16,2,
172,33,2,
173,55,6,
174,68,1,
175,52,6,
176,34,4,
177,16,1,
178,15,2,
179,30,6,
180,71,6,
181,86,2,
182,77,4,
183,16,2,
184,61,3,
185,68,4,
186,60,5,
187,38,2,
188,78,2,
189,24,2,
190,22,4,
191,72,5,
192,54,1,HEALTHCARE
193,62,2,
194,69,5,
195,12,3,
196,73,6,
197,79,2,
198,41,5,
199,3,2,
200,30,2,SCIENTIFICTECHNICAL
201,19,2,
202,28,2,FOOD
203,33,5,
204,45,2,
205,29,3,HEALTHCARE
206,17,4,
207,75,1,
208,46,3,
209,45,2,
210,54,2,HEALTHCARE
211,34,4,FOOD
212,51,4,
213,60,5,
214,51,3,FOOD
215,100,3,
216,67,6,
217,16,4,
218,45,2,
219,30,2,
220,89,2,
221,8,2,
222,26,4,
223,57,2,FOOD
224,10,3,
225,64,4,HEALTHCARE
226,2,2,
227,33,4,
228,46,2,FOOD
229,77,1,
230,15,5,
231,65,4,
232,56,2,
233,27,2,
234,60,3,
235,78,3,
236,69,3,
237,6,5,
238,12,5,
239,68,2,
240,39,2,
241,36,3,
242,70,6,
243,52,6,
244,23,2,
245,82,2,
246,34,4,
247,70,3,
248,15,2,
249,22,2,FOOD
250,81,2,
251,69,2,
252,79,2,
253,36,4,
254,63,3,
255,41,2,
256,8,2,
257,30,4,
258,45,2,
259,59,3,
260,36,2,OTHER
261,38,1,
262,29,2,
263,11,5,
264,22,2,
265,21,2,
266,47,2,
267,4,4,
268,8,6,
269,42,2,
270,12,3,
271,20,2,
272,48,4,
273,70,2,
274,22,2,
275,35,2,
276,22,1,
277,41,4,
278,55,2,
279,60,4,
280,52,4,
281,45,4,
282,56,1,
283,48,4,
284,55,6,
285,43,4,
286,8,2,
287,79,1,
288,63,2,
289,1,4,
290,7,2,
291,0,3,
292,63,3,
293,16,6,
294,44,2,FOOD
295,95,2,
296,43,2,
297,51,3,
298,42,2,
299,36,6,
300,53,4,
301,62,2,
302,75,3,
303,32,3,
304,56,2,FINANCEINSURANCE
305,54,1,
306,75,3,
307,76,2,
308,72,1,
309,83,6,
310,65,1,
311,41,3,
312,24,2,
313,51,2,
314,51,2,
315,17,2,
316,20,2,
317,5,2,
318,1,4,
319,47,6,
320,1,2,
321,44,6,
322,55,2,
323,34,3,
324,74,2,
325,48,2,
326,48,2,OTHER
327,73,3,
328,27,2,
329,58,6,
330,23,5,FOOD
331,19,2,
332,36,1,
333,65,3,
334,88,5,
335,17,1,
336,40,2,
337,11,2,
338,59,4,
339,24,2,
340,76,2,
341,6,2,
342,5,3,
343,31,3,
344,80,2,
345,79,2,
346,72,3,
347,98,4,
348,31,4,
349,60,5,
350,30,2,
351,10,2,
352,70,6,
353,45,2,FOOD
354,51,2,
355,60,4,
356,67,2,
357,56,4,
358,1,4,
359,31,5,HEALTHCARE
360,15,4,
361,59,2,
362,97,2,
363,69,2,
364,73,3,
365,30,2,
366,70,2,
367,79,5,
368,77,5,
369,72,3,
370,29,4,
371,4,2,
372,64,2,
373,30,5,
374,85,2,
375,67,1,
376,54,4,
377,50,4,HEALTHCARE
378,100,2,
379,12,2,
380,20,2,
381,38,1,
382,43,2,
383,97,5,
384,64,2,
385,22,5,
386,59,5,HEALTHCARE
387,43,4,
388,50,1,
389,22,3,
390,27,2,
391,24,2,
392,30,2,
393,31,6,
394,54,2,HEALTHCARE
395,49,4,
396,14,2,
397,22,3,HEALTHCARE
398,3,5,
399,15,1,
400,42,6,
401,50,2,
402,22,1,
403,27,1,
404,42,2,
405,33,2,
406,47,1,
407,91,3,
408,26,2,
409,23,2,
410,43,2,HEALTHCARE
411,40,1,
412,52,2,
413,2,2,
414,29,2,
415,12,5,
416,35,1,
417,9,2,
418,67,3,
419,76,2,
420,72,4,
421,25,1,
422,100,4,
423,28,5,
424,65,4,
425,32,3,FOOD
426,74,6,
427,27,2,
428,19,2,
429,61,2,
430,39,5,
431,72,2,
432,28,2,
433,21,1,
434,50,1,
435,77,3,
436,68,1,
437,20,3,
438,64,1,
439,40,4,HEALTHCARE
440,54,2,
441,68,4,
442,71,5,
443,1,3,
444,59,2,FOOD
445,28,6,
446,71,5,
447,38,6,
448,54,2,
449,66,5,
450,68,4,
451,97,2,
452,26,2,
453,55,2,
454,74,2,
455,72,1,
456,5,2,
457,85,2,
458,9,4,
459,3,1,
460,64,4,
461,25,5,
462,12,2,
463,30,2,
464,23,2,
465,67,3,
466,30,2,
467,83,2,
468,5,4,
469,7,4,
470,61,4,
471,23,3,
472,94,6,
473,15,1,
474,16,4,
475,81,3,
476,23,1,
477,64,4,
478,66,2,
479,40,2,FOOD
480,28,5,
481,30,2,
482,29,3,
483,58,3,
484,22,2,
485,51,3,
486,30,2,
487,40,2,
488,47,2,
489,72,5,
490,10,2,
491,39,2,
492,38,4,
493,51,2,
494,84,2,
495,4,1,
496,67,1,
497,76,2,
498,27,3,
499,59,4,
500,12,2,
501,17,2,
502,74,1,
503,40,6,HEALTHCARE
504,75,4,
505,46,4,
506,73,5,
507,5,2,
508,28,6,
509,81,1,
510,68,1,
511,21,3,
512,15,3,
513,35,4,
514,71,5,
515,52,2,
516,10,1,
517,71,1,
518,60,3,
519,58,4,
520,60,2,
521,11,2,
522,70,3,
523,37,1,
524,65,4,HEALTHCARE
525,49,4,HEALTHCARE
526,64,2,
527,41,3,
528,47,2,HEALTHCARE
529,62,4,
530,58,2,
531,38,3,
532,76,3,
533,14,1,
534,34,2,
535,46,2,FINANCEINSURANCE
536,19,4,HEALTHCARE
537,35,1,
538,53,4,
539,33,4,
540,48,1,HEALTHCARE
541,44,2,
542,1,5,
543,11,2,
544,10,3,
545,71,3,
546,64,3,
547,60,4,
548,78,1,
549,52,3,
550,71,1,
551,72,1,
552,57,1,HEALTHCARE
553,71,1,
554,30,2,
555,27,3,
556,4,5,
557,60,6,
558,74,2,
559,55,5,
560,60,2,
561,12,5,
562,19,2,
563,19,2,
564,37,2,
565,62,1,
566,10,6,
567,60,2,FOOD
568,37,6,
569,51,6,
570,75,2,
571,30,2,
572,51,3,
573,59,4,
574,79,4,
575,25,5,
576,75,5,
577,8,2,
578,25,2,
579,50,2,
580,52,1,
581,31,6,
582,50,3,
583,83,3,
584,33,2,
585,70,6,
586,30,5,FOOD
587,19,4,
588,15,5,
589,65,5,
590,88,1,
591,13,4,
592,43,2,
593,78,1,
594,25,2,WASTEMANAGEMENT
595,22,6,OTHER
596,53,6,
597,14,2,
598,59,4,HEALTHCARE
599,15,1,
600,43,3,
601,33,5,
602,78,1,
603,32,4,
604,50,4,
605,73,4,
606,56,5,
607,9,2,
608,77,4,
609,6,2,
610,51,3,
611,75,3,
612,23,2,
613,2,4,
614,79,4,
615,26,2,
616,3,3,
617,74,2,
618,44,2,
619,18,5,
620,69,6,
621,40,4,
622,0,4,
623,50,2,
624,46,4,HEALTHCARE
625,47,1,
626,49,4,
627,25,2,
628,63,4,HEALTHCARE
629,67,2,
630,8,5,
631,38,2,
632,10,3,
633,3,3,
634,72,2,
635,42,6,
636,75,4,
637,27,2,WASTEMANAGEMENT
638,78,3,
639,8,3,
640,40,4,
641,33,2,
642,50,4,
643,50,3,
644,68,2,
645,66,2,
646,19,6,
647,77,4,
648,71,3,
649,22,1,
650,37,4,
651,51,3,HEALTHCARE
652,34,3,
653,62,2,HEALTHCARE
654,52,5,
655,42,5,
656,79,4,
657,47,4,
658,0,3,
659,58,2,
660,51,2,
661,2,1,
662,54,2,
663,23,5,
664,3,1,
665,97,4,
666,16,1,
667,74,3,
668,65,2,
669,33,4,
670,63,5,
671,42,2,
672,58,2,
673,92,2,
674,17,3,
675,10,2,
676,49,5,
677,62,2,
678,51,4,OTHER
679,40,4,
680,79,5,
681,68,1,
682,63,1,
683,10,4,
684,57,2,
685,75,4,
686,32,2,
687,51,5,
688,26,2,
689,82,4,
690,73,2,
691,73,2,
692,77,2,
693,33,2,
694,13,2,
695,4,2,
696,67,6,
697,51,1,
698,12,6,
699,2,4,
700,33,2,
701,31,4,
702,33,2,
703,58,5,
704,54,3,
705,16,5,
706,0,3,
707,33,1,
708,41,1,HEALTHCARE
709,78,6,
710,6,2,
711,41,2,HEALTHCARE
712,25,3,
713,51,2,
714,56,2,
715,37,4,SCIENTIFICTECHNICAL
716,34,3,HEALTHCARE
717,72,1,
718,14,5,
719,36,2,
720,14,3,
721,65,6,
722,12,2,
723,17,4,
724,23,2,
725,58,4,
726,25,2,
727,68,2,
728,29,2,
729,79,4,
730,10,1,
731,64,3,
732,72,3,
733,52,5,
734,6,5,
735,95,4,
736,0,2,
737,85,2,
738,73,4,
739,25,4,
740,13,3,
741,23,3,
742,59,2,
743,33,5,
744,41,5,
745,25,5,
746,56,4,
747,26,2,
748,40,4,
749,50,2,FOOD
750,55,4,
751,6,1,
752,4,1,
753,99,5,
754,20,4,
755,45,4,
756,79,1,
757,89,3,
758,71,3,
759,69,2,
760,34,5,HEALTHCARE
761,37,2,
762,45,2,
763,49,1,
764,42,2,
765,68,3,
766,87,1,
767,68,4,
768,68,1,
769,47,2,
770,7,3,
771,38,2,
772,30,3,
773,27,4,
774,6,3,
775,18,3,
776,75,2,
777,62,3,
778,46,4,OTHER
779,36,3,
780,60,2,
781,23,5,
782,70,4,
783,72,2,
784,60,3,
785,79,3,
786,76,5,
787,91,2,
788,56,2,
789,45,3,
790,58,2,
791,14,3,
792,76,1,
793,11,1,
794,72,3,
795,64,2,
796,90,2,
797,23,5,
798,7,5,
799,57,4,
800,52,4,
801,64,5,
802,45,3,HEALTHCARE
803,39,4,
804,46,3,HEALTHCARE
805,47,5,
806,20,1,
807,24,4,
808,22,4,
809,6,4,
810,24,4,
811,20,1,
812,22,6,
813,6,2,
814,7,2,
815,55,3,
816,70,3,
817,54,2,
818,62,4,
819,3,3,
820,20,2,
821,26,2,
822,28,2,
823,38,2,
824,24,5,
825,24,2,
826,6,2,
827,58,5,
828,50,1,SCIENTIFICTECHNICAL
829,70,2,
830,75,3,
831,4,5,
832,34,3,
833,72,2,
834,55,2,
835,58,2,
836,21,1,
837,50,2,
838,4,2,
839,62,5,
840,95,2,
841,61,5,
842,57,5,FOOD
843,37,2,
844,32,2,FOOD
845,31,3,
846,42,4,
847,61,1,
848,87,5,
849,64,1,
850,59,3,
851,62,2,
852,67,2,
853,34,5,
854,65,2,
855,27,2,
856,12,2,
857,5,4,
858,26,4,
859,15,2,
860,30,2,
861,23,1,
862,40,4,
863,76,2,
864,13,3,
865,46,2,
866,79,2,
867,51,1,
868,4,4,
869,27,5,
870,58,4,HEALTHCARE
871,52,1,
872,42,3,
873,9,2,
874,28,2,
875,39,2,HEALTHCARE
876,1,4,
877,24,2,
878,67,3,
879,32,2,
880,19,5,
881,62,6,
882,30,5,
883,48,4,
884,11,3,
885,26,2,
886,77,2,
887,14,2,
888,61,2,
889,24,4,
890,32,2,
891,62,2,
892,77,5,
893,74,6,
894,7,2,
895,64,5,
896,42,2,
897,2,4,
898,44,5,
899,54,5,
900,56,6,
901,5,1,
902,72,3,
903,24,3,
904,46,2,
905,48,2,
906,3,3,
907,60,2,
908,22,1,
909,75,2,
910,46,1,
911,31,3,
912,47,2,
913,55,3,
914,39,2,
915,50,5,
916,52,3,
917,10,2,
918,41,2,
919,61,2,
920,60,2,FOOD
921,77,5,
922,36,1,
923,61,3,
924,63,3,
925,43,4,
926,45,2,
927,60,2,
928,36,2,
929,74,1,
930,57,4,FOOD
931,51,3,
932,60,3,
933,62,2,
934,69,3,
935,24,6,HEALTHCARE
936,58,6,
937,65,5,HEALTHCARE
938,26,1,
939,43,6,
940,68,2,
941,52,2,
942,34,4,
943,54,4,
944,10,3,
945,4,3,
946,67,2,
947,46,6,
948,60,2,
949,46,4,
950,21,2,SCIENTIFICTECHNICAL
951,38,3,
952,61,6,
953,53,2,HEALTHCARE
954,57,1,
955,28,6,
956,50,2,
957,71,2,
958,14,5,
959,65,1,
960,33,2,
961,3,5,
962,36,4,
963,20,2,
964,20,2,
965,64,5,HEALTHCARE
966,31,2,
967,6,2,
968,49,4,
969,64,6,
970,35,2,
971,72,2,
972,18,1,
973,4,2,
974,67,3,
975,60,6,
976,16,2,
977,19,2,OTHER
978,30,5,FOOD
979,61,4,FOOD
980,45,1,
981,28,5,
982,100,2,
983,80,2,
984,46,2,
985,15,4,
986,61,1,
987,75,4,
988,18,2,
989,11,2,
990,63,3,
991,66,5,
992,23,2,
993,66,2,
994,38,2,
995,79,4,
996,47,3,
997,61,1,
998,12,3,
999,77,4,
1000,5,2,
1001,65,5,
1002,65,5,
1003,78,3,
1004,63,2,
1005,1,2,
1006,26,2,
1007,13,3,
1008,27,4,REALESTATERENTAL
1009,41,4,
1010,35,2,
1011,28,2,OTHER
1012,39,4,
1013,38,5,
1014,23,3,
1015,57,3,
1016,66,3,
1017,49,4,
1018,49,2,
1019,48,6,
1020,77,1,
1021,38,2,HEALTHCARE
1022,62,2,
1023,29,2,
1024,17,6,
1025,39,2,
1026,42,3,HEALTHCARE
1027,9,3,
1028,60,1,
1029,73,3,
1030,22,4,HEALTHCARE
1031,19,3,
1032,64,1,
1033,13,1,
1034,68,3,
1035,23,2,FOOD
1036,43,4,
1037,78,3,
1038,58,1,
1039,58,4,
1040,19,4,
1041,38,4,
1042,63,4,
1043,2,5,
1044,78,4,
1045,79,1,
1046,7,2,
1047,59,2,
1048,40,3,
1049,72,2,
1050,54,1,HEALTHCARE
1051,46,2,
1052,21,4,
1053,25,5,
1054,18,2,
1055,51,4,
1056,40,3,
1057,58,4,
1058,56,5,
1059,59,5,
1060,36,2,
1061,12,2,
1062,19,1,FINANCEINSURANCE
1063,1,2,
1064,91,2,
1065,86,4,
1066,64,1,
1067,23,3,
1068,74,6,
1069,65,1,
1070,31,4,
1071,79,5,
1072,73,2,
1073,39,2,
1074,53,2,
1075,77,2,
1076,24,4,
1077,66,2,
1078,12,3,
1079,28,2,
1080,2,1,
1081,0,4,
1082,57,3,
1083,56,3,
1084,48,2,
1085,40,4,
1086,11,2,
1087,16,1,
1088,50,4,
1089,20,1,
1090,32,5,
1091,100,1,
1092,25,5,
1093,0,4,
1094,65,4,HEALTHCARE
1095,16,6,
1096,51,2,
1097,40,5,
1098,31,1,
1099,30,4,
1100,40,6,HEALTHCARE
1101,56,5,
1102,59,2,
1103,12,4,
1104,45,2,
1105,76,6,
1106,39,6,
1107,54,3,
1108,43,3,
1109,65,1,FINANCEINSURANCE
1110,12,4,
1111,60,2,
1112,31,3,
1113,31,4,
1114,37,6,
1115,46,2,
1116,76,2,
1117,23,3,
1118,68,6,
1119,75,1,
1120,45,2,
1121,69,3,
1122,36,2,
1123,1,3,
1124,72,3,
1125,29,2,
1126,61,2,REALESTATERENTAL
1127,39,3,
1128,35,1,
1129,61,3,
1130,45,5,
1131,74,4,
1132,51,3,
1133,16,4,
1134,93,4,
1135,75,6,
1136,17,5,
1137,50,2,
1138,64,3,
1139,61,6,
1140,32,2,FOOD
1141,76,5,
1142,26,4,
1143,51,2,
1144,29,4,
1145,6,2,
1146,75,4,
1147,77,3,
1148,54,2,FOOD
1149,9,2,
1150,60,5,
1151,43,2,
1152,1,5,
1153,78,1,
1154,21,5,HEALTHCARE
1155,45,1,
1156,23,4,
1157,28,2,
1158,65,2,
1159,2,4,
1160,100,3,
1161,63,2,
1162,12,2,
1163,24,1,
1164,20,5,
1165,25,1,
1166,40,2,
1167,2,4,
1168,57,3,
1169,70,4,
1170,14,2,
1171,44,2,
1172,34,6,FINANCEINSURANCE
1173,62,1,
1174,37,2,FOOD
1175,44,3,
1176,13,3,
1177,10,1,
1178,64,4,
1179,68,1,
1180,55,2,
1181,1,5,
1182,64,2,HEALTHCARE
1183,80,2,
1184,67,6,
1185,68,4,
1186,7,2,
1187,33,2,
1188,64,3,
1189,53,4,
1190,61,5,HEALTHCARE
1191,25,2,
1192,27,4,
1193,78,1,
1194,34,2,
1195,73,2,
1196,1,3,
1197,61,6,
1198,75,2,
1199,45,3,
1200,55,1,
1201,44,3,
1202,33,6,
1203,4,4,
1204,12,6,
1205,51,2,
1206,25,2,
1207,77,5,
1208,1,2,
1209,35,5,
1210,43,2,
1211,43,1,
1212,49,5,
1213,54,1,
1214,12,3,
1215,62,5,
1216,32,1,
1217,50,4,
1218,30,5,
1219,50,3,
1220,38,2,FINANCEINSURANCE
1221,51,2,
1222,32,1,
1223,53,2,
1224,39,2,HEALTHCARE
1225,1,2,
1226,64,5,
1227,21,1,
1228,25,4,
1229,70,4,
1230,45,1,
1231,22,4,
1232,26,3,
1233,59,5,
1234,79,6,
1235,94,2,
1236,70,4,
1237,89,2,
1238,22,4,
1239,7,4,
1240,6,4,
1241,44,2,
1242,44,5,
1243,77,6,
1244,10,1,
1245,68,2,
1246,9,2,
1247,3,5,
1248,54,5,FOOD
1249,73,2,
1250,78,1,
1251,16,2,
1252,52,4,
1253,24,5,
1254,78,6,
1255,100,1,
1256,67,3,
1257,59,3,FOOD
1258,61,2,FINANCEINSURANCE
1259,18,1,
1260,48,2,
1261,20,1,FOOD
1262,47,2,
1263,37,1,
1264,56,2,FOOD
1265,77,6,
1266,76,4,
1267,67,3,
1268,29,2,
1269,5,2,
1270,61,1,
1271,84,2,
1272,60,6,
1273,24,2,
1274,41,3,FOOD
1275,48,4,
1276,52,2,
1277,6,3,
1278,68,4,
1279,42,4,
1280,13,2,
1281,71,5,
1282,24,2,
1283,79,2,
1284,63,2,
1285,50,3,OTHER
1286,30,2,
1287,42,2,
1288,34,4,
1289,71,4,
1290,79,2,
1291,50,2,
1292,52,3,
1293,75,2,
1294,45,2,
1295,78,2,
1296,51,1,
1297,18,4,
1298,36,3,
1299,18,6,
1300,35,3,
1301,43,1,
1302,17,4,
1303,68,4,
1304,63,1,
1305,63,5,FOOD
1306,45,2,
1307,66,3,
1308,63,2,
1309,17,2,
1310,64,3,
1311,52,5,
1312,33,3,
1313,56,3,
1314,5,2,
1315,79,2,
1316,79,6,
1317,38,2,
1318,55,5,
1319,2,4,
1320,29,2,
1321,60,2,HEALTHCARE
1322,67,4,
1323,12,3,
1324,77,5,
1325,72,2,
1326,87,5,
1327,28,4,
1328,93,4,
1329,45,3,
1330,61,2,
1331,25,1,FOOD
1332,63,1,
1333,30,2,
1334,64,5,
1335,6,1,
1336,25,6,
1337,33,2,
1338,9,3,
1339,56,4,
1340,54,6,
1341,36,1,
1342,56,5,
1343,48,1,HEALTHCARE
1344,15,4,
1345,73,2,
1346,40,6,
1347,21,2,
1348,2,5,
1349,25,4,
1350,62,6,
1351,12,2,
1352,3,2,
1353,2,3,
1354,36,2,
1355,42,5,
1356,7,2,
1357,58,4,
1358,34,2,
1359,25,2,
1360,68,2,
1361,4,2,
1362,51,4,
1363,47,2,HEALTHCARE
1364,28,1,
1365,30,2,
1366,9,4,
1367,38,2,
1368,51,2,
1369,34,1,
1370,33,2,
1371,41,1,
1372,10,6,
1373,52,5,
1374,9,3,
1375,0,1,
1376,47,2,
1377,34,3,
1378,32,3,
1379,22,2,
1380,38,4,
1381,43,4,HEALTHCARE
1382,40,1,FOOD
1383,25,2,FINANCEINSURANCE
1384,35,5,
1385,63,2,
1386,81,5,
1387,73,6,
1388,48,4,FINANCEINSURANCE
1389,33,4,
1390,41,2,
1391,46,2,
1392,63,4,HEALTHCARE
1393,93,2,
1394,55,2,FOOD
1395,43,2,
1396,75,2,
1397,85,1,
1398,24,2,
1399,97,5,
1400,74,2,
1401,64,5,FOOD
1402,1,2,
1403,42,2,
1404,44,4,
1405,26,1,
1406,45,1,
1407,53,4,
1408,9,3,
1409,41,4,
1410,57,6,
1411,66,2,
1412,70,2,
1413,1,2,
1414,31,2,
1415,63,2,FOOD
1416,53,2,FOOD
1417,48,4,
1418,23,1,
1419,33,2,
1420,24,2,
1421,26,1,
1422,23,1,FOOD
1423,10,2,
1424,21,2,
1425,6,4,
1426,52,1,FOOD
1427,68,4,
1428,59,3,
1429,5,4,
1430,44,6,
1431,42,4,
1432,0,3,
1433,51,2,
1434,77,6,
1435,56,4,HEALTHCARE
1436,70,4,
1437,42,3,
1438,18,1,
1439,75,4,
1440,8,4,
1441,51,6,
1442,50,4,
1443,23,2,
1444,34,3,
1445,8,2,
1446,13,4,
1447,13,3,
1448,41,5,HEALTHCARE
1449,87,1,
1450,35,3,
1451,22,2,
1452,48,3,
1453,67,2,
1454,79,2,
1455,78,5,
1456,37,2,
1457,77,2,
1458,73,2,
1459,29,4,
1460,13,1,
1461,50,2,
1462,22,1,
1463,56,3,
1464,83,3,
1465,34,3,
1466,45,2,
1467,25,6,
1468,21,1,
1469,8,4,
1470,30,3,
1471,59,6,
1472,60,2,
1473,51,4,FOOD
1474,1,1,
1475,48,3,
1476,73,2,
1477,76,4,
1478,12,2,
1479,9,2,
1480,31,2,HEALTHCARE
1481,36,4,
1482,8,2,
1483,2,5,
1484,58,2,
1485,23,2,
1486,37,2,
1487,4,2,
1488,71,3,
1489,49,1,
1490,39,2,
1491,24,5,
1492,24,6,
1493,25,2,
1494,0,2,
1495,8,3,
1496,64,2,
1497,32,3,
1498,6,3,
1499,76,3,
1500,1,4,
1501,91,5,
1502,29,3,
1503,45,1,
1504,63,4,
1505,21,1,
1506,31,2,HEALTHCARE
1507,13,6,
1508,2,5,
1509,55,3,
1510,59,4,
1511,56,2,
1512,48,3,FOOD
1513,12,1,
1514,36,2,
1515,75,2,
1516,11,2,
1517,14,4,
1518,18,2,HEALTHCARE
1519,52,4,HEALTHCARE
1520,43,5,OTHER
1521,59,5,
1522,59,5,
1523,50,3,HEALTHCARE
1524,53,6,
1525,7,3,
1526,78,1,
1527,48,3,
1528,67,4,
1529,32,4,
1530,69,1,
1531,28,5,
1532,89,3,
1533,73,2,
1534,78,3,
1535,59,6,
1536,49,6,
1537,45,2,
1538,41,3,HEALTHCARE
1539,50,4,
1540,7,4,
1541,71,2,
1542,65,4,
1543,39,3,
1544,5,2,
1545,67,2,
1546,41,6,
1547,12,2,
1548,67,3,
1549,57,6,
1550,51,4,
1551,66,1,
1552,29,2,
1553,65,2,
1554,60,3,
1555,92,2,
1556,58,1,
1557,69,5,
1558,27,6,
1559,100,3,
1560,50,1,
1561,64,2,
1562,66,3,
1563,21,2,
1564,52,4,
1565,51,2,HEALTHCARE
1566,57,2,
1567,85,1,
1568,36,3,
1569,96,3,
1570,83,5,
1571,28,1,
1572,74,2,
1573,14,2,
1574,24,5,
1575,97,4,
1576,27,6,
1577,47,2,
1578,57,2,
1579,100,2,
1580,59,2,
1581,47,5,
1582,75,2,
1583,77,4,
1584,88,3,
1585,66,5,
1586,51,2,
1587,46,5,
1588,70,2,
1589,76,5,
1590,48,1,
1591,55,6,
1592,41,2,
1593,7,2,
1594,75,2,
1595,67,2,
1596,65,1,HEALTHCARE
1597,65,2,
1598,58,5,
1599,23,2,
1600,12,6,
1601,75,6,
1602,52,3,
1603,3,3,
1604,86,6,
1605,77,3,
1606,57,2,
1607,22,3,
1608,26,4,
1609,35,6,HEALTHCARE
1610,19,2,
1611,45,3,FOOD
1612,25,3,
1613,78,2,
1614,37,2,
1615,54,2,
1616,17,5,
1617,61,6,
1618,79,5,
1619,43,5,FOOD
1620,48,4,
1621,72,2,
1622,28,1,
1623,5,2,
1624,3,5,
1625,79,2,
1626,9,4,
1627,53,2,
1628,56,3,
1629,42,2,
1630,50,4,HEALTHCARE
1631,65,2,
1632,56,5,
1633,53,1,
1634,61,3,
1635,50,2,
1636,67,1,
1637,54,6,
1638,58,4,HEALTHCARE
1639,72,4,
1640,24,4,
1641,33,2,
1642,37,2,
1643,58,6,
1644,51,2,
1645,53,2,
1646,49,4,
1647,65,2,
1648,51,4,
1649,6,2,
1650,43,2,FOOD
1651,24,3,
1652,95,6,
1653,22,5,OTHER
1654,37,2,
1655,63,4,HEALTHCARE
1656,55,4,
1657,66,5,
1658,57,2,FOOD
1659,63,6,
1660,20,4,
1661,28,3,
1662,65,2,
1663,0,1,
1664,57,5,
1665,37,2,
1666,63,6,
1667,27,6,
1668,8,2,
1669,31,2,
1670,54,2,
1671,71,2,
1672,26,3,
1673,58,2,
1674,51,4,
1675,65,2,
1676,51,6,
1677,34,2,
1678,96,1,
1679,47,2,
1680,30,1,
1681,22,2,
1682,11,3,
1683,55,4,
1684,57,2,
1685,63,4,
1686,50,3,
1687,31,2,
1688,60,5,
1689,65,5,
1690,81,5,
1691,21,3,
1692,46,2,
1693,71,2,
1694,57,4,
1695,83,6,
1696,16,2,
1697,63,2,
1698,48,2,
1699,45,2,
1700,65,1,
1701,6,2,
1702,35,2,HEALTHCARE
1703,20,2,
1704,12,2,
1705,15,4,
1706,48,6,
1707,51,1,
1708,71,3,
1709,21,3,
1710,65,1,
1711,58,2,
1712,20,1,
1713,69,1,
1714,37,2,
1715,10,4,
1716,72,1,
1717,58,4,FINANCEINSURANCE
1718,25,2,
1719,66,2,
1720,33,1,
1721,29,6,
1722,65,2,
1723,27,6,
1724,43,5,
1725,99,4,
1726,45,1,
1727,56,2,
1728,69,2,
1729,19,2,
1730,46,2,
1731,22,5,FINANCEINSURANCE
1732,93,4,
1733,61,2,
1734,11,2,
1735,27,2,
1736,61,5,
1737,13,2,
1738,54,1,
1739,65,2,
1740,22,2,
1741,39,2,
1742,50,5,HEALTHCARE
1743,70,5,
1744,24,2,
1745,2,1,
1746,74,5,
1747,69,2,
1748,38,2,
1749,27,2,
1750,14,2,
1751,29,2,
1752,50,2,
1753,22,2,
1754,38,5,
1755,70,5,
1756,60,6,
1757,38,3,
1758,44,4,FOOD
1759,0,3,
1760,4,2,
1761,59,5,
1762,41,2,
1763,35,1,
1764,0,2,
1765,64,4,
1766,2,2,
1767,58,4,
1768,78,2,
1769,39,6,
1770,45,5,FINANCEINSURANCE
1771,59,5,
1772,22,2,
1773,74,6,
1774,7,1,
1775,12,4,
1776,66,2,
1777,15,3,
1778,21,6,
1779,67,2,
1780,61,4,
1781,78,2,
1782,58,2,
1783,65,2,
1784,64,2,
1785,7,2,
1786,9,4,
1787,26,4,
1788,64,2,
1789,32,1,
1790,14,5,
1791,40,1,OTHER
1792,70,1,
1793,3,5,
1794,24,3,
1795,38,3,
1796,39,2,
1797,13,3,
1798,63,4,
1799,79,2,
1800,30,5,
1801,53,2,
1802,36,4,
1803,53,2,HEALTHCARE
1804,37,2,
1805,2,4,
1806,55,3,
1807,98,4,
1808,15,2,
1809,28,1,
1810,79,2,
1811,14,3,
1812,39,3,
1813,56,3,
1814,25,5,
1815,66,6,
1816,17,3,
1817,69,3,
1818,53,3,
1819,50,4,
1820,32,5,
1821,29,2,
1822,37,1,
1823,41,2,
1824,41,2,
1825,64,2,
1826,18,2,
1827,7,2,
1828,18,1,
1829,77,3,
1830,52,4,
1831,12,3,
1832,29,2,
1833,56,2,
1834,70,6,
1835,17,4,
1836,73,2,
1837,31,2,
1838,62,4,FOOD
1839,60,6,
1840,42,2,
1841,51,6,
1842,2,5,
1843,58,1,
1844,64,1,SCIENTIFICTECHNICAL
1845,52,5,
1846,10,4,
1847,4,2,
1848,2,6,
1849,44,1,
1850,75,3,
1851,10,4,
1852,50,1,
1853,28,4,
1854,1,2,
1855,20,4,
1856,68,1,
1857,65,2,
1858,12,1,
1859,18,6,HEALTHCARE
1860,53,2,
1861,68,1,
1862,10,2,
1863,76,1,
1864,64,2,
1865,12,2,
1866,95,3,
1867,18,3,
1868,44,3,
1869,22,4,
1870,91,2,
1871,66,3,
1872,53,2,HEALTHCARE
1873,61,4,
1874,5,1,
1875,2,2,
1876,70,2,
1877,32,1,
1878,56,1,
1879,38,6,
1880,21,4,
1881,74,3,
1882,29,3,
1883,22,6,
1884,94,2,
1885,73,1,
1886,64,2,
1887,43,1,
1888,33,2,OTHER
1889,3,1,
1890,32,3,
1891,63,2,
1892,1,4,
1893,7,6,
1894,38,2,
1895,16,2,
1896,64,2,
1897,59,4,
1898,61,4,
1899,53,1,
1900,67,5,
1901,8,4,
1902,25,2,
1903,74,3,
1904,44,2,
1905,11,4,
1906,57,2,
1907,30,4,
1908,25,3,FINANCEINSURANCE
1909,2,5,
1910,9,5,
1911,44,4,HEALTHCARE
1912,66,4,
1913,22,2,
1914,25,2,
1915,12,3,
1916,32,1,
1917,12,2,
1918,7,2,
1919,3,5,
1920,56,2,
1921,87,4,
1922,28,4,
1923,5,5,
1924,31,1,
1925,26,2,
1926,21,1,FOOD
1927,68,2,
1928,32,6,HEALTHCARE
1929,29,1,
1930,67,2,
1931,66,2,
1932,23,3,
1933,3,5,
1934,36,4,
1935,55,2,
1936,61,2,SCIENTIFICTECHNICAL
1937,86,2,
1938,14,1,
1939,41,3,
1940,70,2,
1941,52,1,
1942,17,3,
1943,36,2,
1944,82,2,
1945,16,3,
1946,12,3,
1947,68,4,
1948,31,2,
1949,12,2,
1950,67,4,
1951,42,4,
1952,30,4,
1953,50,4,
1954,46,5,
1955,16,4,
1956,7,2,
1957,3,4,
1958,66,4,
1959,61,2,
1960,41,3,
1961,9,2,
1962,55,2,
1963,28,2,
1964,2,5,
1965,54,1,
1966,53,2,
1967,6,2,
1968,60,2,
1969,12,4,
1970,45,1,
1971,30,2,
1972,77,3,
1973,12,4,
1974,63,2,
1975,52,2,
1976,34,2,
1977,67,5,
1978,0,5,
1979,33,4,
1980,59,5,
1981,58,2,
1982,1,2,
1983,24,4,OTHER
1984,79,3,
1985,78,5,
1986,17,4,
1987,34,4,
1988,51,2,
1989,58,2,
1990,29,1,
1991,11,3,
1992,8,2,
1993,37,4,
1994,50,3,FINANCEINSURANCE
1995,26,2,
1996,15,2,
1997,25,2,
1998,12,2,
1999,58,4,
2000,53,1,
2001,41,4,
2002,51,2,FOOD
2003,26,6,
2004,28,5,
2005,5,1,
2006,14,4,
2007,50,3,
2008,63,1,
2009,24,2,
2010,52,5,
2011,78,5,
2012,28,4,
2013,27,2,HEALTHCARE
2014,14,2,
2015,48,4,
2016,24,2,
2017,9,3,
2018,60,6,
2019,41,4,
2020,74,2,
2021,15,2,
2022,16,2,
2023,68,1,
2024,36,1,
2025,77,2,
2026,70,2,
2027,51,2,HEALTHCARE
2028,3,3,
2029,1,4,
2030,55,6,
2031,51,1,
2032,45,2,
2033,61,2,
2034,47,4,
2035,52,2,
2036,13,2,
2037,51,6,
2038,28,1,
2039,26,2,
2040,8,2,
2041,50,2,
2042,6,1,
2043,23,1,
2044,9,2,
2045,46,2,
2046,27,3,
2047,22,3,
2048,10,1,
2049,57,4,
2050,46,5,
2051,39,1,
2052,62,2,
2053,50,2,
2054,28,1,
2055,57,1,
2056,19,4,FOOD
2057,11,2,
2058,18,1,
2059,34,2,
2060,96,2,
2061,60,2,
2062,24,1,
2063,9,2,
2064,56,5,
2065,64,2,
2066,51,5,
2067,95,2,
2068,79,2,
2069,48,5,HEALTHCARE
2070,50,1,
2071,63,2,
2072,40,1,
2073,11,3,
2074,6,4,
2075,60,5,
2076,13,2,
2077,69,3,
2078,40,3,
2079,39,3,
2080,43,5,
2081,8,6,
2082,33,2,
2083,46,5,
2084,73,2,
2085,36,3,
2086,23,4,
2087,62,6,
2088,100,2,
2089,64,2,
2090,28,2,
2091,18,3,
2092,22,4,
2093,0,2,
2094,61,4,SCIENTIFICTECHNICAL
2095,63,1,
2096,56,5,
2097,8,2,
2098,0,1,
2099,41,1,
2100,27,4,HEALTHCARE
2101,21,2,
2102,11,3,
2103,66,4,
2104,53,2,
2105,41,5,OTHER
2106,15,6,
2107,17,3,
2108,42,2,
2109,2,2,
2110,45,3,FINANCEINSURANCE
2111,22,6,FOOD
2112,21,3,
2113,79,2,
2114,23,6,
2115,63,2,
2116,23,3,WASTEMANAGEMENT
2117,18,5,
2118,35,2,
2119,33,4,
2120,55,3,
2121,14,5,
2122,54,4,
2123,27,2,
2124,84,2,
2125,71,2,
2126,62,3,
2127,54,3,
2128,73,4,
2129,77,2,
2130,60,1,
2131,11,4,
2132,32,5,
2133,42,5,FOOD
2134,75,5,
2135,61,1,
2136,52,4,
2137,52,2,
2138,26,2,HEALTHCARE
2139,54,5,
2140,13,3,
2141,62,2,
2142,21,2,
2143,51,4,
2144,66,2,
2145,82,2,
2146,56,1,FOOD
2147,16,2,
2148,19,2,
2149,25,4,
2150,71,4,
2151,37,3,
2152,28,3,
2153,66,3,
2154,18,2,
2155,24,2,
2156,9,6,
2157,30,3,
2158,22,6,
2159,72,4,
2160,42,5,
2161,23,3,
2162,11,1,
2163,66,2,
2164,27,2,
2165,61,6,
2166,76,1,
2167,24,1,
2168,5,2,
2169,17,5,
2170,100,5,
2171,21,2,
2172,64,4,
2173,53,5,
2174,61,3,
2175,13,5,
2176,7,1,
2177,37,3,FOOD
2178,15,3,
2179,57,2,
2180,57,2,
2181,77,6,
2182,41,2,
2183,42,6,
2184,51,4,
2185,69,2,
2186,52,2,
2187,57,1,
2188,16,4,
2189,79,1,
2190,19,2,
2191,41,2,
2192,34,2,
2193,23,3,HEALTHCARE
2194,10,6,
2195,15,2,
2196,36,2,
2197,36,1,
2198,0,4,
2199,14,2,
2200,62,2,
2201,25,1,
2202,18,1,FOOD
2203,35,4,
2204,31,1,
2205,75,6,
2206,49,6,
2207,23,2,
2208,45,2,
2209,63,2,
2210,23,2,
2211,63,1,
2212,43,2,
2213,36,6,
2214,51,4,
2215,43,4,
2216,51,5,
2217,54,1,
2218,46,3,
2219,37,2,
2220,70,5,
2221,93,2,
2222,29,2,
2223,73,1,
2224,30,4,
2225,38,6,
2226,6,2,
2227,64,4,HEALTHCARE
2228,79,6,
2229,54,4,
2230,9,4,
2231,1,6,
2232,17,1,
2233,20,2,
2234,42,2,
2235,56,2,
2236,66,3,
2237,80,1,
2238,57,1,
2239,20,2,
2240,28,2,
2241,51,4,
2242,3,2,
2243,51,5,
2244,18,2,
2245,80,2,
2246,3,2,
2247,18,2,
2248,55,1,HEALTHCARE
2249,68,2,
2250,70,1,
2251,55,3,
2252,64,2,
2253,54,2,
2254,32,1,
2255,33,2,
2256,27,2,
2257,68,2,
2258,59,2,
2259,50,2,
2260,17,2,
2261,52,1,
2262,67,3,
2263,67,4,
2264,24,2,
2265,50,2,
2266,38,5,
2267,6,5,
2268,78,2,
2269,77,5,
2270,79,2,
2271,40,4,
2272,62,3,FOOD
2273,7,2,
2274,22,2,
2275,12,2,
2276,21,4,
2277,39,1,
2278,69,2,
2279,18,2,
2280,6,2,
2281,50,1,
2282,63,4,
2283,53,3,HEALTHCARE
2284,47,4,
2285,45,2,
2286,49,2,
2287,69,3,
2288,29,4,
2289,22,6,
2290,62,5,
2291,36,4,FINANCEINSURANCE
2292,77,5,
2293,55,2,
2294,8,3,
2295,26,1,FINANCEINSURANCE
2296,21,2,FOOD
2297,12,4,
2298,18,2,
2299,67,6,
2300,55,6,
2301,68,2,
2302,49,3,
2303,30,3,
2304,19,3,
2305,60,3,
2306,37,3,
2307,12,2,
2308,38,6,
2309,16,4,
2310,6,2,
2311,96,5,
2312,61,2,
2313,68,1,
2314,2,2,
2315,54,4,
2316,45,5,
2317,26,1,
2318,51,5,
2319,36,4,
2320,78,1,
2321,29,5,
2322,73,2,
2323,61,6,
2324,51,4,
2325,13,6,
2326,33,6,
2327,74,2,
2328,43,2,
2329,32,4,
2330,27,1,
2331,58,4,
2332,67,2,
2333,39,3,
2334,69,2,
2335,54,2,
2336,51,2,
2337,41,1,
2338,22,5,
2339,76,2,
2340,70,2,
2341,30,1,
2342,14,2,
2343,69,2,
2344,43,2,
2345,32,2,
2346,42,3,
2347,3,3,
2348,47,1,
2349,25,2,
2350,10,4,
2351,32,2,
2352,57,2,
2353,86,4,
2354,49,2,
2355,28,1,
2356,33,2,
2357,27,3,HEALTHCARE
2358,70,2,
2359,78,2,
2360,55,1,
2361,22,3,
2362,34,6,
2363,54,5,
2364,33,2,
2365,58,2,
2366,61,2,
2367,69,2,
2368,55,2,
2369,61,3,
2370,16,5,
2371,69,5,
2372,66,5,
2373,52,3,
2374,76,6,
2375,22,2,
2376,4,2,
2377,74,4,
2378,58,2,
2379,50,2,
2380,50,2,
2381,61,2,
2382,67,2,
2383,49,6,
2384,38,2,
2385,30,1,HEALTHCARE
2386,42,3,
2387,38,4,
2388,48,1,
2389,18,5,
2390,39,1,
2391,36,2,HEALTHCARE
2392,58,4,
2393,27,2,
2394,9,3,
2395,68,2,
2396,51,2,
2397,56,2,
2398,49,1,
2399,90,4,
2400,49,1,
2401,72,5,
2402,26,4,
2403,16,4,
2404,20,3,FOOD
2405,66,3,
2406,22,4,
2407,59,4,
2408,62,3,
2409,6,3,
2410,37,6,
2411,70,1,
2412,10,2,
2413,93,2,
2414,20,3,HEALTHCARE
2415,64,6,
2416,45,2,
2417,66,2,
2418,47,2,
2419,30,5,
2420,29,1,
2421,1,3,
2422,25,1,
2423,34,4,
2424,31,5,
2425,2,2,
2426,52,2,
2427,51,4,
2428,35,5,
2429,63,4,
2430,11,2,
2431,0,3,
2432,79,2,
2433,41,1,
2434,77,4,
2435,40,2,
2436,58,2,
2437,39,2,
2438,48,3,
2439,32,1,
2440,13,3,
2441,5,2,
2442,52,4,
2443,76,1,
2444,69,6,
2445,73,1,
2446,54,5,
2447,64,4,
2448,21,3,
2449,64,2,
2450,58,2,
2451,9,4,
2452,58,2,
2453,12,2,
2454,99,5,
2455,33,3,
2456,33,1,
2457,57,2,
2458,43,3,
2459,45,1,
2460,55,2,OTHER
2461,53,3,HEALTHCARE
2462,59,2,
2463,10,2,
2464,6,1,
2465,51,4,
2466,52,6,
2467,58,5,
2468,74,2,
2469,53,2,
2470,72,2,
2471,35,3,
2472,20,3,
2473,15,4,
2474,27,2,
2475,71,4,
2476,92,1,
2477,32,6,
2478,31,2,
2479,32,3,
2480,19,2,
2481,29,3,
2482,45,2,
2483,59,1,
2484,27,3,
2485,19,1,FINANCEINSURANCE
2486,89,3,
2487,45,4,
2488,22,1,
2489,40,3,
2490,41,2,
2491,37,2,
2492,33,3,HEALTHCARE
2493,19,2,
2494,70,2,
2495,42,4,
2496,35,2,
2497,93,1,
2498,38,1,
2499,37,4,
2500,31,3,
2501,2,3,
2502,73,4,
2503,0,5,
2504,47,3,
2505,75,3,
2506,79,5,
2507,34,5,
2508,96,3,
2509,34,2,FINANCEINSURANCE
2510,14,6,
2511,75,4,
2512,32,4,
2513,71,2,
2514,25,2,FOOD
2515,61,2,
2516,43,3,
2517,3,2,
2518,31,2,
2519,51,5,HEALTHCARE
2520,10,5,
2521,7,2,
2522,92,1,
2523,23,4,
2524,16,2,
2525,75,2,
2526,66,4,
2527,24,4,
2528,74,1,
2529,20,4,
2530,76,4,
2531,4,5,
2532,21,6,
2533,79,1,
2534,19,2,
2535,50,4,
2536,34,4,
2537,63,1,HEALTHCARE
2538,21,2,
2539,46,2,
2540,21,4,
2541,4,3,
2542,12,4,
2543,25,4,
2544,12,2,
2545,41,2,
2546,12,2,
2547,72,4,
2548,73,2,
2549,20,2,
2550,11,2,
2551,21,5,
2552,80,5,
2553,19,2,
2554,71,3,
2555,49,2,
2556,73,2,
2557,17,5,
2558,33,2,
2559,58,4,OTHER
2560,51,2,
2561,20,5,
2562,42,1,
2563,36,4,
2564,17,4,
2565,30,1,
2566,9,1,
2567,36,2,
2568,28,2,
2569,53,3,
2570,42,3,
2571,64,1,
2572,33,6,
2573,75,3,
2574,46,1,
2575,29,2,
2576,69,2,
2577,38,2,
2578,12,4,
2579,47,1,
2580,15,4,
2581,72,6,
2582,87,4,
2583,10,2,
2584,47,2,FOOD
2585,44,5,
2586,0,3,
2587,11,2,
2588,67,1,
2589,49,2,
2590,11,1,
2591,51,1,
2592,28,1,
2593,22,3,
2594,66,2,
2595,11,3,
2596,40,2,
2597,79,3,
2598,61,2,
2599,17,1,
2600,18,4,
2601,27,2,
2602,56,2,
2603,69,6,
2604,56,2,
2605,47,4,FOOD
2606,37,5,
2607,8,1,
2608,50,4,
2609,34,1,
2610,68,3,
2611,6,2,
2612,32,2,
2613,78,1,
2614,36,3,
2615,64,3,
2616,50,1,
2617,75,3,
2618,47,4,
2619,29,4,
2620,58,4,
2621,55,4,FOOD
2622,98,4,
2623,34,2,
2624,83,2,
2625,24,2,
2626,61,4,
2627,40,4,
2628,10,2,
2629,77,6,
2630,61,4,
2631,55,1,
2632,68,3,
2633,75,2,
2634,27,2,
2635,52,2,
2636,59,4,
2637,11,3,
2638,43,2,
2639,2,4,
2640,69,5,
2641,36,1,
2642,18,5,
2643,28,2,
2644,55,5,
2645,9,1,
2646,78,3,
2647,5,2,
2648,23,3,
2649,7,3,
2650,51,5,
2651,79,2,
2652,1,5,
2653,32,4,FOOD
2654,27,5,
2655,59,2,
2656,70,3,
2657,1,2,
2658,21,4,HEALTHCARE
2659,61,4,
2660,49,1,
2661,42,4,
2662,87,5,
2663,22,2,
2664,54,3,
2665,66,4,
2666,61,5,
2667,79,2,
2668,30,2,
2669,44,2,
2670,55,5,
2671,75,1,
2672,21,4,
2673,41,2,
2674,33,3,
2675,21,2,
2676,31,2,
2677,53,2,HEALTHCARE
2678,76,1,
2679,31,1,
2680,12,4,
2681,9,3,
2682,1,5,
2683,0,2,
2684,55,1,HEALTHCARE
2685,16,2,
2686,67,4,
2687,14,2,
2688,57,2,HEALTHCARE
2689,41,2,
2690,37,2,
2691,4,1,
2692,8,4,
2693,63,4,
2694,17,2,
2695,56,5,FOOD
2696,50,2,
2697,9,5,
2698,73,2,
2699,66,3,
2700,2,6,
2701,66,4,
2702,53,2,
2703,37,2,
2704,11,6,
2705,72,1,
2706,34,3,
2707,42,2,
2708,53,5,
2709,52,3,
2710,42,5,
2711,49,3,
2712,66,6,
2713,65,2,
2714,24,2,
2715,6,1,
2716,70,2,
2717,55,2,
2718,50,2,
2719,4,5,
2720,38,2,
2721,48,4,FOOD
2722,33,2,HEALTHCARE
2723,33,2,
2724,20,2,
2725,74,4,
2726,22,5,
2727,23,2,
2728,55,2,
2729,10,5,
2730,5,3,
2731,35,1,
2732,63,2,HEALTHCARE
2733,63,4,FOOD
2734,60,4,HEALTHCARE
2735,45,4,
2736,39,2,
2737,30,6,
2738,45,1,
2739,32,1,HEALTHCARE
2740,7,2,
2741,26,2,
2742,26,3,
2743,87,6,
2744,79,2,
2745,44,4,
2746,15,4,
2747,57,5,
2748,50,6,
2749,26,1,FOOD
2750,23,2,
2751,49,6,
2752,52,3,
2753,59,4,
2754,32,2,
2755,28,1,
2756,64,1,
2757,66,2,
2758,29,4,
2759,30,2,
2760,39,3,
2761,24,1,
2762,3,2,
2763,25,1,
2764,6,2,
2765,25,2,
2766,72,2,
2767,16,2,
2768,52,3,FOOD
2769,69,4,
2770,28,5,
2771,55,4,
2772,17,4,
2773,35,4,
2774,87,5,
2775,20,4,
2776,60,1,
2777,18,4,
2778,40,1,
2779,44,3,
2780,58,5,
2781,44,4,
2782,44,2,
2783,71,3,
2784,57,2,
2785,25,2,
2786,23,2,HEALTHCARE
2787,64,2,
2788,17,5,
2789,53,2,
2790,37,2,
2791,84,2,
2792,57,2,
2793,27,4,
2794,79,1,
2795,58,2,
2796,44,1,
2797,4,2,
2798,42,3,
2799,100,3,
2800,59,3,OTHER
2801,49,2,FOOD
2802,65,2,
2803,51,2,FOOD
2804,56,5,
2805,17,4,
2806,18,3,
2807,25,5,HEALTHCARE
2808,43,1,
2809,71,2,
2810,26,2,
2811,71,5,
2812,31,2,HEALTHCARE
2813,51,4,
2814,19,1,
2815,67,3,
2816,62,2,
2817,35,1,HEALTHCARE
2818,6,2,
2819,23,3,HEALTHCARE
2820,26,3,
2821,59,4,
2822,65,6,
2823,3,2,
2824,52,2,HEALTHCARE
2825,75,2,
2826,63,1,
2827,54,2,
2828,23,3,
2829,14,1,
2830,99,2,
2831,64,3,FOOD
2832,1,5,
2833,29,6,
2834,30,1,
2835,5,2,
2836,41,4,
2837,42,2,
2838,45,2,
2839,43,2,
2840,100,1,
2841,40,2,
2842,20,1,
2843,36,1,HEALTHCARE
2844,65,3,HEALTHCARE
2845,46,2,
2846,87,2,
2847,59,2,
2848,16,2,
2849,11,2,
2850,54,3,
2851,18,4,
2852,11,2,
2853,53,3,OTHER
2854,53,3,
2855,77,4,
2856,64,6,
2857,21,5,
2858,36,2,
2859,48,5,
2860,63,3,
2861,42,6,FOOD
2862,74,3,
2863,57,6,FOOD
2864,35,3,
2865,89,2,
2866,23,5,
2867,17,4,
2868,3,2,
2869,66,2,
2870,33,4,
2871,10,2,
2872,6,4,
2873,63,1,
2874,68,5,
2875,20,2,HEALTHCARE
2876,38,2,
2877,10,2,
2878,72,2,
2879,95,2,
2880,0,2,
2881,15,4,
2882,10,4,
2883,88,2,
2884,55,2,
2885,76,2,
2886,22,3,HEALTHCARE
2887,40,6,
2888,40,4,
2889,50,2,
2890,53,6,
2891,27,2,HEALTHCARE
2892,61,3,HEALTHCARE
2893,68,5,
2894,55,2,
2895,22,2,
2896,67,2,
2897,4,1,
2898,64,5,
2899,9,6,
2900,33,2,
2901,50,1,
2902,12,2,
2903,20,1,
2904,60,1,
2905,48,5,FOOD
2906,54,1,
2907,0,4,
2908,76,2,
2909,31,4,
2910,64,5,
2911,7,5,
2912,25,2,
2913,41,4,
2914,60,2,
2915,18,4,
2916,36,1,
2917,65,5,
2918,25,4,
2919,9,3,
2920,24,6,
2921,73,4,
2922,59,4,
2923,32,4,
2924,34,1,
2925,19,2,
2926,92,2,
2927,52,2,
2928,40,4,
2929,30,2,FOOD
2930,55,2,
2931,4,2,
2932,79,2,
2933,72,1,
2934,50,3,
2935,80,2,
2936,51,2,
2937,62,3,
2938,17,5,
2939,35,2,FOOD
2940,42,2,
2941,67,1,
2942,82,2,
2943,7,2,
2944,39,2,FOOD
2945,31,5,
2946,48,2,
2947,60,5,
2948,51,3,
2949,10,2,
2950,51,1,OTHER
2951,57,1,
2952,26,4,
2953,54,5,OTHER
2954,48,2,
2955,29,1,
2956,10,2,
2957,14,3,
2958,66,2,
2959,25,2,
2960,55,2,FINANCEINSURANCE
2961,55,3,
2962,61,3,
2963,38,2,
2964,47,3,
2965,17,2,
2966,64,3,
2967,1,6,
2968,78,1,
2969,56,3,
2970,67,2,
2971,100,2,
2972,77,6,
2973,65,5,
2974,29,2,
2975,59,2,
2976,42,2,
2977,38,2,
2978,70,3,
2979,49,3,
2980,37,2,
2981,48,2,
2982,61,5,
2983,77,2,
2984,33,5,
2985,60,4,
2986,32,4,
2987,10,2,
2988,50,4,
2989,13,2,
2990,27,4,
2991,3,3,
2992,17,4,
2993,28,1,
2994,26,4,
2995,38,2,
2996,25,4,
2997,58,4,
2998,34,1,
2999,66,2,
3000,37,2,
3001,75,2,
3002,22,4,
3003,61,6,
3004,43,6,HEALTHCARE
3005,42,2,
3006,28,4,
3007,64,2,
3008,48,2,
3009,42,2,
3010,13,4,
3011,68,3,
3012,55,6,
3013,59,2,
3014,32,5,
3015,86,5,
3016,30,2,
3017,35,2,
3018,24,2,
3019,58,5,HEALTHCARE
3020,0,2,
3021,34,4,
3022,90,5,
3023,10,3,
3024,17,2,
3025,6,2,
3026,59,5,
3027,12,2,
3028,77,1,
3029,51,4,
3030,60,6,
3031,13,2,
3032,62,2,
3033,63,6,HEALTHCARE
3034,63,5,HEALTHCARE
3035,73,1,
3036,79,3,
3037,4,1,
3038,37,2,
3039,23,3,
3040,28,2,
3041,7,2,
3042,55,3,
3043,13,5,
3044,76,1,
3045,43,2,
3046,20,3,
3047,55,2,
3048,56,5,
3049,62,4,HEALTHCARE
3050,71,5,
3051,49,3,
3052,64,5,
3053,36,6,
3054,69,1,
3055,37,3,
3056,50,4,HEALTHCARE
3057,18,3,
3058,52,2,
3059,4,1,
3060,36,5,
3061,34,1,HEALTHCARE
3062,71,2,
3063,1,2,
3064,16,3,
3065,1,3,
3066,26,2,
3067,88,4,
3068,74,4,
3069,23,4,
3070,2,3,
3071,49,2,
3072,36,2,
3073,46,6,
3074,7,1,
3075,55,3,
3076,20,5,
3077,49,3,
3078,52,2,
3079,68,3,
3080,33,2,HEALTHCARE
3081,22,1,
3082,52,2,
3083,47,3,
3084,34,2,HEALTHCARE
3085,73,1,
3086,21,1,
3087,19,2,
3088,18,6,
3089,17,4,
3090,40,2,
3091,40,5,HEALTHCARE
3092,68,4,
3093,50,6,
3094,63,2,
3095,55,2,FOOD
3096,43,2,
3097,55,3,
3098,78,2,
3099,60,4,HEALTHCARE
3100,14,4,
3101,49,2,FOOD
3102,24,6,
3103,21,1,
3104,10,4,
3105,72,3,
3106,29,3,
3107,95,5,
3108,16,1,
3109,38,4,
3110,48,4,
3111,41,1,
3112,21,2,HEALTHCARE
3113,73,1,
3114,68,2,
3115,34,2,
3116,12,4,
3117,35,2,
3118,68,2,
3119,12,3,
3120,47,2,
3121,55,1,
3122,63,4,
3123,33,3,HEALTHCARE
3124,67,2,
3125,65,3,SCIENTIFICTECHNICAL
3126,21,5,FINANCEINSURANCE
3127,5,3,
3128,39,1,
3129,52,3,
3130,32,2,FINANCEINSURANCE
3131,19,2,
3132,14,2,
3133,68,2,
3134,67,2,
3135,31,2,
3136,4,1,
3137,7,2,
3138,62,5,
3139,65,5,
3140,3,1,
3141,25,6,
3142,78,6,
3143,53,4,
3144,57,5,
3145,74,4,
3146,70,4,
3147,90,2,
3148,36,5,
3149,36,2,
3150,1,2,
3151,25,2,
3152,7,3,
3153,25,2,
3154,63,5,
3155,49,1,
3156,7,1,
3157,33,5,
3158,34,5,
3159,23,3,
3160,57,1,
3161,55,2,
3162,3,2,
3163,60,3,
3164,6,2,
3165,24,3,
3166,75,2,
3167,56,5,
3168,51,3,
3169,65,4,
3170,76,1,
3171,67,2,
3172,24,2,
3173,51,2,
3174,11,2,
3175,52,2,
3176,53,1,FOOD
3177,38,3,
3178,69,3,
3179,51,1,
3180,14,3,
3181,11,3,
3182,45,2,
3183,24,2,
3184,68,6,
3185,68,1,
3186,44,2,HEALTHCARE
3187,57,4,
3188,35,5,
3189,24,3,HEALTHCARE
3190,30,2,
3191,75,2,
3192,35,4,
3193,40,3,
3194,22,2,
3195,46,6,
3196,49,2,
3197,26,5,
3198,24,2,
3199,48,4,
3200,56,2,SCIENTIFICTECHNICAL
3201,49,1,
3202,45,2,
3203,72,1,
3204,32,3,
3205,60,5,HEALTHCARE
3206,15,5,
3207,56,4,
3208,16,1,
3209,30,2,
3210,45,2,
3211,15,2,
3212,20,3,HEALTHCARE
3213,20,4,
3214,27,2,
3215,67,2,
3216,84,2,
3217,66,1,
3218,26,4,
3219,73,5,
3220,19,2,
3221,72,1,
3222,65,3,HEALTHCARE
3223,14,4,
3224,65,5,
3225,31,2,
3226,6,5,
3227,21,6,
3228,20,2,
3229,0,2,
3230,45,4,
3231,29,5,
3232,39,3,
3233,65,2,HEALTHCARE
3234,22,3,
3235,81,1,
3236,30,2,
3237,27,4,
3238,65,2,HEALTHCARE
3239,11,2,
3240,26,2,
3241,14,2,
3242,46,3,
3243,48,5,
3244,35,2,
3245,67,2,
3246,38,4,
3247,29,3,
3248,11,2,
3249,5,2,
3250,13,2,
3251,28,6,
3252,65,2,
3253,14,2,
3254,54,2,
3255,35,1,
3256,98,4,
3257,77,4,
3258,62,1,
3259,38,2,
3260,37,1,SCIENTIFICTECHNICAL
3261,54,2,
3262,41,4,
3263,17,4,
3264,20,5,
3265,12,2,
3266,45,1,
3267,51,4,
3268,29,2,
3269,72,3,
3270,1,3,
3271,40,2,
3272,51,2,
3273,66,2,
3274,20,2,
3275,4,5,
3276,34,5,
3277,65,4,
3278,61,2,
3279,90,2,
3280,69,1,
3281,41,2,
3282,9,2,
3283,89,4,
3284,63,4,
3285,71,2,
3286,15,1,
3287,0,2,
3288,49,4,
3289,76,1,
3290,12,3,
3291,40,2,REALESTATERENTAL
3292,57,5,HEALTHCARE
3293,35,1,
3294,57,1,SCIENTIFICTECHNICAL
3295,100,5,
3296,17,2,
3297,78,2,
3298,6,5,
3299,22,5,
3300,13,6,
3301,61,2,
3302,42,2,
3303,54,4,
3304,75,3,
3305,65,6,
3306,34,2,FOOD
3307,44,5,
3308,67,3,
3309,51,2,
3310,2,6,
3311,46,2,
3312,81,2,
3313,67,1,
3314,54,2,
3315,54,4,
3316,5,2,
3317,23,4,
3318,96,2,
3319,15,3,
3320,50,2,
3321,52,1,
3322,76,3,
3323,31,2,
3324,68,5,
3325,31,1,
3326,47,2,
3327,50,2,
3328,38,2,
3329,60,2,
3330,36,5,
3331,32,6,
3332,70,3,
3333,11,2,
3334,19,5,
3335,82,2,
3336,13,2,
3337,60,6,
3338,74,4,
3339,36,2,
3340,14,2,
3341,51,3,
3342,32,2,
3343,61,2,
3344,36,4,
3345,30,4,
3346,26,5,OTHER
3347,29,6,
3348,60,3,
3349,53,2,
3350,34,4,
3351,13,4,
3352,51,2,
3353,4,3,
3354,75,1,
3355,1,3,
3356,60,3,
3357,55,2,
3358,49,2,
3359,30,1,
3360,87,2,
3361,74,2,
3362,1,5,
3363,23,2,
3364,42,3,
3365,39,2,
3366,1,2,
3367,64,2,
3368,42,6,
3369,96,2,
3370,51,4,
3371,71,6,
3372,37,4,
3373,44,5,
3374,12,2,
3375,5,3,
3376,70,2,
3377,46,1,
3378,69,2,
3379,83,4,
3380,54,5,
3381,32,3,
3382,39,1,
3383,66,4,
3384,27,3,
3385,6,2,
3386,63,1,
3387,41,1,
3388,56,2,
3389,3,6,
3390,16,1,
3391,20,5,
3392,20,1,
3393,86,2,
3394,49,4,FOOD
3395,77,4,
3396,46,2,FOOD
3397,41,2,FINANCEINSURANCE
3398,5,4,
3399,18,4,
3400,1,6,
3401,61,2,
3402,14,2,
3403,24,2,
3404,94,5,
3405,47,1,
3406,62,1,
3407,62,4,
3408,27,4,
3409,91,2,
3410,43,2,
3411,25,3,HEALTHCARE
3412,19,2,
3413,22,2,
3414,56,2,
3415,31,2,
3416,47,2,
3417,4,4,
3418,64,2,
3419,64,4,
3420,55,4,
3421,49,4,HEALTHCARE
3422,32,4,
3423,92,2,
3424,56,2,
3425,77,3,
3426,24,1,
3427,68,5,
3428,29,2,
3429,15,1,
3430,68,1,
3431,75,1,
3432,55,5,
3433,75,3,
3434,47,1,
3435,6,2,
3436,13,2,
3437,4,2,
3438,65,4,
3439,62,2,
3440,28,1,
3441,59,2,
3442,45,2,
3443,23,3,
3444,0,2,
3445,50,2,
3446,50,3,
3447,50,1,
3448,20,2,HEALTHCARE
3449,65,2,HEALTHCARE
3450,66,2,
3451,24,3,
3452,70,2,
3453,49,2,HEALTHCARE
3454,93,4,
3455,22,2,
3456,64,2,REALESTATERENTAL
3457,28,5,
3458,67,1,
3459,51,2,
3460,33,4,
3461,22,4,
3462,42,2,
3463,41,1,
3464,31,3,
3465,81,2,
3466,24,3,
3467,25,2,
3468,58,2,
3469,69,4,
3470,44,1,
3471,75,3,
3472,53,2,HEALTHCARE
3473,32,3,
3474,59,4,HEALTHCARE
3475,33,2,
3476,74,3,
3477,24,4,
3478,16,3,
3479,41,3,
3480,73,2,
3481,56,3,
3482,5,5,
3483,52,2,
3484,55,1,
3485,48,2,
3486,59,5,
3487,57,6,
3488,15,2,
3489,48,4,
3490,17,6,
3491,53,2,
3492,72,2,
3493,8,1,
3494,36,3,
3495,20,2,
3496,25,2,
3497,14,2,
3498,56,5,
3499,39,2,
3500,47,1,
3501,14,2,
3502,73,1,
3503,57,2,
3504,12,2,
3505,8,2,
3506,10,5,
3507,49,5,
3508,65,2,
3509,55,2,
3510,34,2,
3511,62,4,FOOD
3512,67,2,
3513,47,6,
3514,50,2,
3515,26,5,
3516,43,5,
3517,52,1,
3518,12,4,
3519,53,1,
3520,5,3,
3521,31,2,
3522,21,2,
3523,49,5,
3524,7,2,
3525,38,1,
3526,16,5,
3527,53,5,
3528,65,4,
3529,26,4,
3530,56,5,HEALTHCARE
3531,66,6,
3532,45,3,
3533,33,1,
3534,12,5,
3535,72,2,
3536,71,2,
3537,73,3,
3538,42,4,
3539,24,3,
3540,26,5,
3541,74,1,
3542,21,3,
3543,4,3,
3544,1,2,
3545,79,3,
3546,87,2,
3547,74,2,
3548,70,5,
3549,25,3,
3550,26,2,
3551,4,2,
3552,73,2,
3553,59,2,
3554,59,2,
3555,82,5,
3556,7,2,
3557,51,5,
3558,76,3,
3559,55,1,
3560,29,5,
3561,30,2,HEALTHCARE
3562,48,2,
3563,56,2,
3564,99,6,
3565,91,1,
3566,71,1,
3567,4,4,
3568,9,3,
3569,30,1,
3570,38,2,
3571,89,2,
3572,72,2,
3573,20,2,
3574,45,4,
3575,42,5,
3576,16,5,
3577,27,4,
3578,50,5,
3579,76,2,
3580,24,5,
3581,57,3,
3582,77,5,
3583,31,2,
3584,26,2,HEALTHCARE
3585,77,1,
3586,49,2,
3587,24,3,
3588,64,6,
3589,27,1,
3590,51,3,
3591,74,2,
3592,39,2,
3593,61,2,SCIENTIFICTECHNICAL
3594,66,4,
3595,6,1,
3596,71,2,
3597,32,3,
3598,22,2,
3599,11,2,
3600,62,5,
3601,27,1,
3602,39,2,
3603,32,2,
3604,77,5,
3605,11,2,
3606,31,2,HEALTHCARE
3607,2,2,
3608,55,4,
3609,29,1,
3610,72,1,
3611,55,2,
3612,33,5,
3613,50,4,
3614,53,1,
3615,48,2,HEALTHCARE
3616,25,1,
3617,16,1,
3618,39,4,OTHER
3619,74,2,
3620,17,1,
3621,16,6,
3622,45,2,
3623,25,3,
3624,79,3,
3625,67,3,
3626,46,4,
3627,38,2,FINANCEINSURANCE
3628,67,3,
3629,49,5,
3630,54,1,
3631,14,1,
3632,80,2,
3633,60,2,
3634,4,5,
3635,16,2,
3636,38,5,
3637,97,3,
3638,36,1,
3639,88,4,
3640,63,4,
3641,54,4,
3642,38,4,
3643,19,1,HEALTHCARE
3644,25,2,SCIENTIFICTECHNICAL
3645,57,2,
3646,76,3,
3647,37,2,FOOD
3648,79,5,
3649,54,4,
3650,43,1,HEALTHCARE
3651,65,4,
3652,70,1,
3653,2,6,
3654,28,4,
3655,25,2,FINANCEINSURANCE
3656,40,2,
3657,61,3,
3658,48,2,
3659,1,4,
3660,35,5,HEALTHCARE
3661,30,1,
3662,0,2,
3663,41,2,
3664,33,3,
3665,51,2,
3666,64,3,
3667,87,2,
3668,47,3,
3669,66,5,
3670,75,1,
3671,43,2,
3672,22,2,
3673,45,5,
3674,53,1,
3675,55,4,
3676,67,6,
3677,12,2,
3678,20,2,
3679,57,3,
3680,28,1,
3681,55,5,
3682,77,2,
3683,53,4,
3684,23,2,
3685,66,2,
3686,44,3,
3687,1,4,
3688,53,3,
3689,13,5,
3690,58,2,
3691,78,2,
3692,70,6,
3693,4,1,
3694,73,3,
3695,28,1,
3696,28,2,
3697,1,1,
3698,16,2,
3699,67,2,
3700,47,5,
3701,21,2,
3702,18,5,
3703,47,4,
3704,70,2,
3705,44,2,FINANCEINSURANCE
3706,63,1,
3707,25,2,
3708,22,4,
3709,76,3,
3710,76,2,
3711,55,2,
3712,67,2,
3713,3,2,
3714,13,2,
3715,25,1,
3716,16,2,
3717,63,2,
3718,20,6,
3719,12,2,
3720,42,5,FOOD
3721,21,2,
3722,64,2,
3723,30,2,
3724,45,2,
3725,52,2,
3726,11,2,
3727,68,1,
3728,54,2,
3729,57,2,
3730,25,1,
3731,16,1,
3732,4,4,
3733,48,6,
3734,79,2,
3735,58,2,
3736,63,1,
3737,67,2,
3738,48,2,
3739,0,2,
3740,70,1,
3741,14,2,
3742,22,5,
3743,43,2,
3744,22,3,
3745,22,3,
3746,53,1,
3747,78,1,
3748,2,4,
3749,16,2,
3750,24,2,
3751,32,4,
3752,6,1,
3753,90,2,
3754,46,1,
3755,67,2,
3756,66,2,
3757,89,1,
3758,72,6,
3759,22,3,
3760,24,6,
3761,66,2,
3762,53,4,
3763,25,2,
3764,50,3,
3765,69,5,
3766,22,2,
3767,62,4,
3768,66,2,
3769,7,2,
3770,4,2,
3771,50,2,
3772,39,1,
3773,70,4,
3774,60,4,
3775,67,1,
3776,18,2,
3777,70,2,
3778,39,1,
3779,25,4,
3780,43,2,
3781,67,4,
3782,64,1,
3783,68,2,
3784,1,2,
3785,57,4,
3786,56,1,
3787,52,1,
3788,47,2,
3789,97,1,
3790,77,2,
3791,43,4,
3792,66,2,
3793,41,6,
3794,78,4,
3795,24,1,
3796,23,2,
3797,51,5,
3798,26,2,
3799,46,4,
3800,5,5,
3801,44,6,
3802,16,4,
3803,54,1,
3804,30,2,
3805,57,2,FOOD
3806,69,2,
3807,18,2,
3808,62,1,OTHER
3809,55,2,
3810,17,3,
3811,75,5,
3812,70,2,
3813,77,2,
3814,25,1,
3815,82,5,
3816,52,3,
3817,58,4,
3818,50,5,
3819,7,3,
3820,51,1,
3821,35,2,FOOD
3822,34,3,
3823,69,1,
3824,36,2,
3825,73,4,
3826,69,4,
3827,75,2,
3828,46,5,
3829,79,6,
3830,93,2,
3831,54,3,HEALTHCARE
3832,64,2,
3833,47,4,FOOD
3834,12,2,
3835,21,6,
3836,68,2,
3837,27,2,
3838,11,2,
3839,96,3,
3840,45,4,
3841,69,2,
3842,21,1,
3843,3,5,
3844,40,2,FOOD
3845,61,2,
3846,85,6,
3847,68,3,
3848,11,4,
3849,27,2,
3850,74,1,
3851,58,2,FOOD
3852,68,1,
3853,25,2,
3854,76,1,
3855,25,2,
3856,37,4,
3857,2,2,
3858,43,5,
3859,59,2,
3860,17,3,
3861,28,1,
3862,2,2,
3863,24,5,
3864,45,4,
3865,34,6,
3866,29,1,
3867,62,6,
3868,56,5,
3869,50,2,
3870,24,1,
3871,32,2,FOOD
3872,63,3,HEALTHCARE
3873,30,2,
3874,23,5,
3875,71,4,
3876,76,1,
3877,6,1,
3878,78,4,
3879,18,4,
3880,66,2,
3881,42,2,
3882,47,2,HEALTHCARE
3883,57,1,
3884,42,5,
3885,87,2,
3886,25,2,
3887,44,4,
3888,30,1,
3889,11,4,
3890,68,6,
3891,24,5,
3892,2,3,
3893,22,3,
3894,34,4,
3895,64,2,
3896,36,2,
3897,77,4,
3898,48,4,
3899,48,1,FINANCEINSURANCE
3900,29,2,
3901,63,3,
3902,39,1,
3903,40,1,
3904,31,3,
3905,19,4,
3906,73,6,
3907,11,2,
3908,65,4,
3909,17,3,
3910,34,1,
3911,3,4,
3912,36,2,
3913,33,2,
3914,48,6,
3915,90,3,
3916,59,1,
3917,90,2,
3918,48,4,
3919,61,4,
3920,17,3,
3921,39,4,
3922,70,2,
3923,49,6,
3924,18,2,
3925,43,5,
3926,19,1,
3927,47,1,
3928,2,2,
3929,52,4,
3930,49,2,
3931,51,3,
3932,76,6,
3933,11,3,
3934,43,2,
3935,41,2,
3936,62,6,
3937,41,1,
3938,67,2,
3939,0,2,
3940,62,3,
3941,32,4,
3942,88,2,
3943,18,4,
3944,84,4,
3945,75,6,
3946,67,2,
3947,61,3,
3948,29,5,
3949,57,1,
3950,58,3,
3951,23,2,
3952,58,2,HEALTHCARE
3953,14,2,
3954,63,5,
3955,45,1,
3956,56,2,
3957,17,4,
3958,33,2,
3959,9,2,
3960,30,1,
3961,10,2,
3962,77,5,
3963,41,1,
3964,35,5,HEALTHCARE
3965,51,4,
3966,72,2,
3967,32,2,OTHER
3968,65,4,
3969,75,2,
3970,48,2,
3971,57,4,
3972,67,2,
3973,72,5,
3974,41,2,
3975,55,3,
3976,31,5,
3977,8,2,
3978,51,1,
3979,75,1,
3980,63,2,
3981,77,1,
3982,24,3,
3983,41,2,
3984,3,3,
3985,6,3,
3986,46,2,
3987,54,1,
3988,93,2,
3989,20,2,
3990,27,2,
3991,73,6,
3992,33,3,
3993,82,3,
3994,68,2,
3995,42,3,
3996,54,2,
3997,20,3,
3998,46,4,
3999,7,4,
4000,17,1,
4001,72,3,
4002,27,1,
4003,76,3,
4004,53,2,
4005,35,1,
4006,78,1,
4007,3,2,
4008,25,3,
4009,24,2,
4010,50,3,
4011,31,3,
4012,95,3,
4013,53,3,
4014,98,2,
4015,72,4,
4016,31,6,
4017,67,2,
4018,52,2,
4019,67,3,
4020,17,3,
4021,59,3,
4022,14,4,
4023,23,6,
4024,79,3,
4025,61,2,
4026,96,2,
4027,29,2,FOOD
4028,52,3,HEALTHCARE
4029,48,2,HEALTHCARE
4030,61,1,
4031,59,3,
4032,0,4,
4033,62,1,
4034,71,5,
4035,72,5,
4036,63,2,
4037,20,3,
4038,30,6,
4039,54,4,
4040,59,3,HEALTHCARE
4041,46,2,
4042,39,2,
4043,63,5,
4044,56,5,
4045,21,2,
4046,20,3,
4047,19,3,
4048,18,4,
4049,55,2,
4050,35,6,HEALTHCARE
4051,56,3,FOOD
4052,49,2,
4053,73,3,
4054,55,2,HEALTHCARE
4055,17,4,
4056,31,4,
4057,24,2,
4058,47,5,
4059,14,2,
4060,74,3,
4061,35,4,HEALTHCARE
4062,73,1,
4063,28,2,
4064,67,2,
4065,1,1,
4066,52,4,
4067,21,3,
4068,71,2,
4069,76,4,
4070,10,1,
4071,49,4,FOOD
4072,88,4,
4073,24,5,
4074,29,3,
4075,4,2,
4076,57,3,FOOD
4077,42,5,
4078,29,2,
4079,79,2,
4080,21,5,
4081,60,3,
4082,70,2,
4083,54,3,
4084,70,3,
4085,94,5,
4086,68,2,
4087,28,1,
4088,1,4,
4089,89,3,
4090,45,1,FOOD
4091,68,2,
4092,9,2,
4093,45,2,
4094,74,2,
4095,36,1,
4096,0,4,
4097,60,1,FOOD
4098,40,2,
4099,18,5,
4100,49,6,
4101,39,3,
4102,78,4,
4103,71,2,
4104,21,2,
4105,24,1,
4106,51,5,
4107,49,5,
4108,64,2,
4109,35,2,
4110,28,2,
4111,77,3,
4112,23,6,
4113,49,5,
4114,47,4,
4115,65,1,
4116,52,2,HEALTHCARE
4117,58,1,
4118,57,1,HEALTHCARE
4119,9,2,
4120,70,2,
4121,60,2,
4122,71,1,
4123,71,3,
4124,55,2,HEALTHCARE
4125,74,4,
4126,42,4,
4127,0,2,
4128,49,2,
4129,64,5,
4130,59,2,
4131,78,2,
4132,31,2,
4133,22,4,
4134,18,2,HEALTHCARE
4135,51,2,
4136,58,5,
4137,20,2,
4138,6,4,
4139,30,5,
4140,59,3,
4141,77,6,
4142,70,2,
4143,28,2,
4144,60,2,
4145,6,3,
4146,76,2,
4147,15,2,
4148,46,3,
4149,56,2,
4150,17,3,
4151,46,6,
4152,51,2,
4153,57,4,
4154,56,5,
4155,45,3,
4156,57,2,
4157,65,2,
4158,1,2,
4159,53,4,
4160,74,3,
4161,6,6,
4162,56,3,
4163,46,5,
4164,2,2,
4165,70,3,
4166,18,1,
4167,47,2,
4168,75,2,
4169,75,5,
4170,45,3,
4171,72,1,
4172,24,2,
4173,14,4,
4174,60,1,
4175,11,1,
4176,52,4,
4177,55,1,HEALTHCARE
4178,77,3,
4179,33,3,
4180,10,4,
4181,96,3,
4182,64,5,
4183,7,4,
4184,58,2,
4185,10,3,
4186,1,2,
4187,94,2,
4188,94,2,
4189,20,2,FOOD
4190,5,1,
4191,68,1,
4192,54,1,FOOD
4193,67,1,
4194,55,2,
4195,58,2,
4196,45,2,
4197,58,2,
4198,78,5,
4199,71,5,
4200,56,1,
4201,44,4,
4202,58,2,
4203,65,1,
4204,33,4,HEALTHCARE
4205,52,6,
4206,25,1,
4207,38,4,
4208,17,2,
4209,10,1,
4210,63,5,
4211,67,6,
4212,37,2,
4213,67,5,
4214,43,4,
4215,50,6,
4216,32,2,
4217,69,2,
4218,73,1,
4219,42,2,
4220,56,2,
4221,16,2,
4222,20,2,OTHER
4223,55,5,
4224,22,2,
4225,55,5,
4226,44,2,
4227,66,2,
4228,6,1,
4229,50,2,
4230,32,1,OTHER
4231,78,4,
4232,55,4,
4233,40,4,
4234,60,1,
4235,49,5,
4236,26,2,
4237,39,6,
4238,34,2,FOOD
4239,20,2,FOOD
4240,76,5,
4241,44,2,
4242,14,6,
4243,60,1,
4244,56,4,FOOD
4245,48,4,
4246,12,4,
4247,50,6,
4248,63,3,
4249,65,2,
4250,62,2,
4251,67,5,
4252,26,1,
4253,71,3,
4254,54,3,
4255,33,2,
4256,22,4,
4257,27,1,
4258,19,3,
4259,4,2,
4260,79,4,
4261,13,4,
4262,63,2,
4263,70,5,
4264,38,4,
4265,11,4,
4266,66,2,
4267,57,3,
4268,10,6,
4269,79,3,
4270,69,2,
4271,48,4,
4272,38,2,
4273,53,1,
4274,32,4,
4275,36,4,
4276,46,4,
4277,79,3,
4278,98,2,
4279,33,4,
4280,21,1,
4281,66,4,
4282,83,2,
4283,9,6,
4284,59,2,FOOD
4285,40,6,
4286,50,2,
4287,24,5,
4288,56,3,
4289,31,1,
4290,89,1,
4291,24,2,
4292,38,1,
4293,87,3,
4294,58,4,
4295,55,4,
4296,0,2,
4297,46,2,
4298,58,5,
4299,36,2,
4300,56,6,HEALTHCARE
4301,75,2,
4302,17,2,
4303,16,4,
4304,49,3,HEALTHCARE
4305,60,2,HEALTHCARE
4306,28,1,
4307,77,3,
4308,14,2,
4309,89,2,
4310,19,5,
4311,29,2,
4312,25,5,
4313,92,2,
4314,70,2,
4315,25,1,HEALTHCARE
4316,5,3,
4317,78,1,
4318,53,6,
4319,53,2,
4320,73,5,
4321,57,1,HEALTHCARE
4322,52,5,
4323,75,3,
4324,69,2,
4325,4,3,
4326,20,2,
4327,56,2,
4328,47,4,
4329,14,1,
4330,55,3,
4331,65,2,
4332,12,3,
4333,65,6,
4334,4,4,
4335,35,4,
4336,19,2,
4337,3,2,
4338,47,4,
4339,44,2,
4340,3,4,
4341,46,2,
4342,65,4,
4343,78,3,
4344,69,1,
4345,67,1,
4346,67,5,
4347,27,2,WASTEMANAGEMENT
4348,19,3,
4349,57,2,
4350,68,2,
4351,49,2,
4352,51,2,
4353,79,5,
4354,49,6,HEALTHCARE
4355,47,3,
4356,21,1,
4357,0,1,
4358,93,3,
4359,24,2,
4360,19,4,FOOD
4361,64,6,
4362,28,1,
4363,56,1,
4364,14,4,
4365,26,2,
4366,8,2,
4367,55,6,
4368,67,1,
4369,31,3,
4370,39,2,
4371,47,2,OTHER
4372,26,2,
4373,46,2,
4374,6,3,
4375,58,6,
4376,60,6,
4377,75,4,
4378,36,4,
4379,8,4,
4380,55,2,FOOD
4381,76,6,
4382,23,2,
4383,31,2,
4384,33,2,
4385,9,3,
4386,38,4,
4387,57,3,HEALTHCARE
4388,86,4,
4389,78,5,
4390,54,2,
4391,88,6,
4392,2,4,
4393,22,1,
4394,2,2,
4395,43,2,
4396,51,4,
4397,65,3,
4398,43,5,
4399,56,2,HEALTHCARE
4400,77,4,
4401,74,3,
4402,75,2,
4403,39,2,
4404,74,1,
4405,53,2,
4406,58,4,
4407,51,2,
4408,23,4,
4409,0,3,
4410,60,4,HEALTHCARE
4411,59,6,
4412,55,1,HEALTHCARE
4413,51,3,
4414,48,2,
4415,59,2,
4416,48,5,
4417,51,4,
4418,31,6,
4419,38,3,REALESTATERENTAL
4420,18,2,
4421,50,4,
4422,29,5,
4423,32,5,FOOD
4424,61,4,
4425,22,5,
4426,21,2,
4427,52,2,
4428,70,3,
4429,77,2,
4430,17,4,
4431,72,1,
4432,79,2,
4433,54,4,
4434,48,2,
4435,29,4,
4436,62,5,FOOD
4437,37,4,
4438,26,3,
4439,78,4,
4440,54,3,
4441,54,2,
4442,29,2,
4443,17,1,
4444,2,2,
4445,40,5,
4446,27,1,
4447,59,2,
4448,29,6,FOOD
4449,71,2,
4450,30,2,
4451,78,2,
4452,71,3,
4453,79,2,
4454,67,2,
4455,42,4,HEALTHCARE
4456,31,1,
4457,55,4,
4458,26,2,FOOD
4459,47,2,
4460,13,1,
4461,2,4,
4462,68,6,
4463,75,2,
4464,11,3,
4465,89,2,
4466,26,2,HEALTHCARE
4467,6,5,
4468,30,2,HEALTHCARE
4469,71,3,
4470,10,2,
4471,26,2,
4472,84,2,
4473,73,2,
4474,6,2,
4475,5,6,
4476,67,2,
4477,58,2,
4478,20,2,
4479,62,4,
4480,70,2,
4481,55,5,
4482,29,2,
4483,3,6,
4484,31,1,
4485,51,2,
4486,30,4,
4487,64,2,
4488,39,2,
4489,27,3,
4490,12,1,
4491,96,2,
4492,62,4,
4493,58,2,
4494,8,2,
4495,45,2,FOOD
4496,3,6,
4497,42,3,
4498,96,5,
4499,24,3,
4500,58,1,
4501,8,4,
4502,37,1,
4503,1,3,
4504,20,2,
4505,12,2,
4506,60,4,FOOD
4507,21,2,
4508,22,5,FOOD
4509,27,4,
4510,61,2,HEALTHCARE
4511,37,2,
4512,86,6,
4513,26,1,
4514,59,5,
4515,10,2,
4516,100,1,
4517,28,1,
4518,69,2,
4519,37,5,
4520,19,6,
4521,64,2,
4522,58,2,
4523,61,4,
4524,8,2,
4525,63,1,
4526,9,2,
4527,50,2,
4528,87,4,
4529,38,2,
4530,27,3,
4531,86,3,
4532,43,1,
4533,42,4,
4534,23,5,
4535,17,4,
4536,62,4,
4537,5,3,
4538,36,3,
4539,25,2,
4540,39,5,
4541,14,3,
4542,25,2,
4543,6,3,
4544,24,2,
4545,54,3,HEALTHCARE
4546,56,2,
4547,63,1,
4548,18,2,HEALTHCARE
4549,87,4,
4550,53,3,HEALTHCARE
4551,11,2,
4552,71,2,
4553,69,2,
4554,69,2,
4555,52,2,
4556,69,5,
4557,39,4,
4558,35,3,
4559,27,4,
4560,29,5,
4561,72,3,
4562,56,1,
4563,24,1,FOOD
4564,16,1,
4565,57,4,
4566,40,2,
4567,6,2,
4568,3,5,
4569,47,2,
4570,2,4,
4571,59,2,
4572,57,4,
4573,32,2,
4574,70,1,
4575,69,5,
4576,29,2,
4577,27,1,FOOD
4578,53,4,
4579,57,6,HEALTHCARE
4580,31,6,
4581,64,3,
4582,38,1,
4583,45,1,
4584,26,2,
4585,8,2,
4586,12,5,
4587,64,3,
4588,38,3,
4589,56,3,
4590,14,1,
4591,35,1,
4592,25,2,
4593,60,4,
4594,14,6,
4595,95,2,
4596,8,2,
4597,2,2,
4598,27,3,
4599,54,5,
4600,54,2,
4601,26,3,
4602,79,6,
4603,64,2,
4604,75,3,
4605,23,6,HEALTHCARE
4606,57,3,
4607,62,1,
4608,74,2,
4609,54,3,
4610,44,2,
4611,47,2,
4612,6,5,
4613,86,5,
4614,12,5,
4615,35,4,
4616,68,2,
4617,32,3,HEALTHCARE
4618,36,4,
4619,48,1,
4620,74,2,
4621,83,2,
4622,17,4,
4623,58,3,
4624,51,2,FINANCEINSURANCE
4625,37,3,SCIENTIFICTECHNICAL
4626,66,3,
4627,31,2,
4628,6,2,
4629,52,3,
4630,67,2,
4631,10,2,
4632,56,1,
4633,28,4,FINANCEINSURANCE
4634,54,2,
4635,31,5,
4636,65,5,
4637,78,6,
4638,32,2,
4639,71,2,
4640,6,2,
4641,71,5,
4642,63,4,
4643,33,1,
4644,60,1,
4645,48,1,
4646,56,4,
4647,55,3,
4648,51,4,
4649,21,1,
4650,64,3,
4651,10,6,
4652,55,3,
4653,39,4,FOOD
4654,95,6,
4655,71,2,
4656,35,2,
4657,50,1,
4658,37,4,
4659,65,5,
4660,37,2,
4661,18,5,
4662,21,4,
4663,6,2,
4664,46,2,
4665,69,5,
4666,64,1,FOOD
4667,70,3,
4668,47,1,
4669,73,2,
4670,47,2,
4671,27,3,
4672,15,2,
4673,22,2,FOOD
4674,55,5,FOOD
4675,26,2,
4676,60,2,HEALTHCARE
4677,1,5,
4678,19,2,
4679,11,2,
4680,62,2,
4681,59,3,
4682,3,2,
4683,15,4,
4684,22,4,WASTEMANAGEMENT
4685,59,5,
4686,38,4,
4687,3,2,
4688,51,3,
4689,6,3,
4690,61,4,
4691,74,4,
4692,53,1,
4693,11,2,
4694,25,2,
4695,43,4,
4696,10,5,
4697,38,3,
4698,51,5,
4699,24,3,FOOD
4700,42,2,
4701,2,2,
4702,96,2,
4703,3,2,
4704,56,2,
4705,14,3,
4706,77,4,
4707,5,1,
4708,52,3,
4709,71,2,
4710,7,3,
4711,69,4,
4712,85,4,
4713,35,2,
4714,67,2,
4715,57,1,
4716,21,5,
4717,48,2,
4718,58,3,
4719,77,1,
4720,54,1,
4721,45,2,
4722,74,2,
4723,77,2,
4724,90,6,
4725,77,5,
4726,23,4,
4727,42,6,
4728,38,2,
4729,26,5,
4730,45,4,
4731,13,3,
4732,64,4,
4733,86,6,
4734,8,4,
4735,68,3,
4736,73,2,
4737,43,3,FOOD
4738,70,1,
4739,33,2,
4740,66,3,
4741,45,2,
4742,78,3,
4743,27,1,
4744,78,4,
4745,15,3,
4746,50,2,
4747,70,5,
4748,51,3,
4749,61,3,FOOD
4750,30,1,
4751,43,2,
4752,45,1,
4753,10,4,
4754,75,5,
4755,86,1,
4756,68,2,
4757,52,2,
4758,61,2,
4759,70,2,
4760,28,4,
4761,88,2,
4762,22,3,
4763,32,6,FOOD
4764,59,2,FOOD
4765,34,2,
4766,24,2,
4767,7,1,
4768,9,3,
4769,56,3,
4770,20,2,
4771,57,6,
4772,37,4,
4773,68,3,
4774,69,2,
4775,29,4,HEALTHCARE
4776,79,4,
4777,6,3,
4778,28,2,
4779,84,2,
4780,51,3,
4781,26,2,
4782,45,4,FOOD
4783,66,1,
4784,92,6,
4785,31,3,
4786,65,3,
4787,8,3,
4788,39,2,
4789,42,2,
4790,26,2,
4791,76,1,
4792,75,2,
4793,65,3,
4794,25,5,
4795,10,2,
4796,38,5,
4797,7,2,
4798,11,3,
4799,46,2,
4800,39,3,
4801,27,2,
4802,34,2,
4803,36,5,
4804,54,2,
4805,47,1,
4806,69,2,
4807,79,1,
4808,4,3,
4809,10,1,
4810,10,1,
4811,64,2,
4812,68,2,
4813,55,2,
4814,36,1,
4815,64,2,
4816,51,3,HEALTHCARE
4817,6,4,
4818,76,2,
4819,71,1,
4820,37,2,FOOD
4821,27,1,
4822,94,2,
4823,0,4,
4824,66,4,
4825,56,3,
4826,10,2,
4827,29,2,
4828,55,4,
4829,4,5,
4830,34,4,
4831,55,1,
4832,24,2,
4833,6,2,
4834,100,2,
4835,52,5,
4836,19,2,FINANCEINSURANCE
4837,47,1,
4838,72,3,
4839,23,3,
4840,29,3,
4841,63,1,
4842,67,6,
4843,42,2,HEALTHCARE
4844,63,4,
4845,31,5,
4846,61,3,
4847,34,6,
4848,35,1,
4849,47,4,
4850,29,2,
4851,48,2,
4852,47,4,
4853,45,4,
4854,20,2,
4855,55,3,
4856,68,2,
4857,18,1,
4858,48,2,
4859,21,2,
4860,54,3,
4861,66,1,
4862,51,5,
4863,62,5,HEALTHCARE
4864,64,1,
4865,94,4,
4866,66,2,
4867,60,2,
4868,11,2,
4869,16,1,
4870,51,3,
4871,30,3,
4872,43,5,
4873,3,4,
4874,14,2,
4875,68,3,
4876,78,4,
4877,26,5,
4878,14,4,
4879,12,2,
4880,53,5,
4881,64,5,
4882,39,4,
4883,55,1,FOOD
4884,34,2,
4885,66,1,
4886,17,2,
4887,59,2,
4888,24,6,
4889,75,1,
4890,17,5,
4891,64,3,
4892,61,3,
4893,1,4,
4894,24,6,
4895,58,1,
4896,68,2,
4897,17,2,
4898,16,5,
4899,41,1,
4900,29,5,
4901,7,2,
4902,71,5,
4903,44,4,
4904,75,5,
4905,67,2,
4906,41,4,
4907,42,3,
4908,60,6,HEALTHCARE
4909,46,3,
4910,43,1,
4911,46,1,
4912,60,6,
4913,16,3,
4914,84,2,
4915,11,5,
4916,62,3,
4917,67,5,
4918,12,6,
4919,37,4,
4920,20,3,
4921,33,4,
4922,41,1,
4923,23,2,
4924,2,6,
4925,20,4,
4926,60,2,
4927,15,2,
4928,80,6,
4929,1,2,
4930,75,4,
4931,53,4,
4932,32,1,
4933,32,2,
4934,3,1,
4935,50,2,
4936,70,3,
4937,28,3,HEALTHCARE
4938,33,1,
4939,46,1,FOOD
4940,0,2,
4941,27,1,OTHER
4942,18,2,
4943,71,2,
4944,71,2,
4945,17,2,
4946,5,2,
4947,50,5,
4948,78,2,
4949,57,5,FOOD
4950,60,4,
4951,79,3,
4952,51,2,
4953,100,2,
4954,36,6,
4955,66,2,
4956,40,4,FOOD
4957,77,2,
4958,10,2,
4959,65,2,HEALTHCARE
4960,56,2,
4961,63,1,
4962,69,2,
4963,91,2,
4964,18,4,
4965,49,4,
4966,15,2,
4967,49,3,
4968,39,3,
4969,89,2,
4970,35,3,HEALTHCARE
4971,19,1,
4972,48,3,
4973,0,2,
4974,27,2,
4975,20,1,HEALTHCARE
4976,76,1,
4977,23,4,
4978,39,2,
4979,67,2,
4980,53,3,
4981,53,1,
4982,51,5,
4983,27,1,
4984,73,4,
4985,75,4,
4986,47,1,
4987,99,5,
4988,4,2,
4989,41,4,
4990,69,5,
4991,26,4,
4992,69,5,
4993,20,6,
4994,84,1,
4995,19,2,
4996,13,2,
4997,13,2,
4998,25,3,
4999,10,2,
5000,22,4,
5001,66,2,
5002,1,4,
5003,64,6,
5004,5,1,
5005,13,6,
5006,23,4,
5007,17,1,
5008,49,2,
5009,61,3,HEALTHCARE
5010,63,2,WASTEMANAGEMENT
5011,35,2,
5012,17,2,
5013,34,3,
5014,18,5,
5015,32,1,
5016,71,6,
5017,37,3,
5018,55,3,
5019,6,6,
5020,55,2,
5021,90,1,
5022,40,2,
5023,100,6,
5024,34,2,
5025,22,2,
5026,48,1,
5027,59,3,
5028,10,1,
5029,13,3,
5030,50,1,
5031,57,5,
5032,57,3,
5033,33,3,
5034,38,2,
5035,0,2,
5036,87,1,
5037,30,4,
5038,4,5,
5039,69,2,
5040,60,6,
5041,11,4,
5042,48,1,
5043,22,2,
5044,43,1,
5045,10,2,
5046,28,2,
5047,46,4,
5048,45,3,
5049,42,4,
5050,70,4,
5051,48,2,
5052,9,2,
5053,15,2,
5054,51,4,
5055,78,5,
5056,66,2,
5057,60,2,
5058,73,1,
5059,78,4,
5060,53,1,
5061,43,1,HEALTHCARE
5062,70,2,
5063,4,6,
5064,73,2,
5065,4,6,
5066,54,4,
5067,25,3,
5068,39,2,
5069,65,2,
5070,11,2,
5071,15,6,
5072,97,4,
5073,4,5,
5074,4,4,
5075,57,4,HEALTHCARE
5076,71,3,
5077,20,5,
5078,53,4,HEALTHCARE
5079,71,2,
5080,39,3,
5081,1,2,
5082,34,2,
5083,52,2,
5084,58,1,
5085,77,5,
5086,17,3,
5087,48,5,
5088,37,5,
5089,68,4,
5090,45,2,
5091,66,1,
5092,10,3,
5093,3,5,
5094,64,2,
5095,15,1,
5096,8,2,
5097,27,3,
5098,76,3,
5099,33,2,
5100,18,2,
5101,77,2,
5102,34,2,
5103,75,1,
5104,76,1,
5105,31,2,FOOD
5106,88,2,
5107,46,2,HEALTHCARE
5108,61,1,
5109,69,4,
5110,19,4,
5111,73,1,
5112,45,1,
5113,40,4,
5114,56,4,
5115,51,2,
5116,33,2,
5117,54,6,
5118,28,1,HEALTHCARE
5119,72,6,
5120,6,5,
5121,45,4,
5122,24,2,
5123,42,5,
5124,56,6,
5125,8,2,
5126,78,1,
5127,27,3,
5128,48,6,
5129,65,1,HEALTHCARE
5130,0,2,
5131,72,3,
5132,21,3,
5133,29,1,
5134,27,4,HEALTHCARE
5135,28,3,
5136,67,3,
5137,64,6,
5138,34,3,
5139,60,2,
5140,29,2,
5141,71,6,
5142,23,1,
5143,52,3,
5144,35,3,
5145,9,2,
5146,68,6,
5147,43,4,
5148,27,4,
5149,75,2,
5150,12,2,
5151,48,4,
5152,45,2,
5153,50,2,
5154,70,2,
5155,53,2,
5156,8,1,
5157,10,2,
5158,8,4,
5159,45,2,
5160,30,4,
5161,71,4,
5162,72,2,
5163,44,1,
5164,26,4,
5165,47,6,
5166,71,4,
5167,15,2,
5168,28,2,
5169,66,2,
5170,65,2,
5171,65,5,
5172,63,2,
5173,23,4,
5174,53,2,
5175,22,5,
5176,22,2,
5177,33,6,
5178,39,5,
5179,71,4,
5180,77,3,
5181,69,4,
5182,54,5,
5183,30,1,
5184,4,2,
5185,21,4,
5186,53,2,
5187,77,2,
5188,19,2,FOOD
5189,58,5,FOOD
5190,32,1,
5191,28,3,
5192,65,3,
5193,1,2,
5194,64,6,
5195,7,3,
5196,79,2,
5197,25,4,
5198,4,4,
5199,50,6,
5200,11,6,
5201,47,2,
5202,49,2,
5203,57,1,
5204,70,2,
5205,10,2,
5206,60,3,
5207,85,2,
5208,42,1,
5209,44,4,
5210,79,4,
5211,63,1,
5212,36,6,
5213,1,3,
5214,64,2,
5215,64,3,
5216,69,2,
5217,70,1,
5218,63,6,
5219,19,4,HEALTHCARE
5220,62,3,
5221,16,4,
5222,43,1,
5223,60,5,
5224,69,1,
5225,16,2,
5226,24,2,
5227,6,1,
5228,59,1,
5229,37,5,
5230,11,2,
5231,70,2,
5232,63,2,HEALTHCARE
5233,62,3,FOOD
5234,4,5,
5235,21,1,
5236,61,4,
5237,33,2,
5238,27,3,
5239,15,2,
5240,23,4,
5241,17,6,
5242,37,5,
5243,51,1,
5244,69,3,
5245,65,2,
5246,16,2,
5247,37,3,HEALTHCARE
5248,26,2,FINANCEINSURANCE
5249,43,6,
5250,46,1,
5251,93,3,
5252,23,6,
5253,33,1,
5254,28,5,
5255,15,3,
5256,60,2,FOOD
5257,16,1,
5258,49,4,
5259,40,4,
5260,69,5,
5261,31,3,HEALTHCARE
5262,59,1,
5263,16,1,
5264,22,4,
5265,16,4,
5266,76,5,
5267,32,5,HEALTHCARE
5268,68,2,
5269,25,1,
5270,22,2,
5271,70,4,
5272,56,3,
5273,39,6,
5274,66,4,
5275,43,2,
5276,30,2,
5277,40,2,
5278,25,2,
5279,49,2,
5280,66,2,
5281,77,3,
5282,45,3,
5283,62,2,
5284,75,2,
5285,54,5,
5286,65,2,
5287,3,3,
5288,11,3,
5289,19,2,HEALTHCARE
5290,76,2,
5291,68,2,
5292,58,2,
5293,2,2,
5294,70,6,
5295,68,3,
5296,67,2,
5297,21,3,
5298,29,2,
5299,53,1,
5300,79,2,
5301,70,6,
5302,34,4,
5303,44,3,
5304,65,3,
5305,42,2,FOOD
5306,31,6,
5307,8,1,
5308,77,1,
5309,61,5,
5310,57,2,FOOD
5311,26,4,
5312,39,2,HEALTHCARE
5313,20,2,
5314,63,2,
5315,50,5,
5316,91,6,
5317,29,1,
5318,25,1,
5319,4,2,
5320,23,6,
5321,52,2,
5322,43,2,
5323,60,3,
5324,42,2,
5325,31,3,
5326,79,6,
5327,68,6,
5328,36,6,HEALTHCARE
5329,39,2,
5330,79,3,
5331,89,4,
5332,9,2,
5333,68,5,
5334,36,3,
5335,13,3,
5336,44,4,HEALTHCARE
5337,27,1,
5338,73,2,
5339,22,2,
5340,76,2,
5341,10,5,
5342,46,1,
5343,34,1,
5344,75,2,
5345,86,5,
5346,16,3,
5347,60,3,
5348,68,3,
5349,72,3,
5350,11,1,
5351,77,4,
5352,60,2,
5353,76,2,
5354,30,5,
5355,77,2,
5356,28,2,
5357,44,2,
5358,25,2,
5359,9,2,
5360,42,4,
5361,72,4,
5362,31,2,
5363,86,1,
5364,25,2,
5365,11,2,
5366,38,4,
5367,41,4,
5368,58,3,
5369,69,1,
5370,7,6,
5371,57,6,
5372,30,1,
5373,19,2,
5374,45,5,
5375,31,2,
5376,38,5,
5377,12,2,
5378,39,2,
5379,95,2,
5380,64,2,
5381,33,4,
5382,36,5,
5383,14,1,
5384,77,6,
5385,4,3,
5386,71,3,
5387,76,4,
5388,64,2,
5389,33,5,
5390,72,5,
5391,3,3,
5392,66,2,
5393,0,1,
5394,64,2,HEALTHCARE
5395,5,1,
5396,47,4,
5397,58,6,
5398,40,1,
5399,77,3,
5400,8,2,
5401,58,2,
5402,30,2,
5403,58,2,
5404,32,2,HEALTHCARE
5405,23,3,
5406,56,5,
5407,55,2,
5408,14,6,
5409,67,3,
5410,76,4,
5411,54,3,
5412,19,4,
5413,41,2,
5414,40,3,
5415,11,6,
5416,58,2,
5417,28,6,
5418,6,5,
5419,50,1,
5420,34,4,
5421,87,3,
5422,58,3,
5423,77,2,
5424,60,2,
5425,89,5,
5426,52,4,
5427,85,1,
5428,8,3,
5429,33,2,
5430,48,5,
5431,26,4,
5432,79,4,
5433,93,2,
5434,60,3,
5435,35,4,
5436,59,2,
5437,30,2,
5438,52,2,
5439,36,2,
5440,64,6,
5441,33,1,
5442,71,6,
5443,59,4,
5444,35,5,
5445,65,6,FINANCEINSURANCE
5446,52,3,
5447,72,4,
5448,7,4,
5449,20,2,
5450,49,3,
5451,24,1,
5452,15,2,
5453,78,4,
5454,13,2,
5455,36,2,
5456,59,4,
5457,60,2,
5458,98,1,
5459,60,2,HEALTHCARE
5460,14,1,
5461,30,2,HEALTHCARE
5462,38,4,
5463,68,2,
5464,49,3,FOOD
5465,51,1,
5466,38,3,
5467,49,1,
5468,34,1,
5469,37,1,
5470,16,5,
5471,11,6,
5472,52,3,
5473,60,4,
5474,23,3,
5475,55,2,
5476,3,3,
5477,8,2,
5478,62,3,
5479,14,3,
5480,51,5,
5481,46,2,
5482,27,2,
5483,61,2,
5484,35,2,
5485,1,6,
5486,41,2,
5487,78,6,
5488,60,3,FINANCEINSURANCE
5489,61,1,
5490,80,4,
5491,51,1,
5492,2,2,
5493,68,4,
5494,29,2,
5495,9,2,
5496,61,4,
5497,12,6,
5498,62,4,FOOD
5499,52,2,FINANCEINSURANCE
5500,67,2,
5501,30,2,
5502,79,2,
5503,14,2,
5504,40,1,
5505,63,6,
5506,64,4,
5507,37,5,
5508,21,2,
5509,46,2,
5510,77,4,
5511,56,5,
5512,76,2,
5513,11,3,
5514,10,5,
5515,77,2,
5516,25,2,
5517,57,1,
5518,31,4,
5519,13,5,
5520,88,4,
5521,28,1,
5522,44,5,
5523,15,5,
5524,53,2,
5525,13,5,
5526,55,1,
5527,2,4,
5528,5,2,
5529,77,5,
5530,25,2,FOOD
5531,38,1,
5532,21,2,
5533,55,2,
5534,27,3,
5535,10,6,
5536,52,2,
5537,99,1,
5538,67,1,
5539,32,6,
5540,74,3,
5541,22,1,HEALTHCARE
5542,57,4,
5543,75,3,
5544,5,5,
5545,6,4,
5546,64,2,
5547,59,2,
5548,80,3,
5549,63,2,
5550,68,2,
5551,27,5,HEALTHCARE
5552,50,5,
5553,22,2,
5554,29,2,
5555,32,5,
5556,63,4,
5557,25,2,
5558,24,2,
5559,67,5,
5560,39,1,
5561,40,2,SCIENTIFICTECHNICAL
5562,55,2,
5563,76,1,
5564,47,1,
5565,30,2,
5566,20,3,
5567,64,4,
5568,31,3,
5569,38,2,FOOD
5570,28,3,
5571,53,2,
5572,56,3,
5573,0,3,
5574,24,3,HEALTHCARE
5575,61,5,
5576,18,2,
5577,0,4,
5578,61,2,
5579,37,2,
5580,27,2,
5581,19,4,
5582,54,2,
5583,9,2,
5584,19,4,OTHER
5585,52,4,
5586,74,1,
5587,68,2,
5588,18,1,
5589,27,3,
5590,61,3,
5591,20,2,
5592,51,5,
5593,28,2,
5594,65,1,OTHER
5595,30,5,
5596,27,1,HEALTHCARE
5597,41,1,
5598,15,5,
5599,43,4,
5600,49,1,
5601,55,2,
5602,64,5,FINANCEINSURANCE
5603,59,2,
5604,34,5,
5605,62,2,
5606,61,2,
5607,12,2,
5608,37,2,
5609,56,1,
5610,45,3,
5611,28,1,
5612,4,2,
5613,2,3,
5614,34,2,
5615,94,3,
5616,19,3,FOOD
5617,36,4,
5618,40,5,
5619,7,4,
5620,42,1,HEALTHCARE
5621,57,2,
5622,8,3,
5623,2,2,
5624,28,1,
5625,3,2,
5626,29,2,
5627,22,2,
5628,51,2,
5629,63,6,
5630,35,1,
5631,38,4,FOOD
5632,47,3,
5633,45,4,
5634,49,2,
5635,63,4,
5636,41,1,
5637,9,2,
5638,75,5,
5639,32,2,
5640,42,5,
5641,73,2,
5642,17,5,
5643,9,6,
5644,4,2,
5645,68,2,
5646,66,5,
5647,62,3,
5648,31,5,
5649,24,5,
5650,68,2,
5651,8,2,
5652,50,6,
5653,28,3,
5654,36,3,HEALTHCARE
5655,17,4,
5656,3,3,
5657,96,4,
5658,50,5,
5659,7,2,
5660,48,2,
5661,22,2,
5662,3,2,
5663,35,3,
5664,5,5,
5665,4,3,
5666,9,2,
5667,24,4,
5668,37,3,
5669,52,2,HEALTHCARE
5670,10,3,
5671,13,4,
5672,62,5,
5673,48,3,
5674,65,5,
5675,14,3,
5676,63,4,
5677,39,6,
5678,42,4,
5679,49,3,
5680,10,4,
5681,58,5,FOOD
5682,51,3,
5683,36,4,
5684,60,1,
5685,21,2,
5686,20,4,
5687,42,3,HEALTHCARE
5688,59,1,
5689,58,2,
5690,16,1,
5691,5,2,
5692,55,4,
5693,71,3,
5694,15,4,
5695,40,6,
5696,18,2,
5697,41,5,
5698,52,2,
5699,38,5,
5700,85,2,
5701,69,1,
5702,12,1,
5703,69,5,
5704,28,2,
5705,62,2,HEALTHCARE
5706,34,5,
5707,38,6,
5708,25,1,
5709,33,2,HEALTHCARE
5710,16,5,
5711,58,1,
5712,22,5,
5713,67,2,
5714,35,6,
5715,67,4,
5716,47,3,
5717,81,4,
5718,54,5,
5719,55,5,
5720,28,5,
5721,53,2,
5722,33,4,
5723,85,2,
5724,62,5,
5725,87,4,
5726,35,3,
5727,20,5,
5728,67,3,
5729,48,1,FOOD
5730,67,3,
5731,54,2,
5732,62,2,
5733,53,4,
5734,65,2,
5735,74,2,
5736,71,2,
5737,40,2,
5738,83,2,
5739,53,4,
5740,20,2,
5741,66,5,
5742,26,3,
5743,76,3,
5744,5,2,
5745,21,6,
5746,65,5,
5747,48,2,
5748,40,4,FOOD
5749,34,1,
5750,52,4,
5751,96,5,
5752,7,4,
5753,58,4,
5754,37,4,FOOD
5755,52,5,
5756,2,4,
5757,43,2,
5758,66,4,
5759,31,2,
5760,54,4,
5761,23,2,
5762,43,1,FOOD
5763,15,5,
5764,51,6,
5765,79,3,
5766,37,4,HEALTHCARE
5767,46,1,
5768,15,1,
5769,44,4,
5770,67,2,
5771,42,5,
5772,48,3,
5773,66,3,
5774,35,1,HEALTHCARE
5775,55,3,
5776,3,2,
5777,59,1,
5778,36,2,
5779,62,4,FOOD
5780,18,4,
5781,77,1,
5782,56,2,
5783,15,2,
5784,61,1,
5785,12,4,
5786,32,3,
5787,73,3,
5788,35,2,
5789,7,2,
5790,49,3,
5791,57,5,
5792,4,4,
5793,75,2,
5794,10,1,
5795,54,2,
5796,33,2,
5797,50,6,HEALTHCARE
5798,75,2,
5799,4,2,
5800,32,5,
5801,67,2,
5802,58,2,HEALTHCARE
5803,54,3,
5804,28,4,FOOD
5805,41,4,
5806,32,2,
5807,72,2,
5808,11,2,
5809,62,4,
5810,82,5,
5811,32,1,
5812,54,2,FOOD
5813,24,2,
5814,45,2,
5815,52,3,
5816,67,4,
5817,0,4,
5818,8,5,
5819,85,4,
5820,78,3,
5821,20,2,
5822,11,1,
5823,26,2,
5824,1,6,
5825,46,4,
5826,57,5,
5827,23,2,
5828,58,4,
5829,41,2,FOOD
5830,74,1,
5831,23,2,
5832,12,2,
5833,26,2,
5834,16,2,
5835,75,1,
5836,40,1,
5837,20,2,
5838,56,2,
5839,31,4,
5840,26,2,
5841,32,2,
5842,52,4,
5843,17,2,
5844,26,5,
5845,12,1,
5846,56,4,HEALTHCARE
5847,36,6,FINANCEINSURANCE
5848,67,4,
5849,55,3,
5850,63,4,
5851,20,2,
5852,62,3,
5853,28,1,FOOD
5854,81,2,
5855,68,2,
5856,60,2,FOOD
5857,5,4,
5858,59,2,
5859,12,5,
5860,82,1,
5861,78,2,
5862,64,2,
5863,48,4,
5864,43,1,
5865,21,2,
5866,28,5,
5867,41,3,
5868,74,2,
5869,25,6,
5870,53,3,
5871,67,1,
5872,28,3,
5873,58,3,
5874,56,4,
5875,50,2,
5876,26,4,FOOD
5877,45,4,
5878,22,3,
5879,18,1,
5880,34,3,
5881,64,2,
5882,77,6,
5883,7,2,
5884,70,2,
5885,21,6,
5886,74,5,
5887,38,2,FOOD
5888,79,2,
5889,30,1,REALESTATERENTAL
5890,58,4,
5891,25,2,
5892,37,2,
5893,46,2,
5894,71,4,
5895,4,1,
5896,47,2,
5897,23,6,
5898,20,3,
5899,17,1,
5900,79,2,
5901,52,2,
5902,59,5,
5903,56,4,
5904,17,5,
5905,79,1,
5906,45,5,
5907,54,5,
5908,38,2,FOOD
5909,80,1,
5910,56,2,OTHER
5911,63,2,OTHER
5912,30,3,
5913,72,3,
5914,36,2,
5915,71,2,
5916,40,2,HEALTHCARE
5917,60,2,HEALTHCARE
5918,79,2,
5919,3,4,
5920,19,2,
5921,65,3,
5922,7,5,
5923,19,3,
5924,24,1,
5925,52,4,
5926,78,4,
5927,65,4,
5928,60,6,
5929,10,4,
5930,61,3,
5931,0,3,
5932,10,3,
5933,62,2,HEALTHCARE
5934,43,5,
5935,58,6,
5936,23,3,FOOD
5937,67,2,
5938,3,6,
5939,21,1,
5940,62,6,
5941,10,2,
5942,61,1,
5943,23,2,
5944,21,6,
5945,86,6,
5946,25,2,SCIENTIFICTECHNICAL
5947,78,2,
5948,24,5,
5949,24,6,
5950,2,2,
5951,42,6,
5952,21,2,
5953,31,4,
5954,3,4,
5955,27,3,
5956,13,2,
5957,76,2,
5958,60,2,
5959,6,2,
5960,72,4,
5961,97,5,
5962,81,2,
5963,72,4,
5964,13,3,
5965,36,4,
5966,62,4,
5967,45,2,
5968,5,2,
5969,0,5,
5970,73,1,
5971,1,1,
5972,67,2,
5973,36,2,
5974,7,6,
5975,69,2,
5976,52,2,
5977,53,2,
5978,53,1,
5979,13,3,
5980,48,3,
5981,64,2,
5982,76,3,
5983,77,2,
5984,44,2,OTHER
5985,63,4,
5986,73,2,
5987,57,4,
5988,41,4,
5989,28,3,
5990,5,2,
5991,3,3,
5992,37,4,
5993,9,3,
5994,66,2,
5995,65,6,
5996,62,1,
5997,40,2,
5998,60,5,
5999,26,4,
6000,79,2,
6001,50,2,
6002,3,3,
6003,52,3,
6004,6,5,
6005,65,2,
6006,52,2,
6007,60,2,
6008,2,2,
6009,48,2,
6010,41,2,
6011,12,3,
6012,58,3,HEALTHCARE
6013,25,1,
6014,34,3,
6015,32,3,
6016,13,3,
6017,38,2,
6018,64,6,
6019,77,4,
6020,24,1,
6021,64,5,FOOD
6022,29,2,HEALTHCARE
6023,16,6,
6024,60,2,
6025,14,2,
6026,85,3,
6027,38,2,
6028,89,2,
6029,53,1,
6030,25,2,
6031,66,2,
6032,30,4,
6033,73,2,
6034,2,2,
6035,85,6,
6036,42,5,
6037,56,4,
6038,33,2,
6039,79,2,
6040,36,4,
6041,13,2,
6042,76,4,
6043,18,1,
6044,66,1,
6045,35,2,
6046,23,1,
6047,39,2,
6048,58,1,
6049,37,2,FOOD
6050,73,4,
6051,45,4,
6052,51,2,
6053,65,2,
6054,0,4,
6055,16,2,
6056,37,2,
6057,45,4,
6058,56,1,
6059,15,4,
6060,34,1,
6061,8,6,
6062,1,1,
6063,38,2,
6064,35,1,
6065,12,6,
6066,40,2,
6067,7,4,
6068,42,2,
6069,68,2,
6070,71,5,
6071,77,2,
6072,71,4,
6073,58,2,
6074,58,5,HEALTHCARE
6075,41,2,
6076,23,2,
6077,52,5,FOOD
6078,87,2,
6079,67,2,
6080,27,2,
6081,33,2,
6082,7,3,
6083,49,2,
6084,73,3,
6085,61,4,
6086,15,2,
6087,61,2,HEALTHCARE
6088,35,6,
6089,40,2,
6090,41,2,HEALTHCARE
6091,47,2,
6092,29,3,
6093,45,5,
6094,16,1,
6095,85,2,
6096,50,2,HEALTHCARE
6097,2,6,
6098,61,2,
6099,6,2,
6100,0,3,
6101,39,5,HEALTHCARE
6102,65,2,
6103,8,3,
6104,52,5,
6105,18,4,
6106,37,2,
6107,67,2,
6108,71,1,
6109,33,2,
6110,18,6,
6111,42,2,
6112,34,2,
6113,11,5,
6114,79,1,
6115,68,2,
6116,26,5,
6117,92,1,
6118,97,5,
6119,35,4,
6120,26,3,
6121,75,4,
6122,78,4,
6123,62,6,
6124,39,2,
6125,79,4,
6126,63,2,
6127,50,2,
6128,0,2,
6129,21,6,
6130,91,5,
6131,13,2,
6132,57,1,
6133,34,3,
6134,60,2,
6135,19,5,
6136,39,2,
6137,63,4,
6138,20,1,
6139,68,4,
6140,36,6,
6141,28,3,
6142,18,3,
6143,16,2,
6144,3,2,
6145,17,2,
6146,36,4,
6147,34,4,FOOD
6148,7,2,
6149,45,5,
6150,0,3,
6151,61,4,
6152,53,2,
6153,0,2,
6154,36,2,
6155,4,1,
6156,57,2,
6157,26,1,FOOD
6158,78,4,
6159,71,5,
6160,66,6,
6161,3,3,
6162,55,1,
6163,25,2,
6164,50,2,
6165,78,5,
6166,16,2,
6167,49,2,
6168,28,4,HEALTHCARE
6169,33,1,
6170,66,5,
6171,71,2,
6172,50,2,
6173,17,4,
6174,59,3,
6175,54,2,
6176,14,2,
6177,38,4,
6178,50,4,
6179,87,2,
6180,0,4,
6181,77,2,
6182,61,3,
6183,11,4,
6184,74,4,
6185,14,2,
6186,20,2,
6187,34,1,
6188,71,5,
6189,39,2,
6190,59,2,
6191,48,4,FINANCEINSURANCE
6192,27,5,
6193,61,2,FOOD
6194,59,2,FINANCEINSURANCE
6195,25,2,
6196,38,2,
6197,75,4,
6198,51,2,
6199,21,5,
6200,42,2,
6201,1,6,
6202,63,3,
6203,73,2,
6204,55,5,FOOD
6205,57,3,
6206,51,4,
6207,30,3,
6208,30,6,
6209,45,6,HEALTHCARE
6210,21,2,
6211,64,1,
6212,67,4,
6213,14,6,
6214,33,4,
6215,70,4,
6216,29,4,
6217,64,2,
6218,58,2,
6219,58,2,
6220,70,2,
6221,65,2,
6222,39,4,
6223,16,2,
6224,6,2,
6225,25,6,
6226,11,6,
6227,33,2,
6228,67,2,
6229,39,2,
6230,50,2,FINANCEINSURANCE
6231,66,3,
6232,69,2,
6233,22,2,
6234,2,1,
6235,34,2,
6236,22,2,
6237,57,4,
6238,38,2,
6239,54,3,
6240,74,2,
6241,23,2,
6242,21,1,
6243,32,2,HEALTHCARE
6244,72,3,
6245,74,6,
6246,19,1,
6247,35,2,
6248,13,2,
6249,35,2,
6250,54,6,FOOD
6251,12,4,
6252,38,1,
6253,25,4,
6254,26,2,
6255,44,2,
6256,52,2,
6257,41,3,HEALTHCARE
6258,43,2,
6259,18,4,
6260,44,4,
6261,56,6,
6262,65,3,
6263,48,2,
6264,7,5,
6265,71,1,
6266,54,6,
6267,15,1,
6268,50,5,
6269,68,2,
6270,65,1,HEALTHCARE
6271,70,2,
6272,93,2,
6273,62,2,
6274,1,2,
6275,57,1,
6276,74,1,
6277,52,3,
6278,54,2,
6279,36,1,
6280,75,4,
6281,12,2,
6282,63,4,
6283,58,2,
6284,61,4,
6285,92,4,
6286,94,3,
6287,85,2,
6288,10,3,
6289,71,4,
6290,25,2,
6291,31,4,
6292,66,1,
6293,63,2,
6294,54,5,
6295,76,3,
6296,76,4,
6297,59,1,
6298,55,2,
6299,74,4,
6300,52,2,
6301,37,3,
6302,38,2,
6303,62,3,FOOD
6304,75,1,
6305,56,2,OTHER
6306,21,2,
6307,4,2,
6308,48,2,
6309,30,2,
6310,38,4,
6311,53,1,
6312,92,2,
6313,34,5,OTHER
6314,51,2,
6315,95,5,
6316,60,4,
6317,77,4,
6318,32,2,
6319,61,2,
6320,45,6,
6321,6,3,
6322,69,5,
6323,58,5,
6324,45,3,
6325,51,2,FOOD
6326,52,2,
6327,48,2,
6328,54,3,
6329,66,1,
6330,46,4,
6331,35,3,HEALTHCARE
6332,25,3,
6333,54,2,
6334,57,1,
6335,34,2,
6336,16,3,
6337,42,2,
6338,8,3,
6339,65,2,FOOD
6340,0,4,
6341,24,2,
6342,71,3,
6343,70,4,
6344,40,1,
6345,70,6,
6346,68,6,
6347,15,2,
6348,36,6,
6349,78,5,
6350,46,6,
6351,47,2,
6352,67,2,
6353,68,3,
6354,3,1,
6355,27,6,
6356,48,1,
6357,59,1,
6358,22,4,
6359,37,2,FOOD
6360,66,6,
6361,62,2,
6362,15,1,
6363,22,4,
6364,73,2,
6365,44,1,
6366,76,1,
6367,16,4,
6368,7,2,
6369,65,2,
6370,61,3,
6371,75,2,
6372,18,4,
6373,40,2,
6374,71,2,
6375,43,2,
6376,69,3,
6377,55,4,
6378,64,4,
6379,74,3,
6380,69,2,
6381,68,2,
6382,79,3,
6383,19,2,
6384,65,1,
6385,52,2,
6386,22,4,
6387,63,6,HEALTHCARE
6388,48,2,
6389,41,1,
6390,32,2,
6391,7,1,
6392,45,3,
6393,71,3,
6394,25,3,
6395,9,1,
6396,21,3,
6397,74,1,
6398,68,3,
6399,39,4,
6400,24,2,
6401,61,1,HEALTHCARE
6402,26,2,
6403,97,2,
6404,38,1,
6405,63,6,
6406,24,5,
6407,23,6,
6408,28,2,
6409,62,2,
6410,33,2,
6411,52,2,HEALTHCARE
6412,61,2,
6413,64,1,OTHER
6414,96,6,
6415,70,2,
6416,53,2,HEALTHCARE
6417,16,1,
6418,51,4,
6419,1,2,
6420,57,3,
6421,12,5,
6422,75,2,
6423,40,2,
6424,9,2,
6425,4,2,
6426,13,4,
6427,13,4,
6428,100,2,
6429,23,2,HEALTHCARE
6430,2,2,
6431,31,5,
6432,2,3,
6433,29,2,
6434,62,2,
6435,69,3,
6436,20,4,
6437,66,2,
6438,31,2,
6439,69,4,
6440,38,1,
6441,71,1,
6442,14,5,
6443,47,2,
6444,0,4,
6445,14,2,
6446,21,3,
6447,54,4,
6448,86,2,
6449,37,4,
6450,43,2,
6451,23,1,
6452,68,1,
6453,41,4,
6454,51,3,
6455,61,2,
6456,27,3,
6457,79,3,
6458,63,2,
6459,60,2,HEALTHCARE
6460,38,2,
6461,16,1,
6462,27,5,FOOD
6463,60,3,FOOD
6464,45,2,HEALTHCARE
6465,26,2,
6466,57,1,
6467,9,5,
6468,72,2,
6469,9,5,
6470,40,2,
6471,21,2,
6472,5,4,
6473,19,2,
6474,7,5,
6475,11,2,
6476,42,2,
6477,59,1,
6478,75,2,
6479,46,2,
6480,7,5,
6481,6,4,
6482,64,2,
6483,56,2,
6484,9,2,
6485,57,1,FINANCEINSURANCE
6486,58,1,
6487,63,3,
6488,60,4,
6489,94,6,
6490,32,6,HEALTHCARE
6491,30,2,
6492,25,1,
6493,25,2,
6494,66,4,
6495,29,4,
6496,51,2,
6497,69,3,
6498,30,2,
6499,36,2,
6500,1,1,
6501,70,2,
6502,54,2,
6503,18,4,
6504,59,1,
6505,41,6,
6506,9,2,
6507,39,1,
6508,40,2,
6509,55,5,
6510,82,3,
6511,68,3,
6512,14,1,
6513,85,6,
6514,25,3,
6515,38,2,
6516,36,2,
6517,1,2,
6518,86,2,
6519,56,1,
6520,36,3,
6521,49,1,
6522,50,2,
6523,49,1,
6524,35,1,
6525,31,2,
6526,27,2,
6527,26,2,
6528,64,1,
6529,37,2,
6530,53,3,
6531,33,4,
6532,79,4,
6533,76,4,
6534,28,3,
6535,14,2,
6536,59,1,
6537,37,2,
6538,76,2,
6539,76,6,
6540,17,4,
6541,18,1,
6542,74,4,
6543,29,2,
6544,26,5,FOOD
6545,2,2,
6546,10,2,
6547,26,2,
6548,38,2,WASTEMANAGEMENT
6549,57,2,
6550,21,3,
6551,7,3,
6552,37,1,
6553,20,4,
6554,70,2,
6555,72,3,
6556,9,6,
6557,47,2,
6558,8,6,
6559,22,5,
6560,1,3,
6561,10,2,
6562,33,2,
6563,69,2,
6564,37,1,FOOD
6565,32,4,
6566,23,5,
6567,29,4,
6568,43,2,HEALTHCARE
6569,17,1,
6570,31,2,
6571,48,2,
6572,31,2,
6573,41,3,
6574,15,3,
6575,51,2,
6576,88,5,
6577,82,3,
6578,74,3,
6579,64,2,
6580,12,2,
6581,30,5,
6582,41,2,
6583,45,5,
6584,60,2,
6585,4,5,
6586,84,3,
6587,20,5,
6588,79,2,
6589,33,2,
6590,23,2,
6591,67,2,
6592,17,3,
6593,66,2,
6594,55,2,
6595,18,5,
6596,50,2,
6597,59,2,
6598,54,5,
6599,26,2,HEALTHCARE
6600,51,2,
6601,78,2,
6602,53,2,
6603,16,1,
6604,4,2,
6605,41,2,
6606,25,5,
6607,37,4,
6608,15,2,
6609,69,3,
6610,70,4,
6611,8,3,
6612,78,2,
6613,30,1,
6614,12,1,
6615,50,1,
6616,13,4,
6617,56,3,
6618,38,4,HEALTHCARE
6619,65,2,
6620,65,4,
6621,34,6,
6622,54,3,
6623,15,2,
6624,34,2,
6625,47,4,
6626,25,2,
6627,55,3,
6628,8,1,
6629,69,5,
6630,40,5,
6631,2,2,
6632,33,5,
6633,47,3,
6634,0,6,
6635,40,2,HEALTHCARE
6636,43,2,
6637,61,5,
6638,47,4,
6639,42,2,
6640,4,4,
6641,65,2,
6642,30,1,
6643,86,5,
6644,53,2,
6645,65,3,
6646,63,2,
6647,78,2,
6648,100,1,
6649,3,5,
6650,64,5,
6651,27,4,
6652,50,5,
6653,5,2,
6654,62,4,
6655,49,3,
6656,42,1,
6657,59,1,
6658,49,2,FOOD
6659,33,2,FOOD
6660,43,5,
6661,26,4,
6662,16,5,
6663,66,1,
6664,15,2,
6665,91,2,
6666,12,5,
6667,14,2,
6668,23,3,FINANCEINSURANCE
6669,10,2,
6670,67,6,
6671,58,2,
6672,64,2,
6673,34,4,
6674,46,2,
6675,73,2,
6676,84,3,
6677,76,2,
6678,56,6,
6679,45,1,
6680,23,2,
6681,73,2,
6682,20,3,
6683,25,2,
6684,48,3,
6685,75,1,
6686,35,4,
6687,3,1,
6688,57,6,
6689,16,4,
6690,55,4,
6691,55,4,HEALTHCARE
6692,11,2,
6693,61,2,
6694,65,1,
6695,54,2,
6696,79,3,
6697,62,5,
6698,45,6,
6699,41,4,
6700,17,1,
6701,65,4,
6702,9,4,
6703,0,1,
6704,15,2,
6705,15,6,
6706,67,2,
6707,71,2,
6708,59,2,FINANCEINSURANCE
6709,62,3,
6710,53,1,
6711,76,4,
6712,65,3,
6713,8,3,
6714,46,5,
6715,49,2,
6716,79,3,
6717,45,2,
6718,22,1,
6719,92,4,
6720,29,5,
6721,78,2,
6722,56,4,FOOD
6723,6,2,
6724,64,2,
6725,20,1,
6726,69,5,
6727,78,2,
6728,47,4,
6729,34,2,
6730,58,2,
6731,26,5,
6732,38,1,
6733,57,3,
6734,56,2,
6735,38,2,
6736,1,2,
6737,32,2,
6738,8,4,
6739,61,2,
6740,44,4,
6741,77,5,
6742,66,4,
6743,36,5,
6744,14,6,
6745,39,3,
6746,81,2,
6747,28,1,
6748,77,2,
6749,8,4,
6750,62,4,
6751,73,3,
6752,99,3,
6753,28,3,
6754,69,2,
6755,49,2,HEALTHCARE
6756,51,2,
6757,59,5,
6758,37,5,
6759,48,2,
6760,43,5,
6761,6,3,
6762,14,2,
6763,30,1,
6764,34,2,
6765,25,1,
6766,51,5,
6767,23,5,
6768,12,2,
6769,69,5,
6770,29,4,
6771,51,2,
6772,39,1,
6773,38,2,
6774,46,4,
6775,40,2,
6776,75,2,
6777,0,2,
6778,60,2,
6779,99,4,
6780,64,2,
6781,99,1,
6782,59,2,
6783,3,2,
6784,15,2,
6785,42,4,
6786,50,4,HEALTHCARE
6787,44,2,
6788,40,5,FOOD
6789,48,2,
6790,45,3,
6791,75,6,
6792,45,5,
6793,2,5,
6794,22,1,
6795,45,1,
6796,79,2,
6797,54,1,
6798,21,4,FOOD
6799,90,2,
6800,75,2,
6801,8,2,
6802,79,6,
6803,58,2,
6804,70,3,
6805,65,2,
6806,44,2,
6807,30,1,
6808,53,3,
6809,47,2,
6810,28,2,HEALTHCARE
6811,23,6,
6812,72,4,
6813,7,5,
6814,62,1,
6815,62,4,
6816,2,2,
6817,65,2,
6818,78,3,
6819,57,4,
6820,37,2,
6821,50,2,HEALTHCARE
6822,42,4,
6823,6,5,
6824,67,3,
6825,65,4,
6826,68,5,
6827,62,2,HEALTHCARE
6828,76,3,
6829,44,1,
6830,37,4,
6831,30,2,
6832,40,3,
6833,57,1,FOOD
6834,56,2,
6835,14,2,
6836,68,5,
6837,20,1,FOOD
6838,38,2,
6839,16,2,
6840,71,5,
6841,78,4,
6842,38,5,
6843,24,3,
6844,35,2,
6845,50,1,
6846,37,4,
6847,78,5,
6848,30,2,
6849,38,2,
6850,84,1,
6851,97,5,
6852,47,4,HEALTHCARE
6853,46,6,
6854,55,1,
6855,77,2,
6856,25,1,
6857,100,4,
6858,45,2,
6859,68,3,
6860,69,4,
6861,40,6,
6862,47,5,
6863,73,3,
6864,14,1,
6865,35,5,
6866,72,5,
6867,34,2,
6868,36,6,
6869,28,2,
6870,22,2,
6871,65,2,
6872,2,4,
6873,13,2,
6874,61,3,
6875,30,5,
6876,73,2,
6877,65,1,
6878,49,2,
6879,62,3,
6880,50,2,
6881,7,1,
6882,39,1,
6883,0,2,
6884,25,3,
6885,22,4,
6886,27,2,
6887,61,2,
6888,77,2,
6889,34,3,
6890,56,3,
6891,58,4,
6892,15,4,
6893,56,3,
6894,37,2,
6895,57,2,
6896,60,1,
6897,37,4,
6898,9,2,
6899,16,5,
6900,53,1,
6901,13,1,
6902,76,3,
6903,31,3,
6904,28,3,
6905,45,5,HEALTHCARE
6906,43,3,
6907,22,1,
6908,68,2,
6909,31,3,
6910,45,2,
6911,4,3,
6912,42,4,
6913,66,5,
6914,59,5,
6915,24,2,
6916,43,2,
6917,76,3,
6918,10,2,
6919,69,1,
6920,11,5,
6921,27,2,
6922,5,2,
6923,65,3,
6924,55,3,
6925,17,3,
6926,3,3,
6927,70,4,
6928,57,2,
6929,59,4,HEALTHCARE
6930,79,5,
6931,26,5,
6932,52,2,
6933,33,2,
6934,63,6,
6935,64,3,
6936,36,1,
6937,49,6,HEALTHCARE
6938,62,2,
6939,64,3,
6940,64,2,
6941,79,5,
6942,19,3,
6943,75,2,
6944,41,2,
6945,62,4,
6946,59,3,
6947,75,4,
6948,32,2,
6949,26,2,
6950,61,4,
6951,44,2,
6952,87,3,
6953,34,2,
6954,15,2,
6955,5,2,
6956,13,4,
6957,50,4,
6958,51,6,
6959,57,2,HEALTHCARE
6960,48,2,
6961,13,3,
6962,40,5,
6963,11,6,
6964,0,1,
6965,58,5,
6966,69,2,
6967,59,1,
6968,57,2,
6969,28,2,
6970,64,2,
6971,3,3,
6972,68,3,
6973,47,2,
6974,79,4,
6975,53,2,
6976,67,3,
6977,39,2,
6978,18,1,HEALTHCARE
6979,15,2,
6980,65,2,
6981,60,1,
6982,74,1,
6983,43,2,
6984,69,6,
6985,75,2,
6986,62,3,
6987,16,1,
6988,31,2,
6989,3,4,
6990,65,2,
6991,68,2,
6992,60,2,
6993,25,2,
6994,10,3,
6995,52,5,
6996,19,2,
6997,12,2,
6998,73,6,
6999,13,2,
7000,32,2,
7001,63,6,
7002,24,3,
7003,47,3,
7004,64,2,HEALTHCARE
7005,46,3,
7006,85,2,
7007,43,4,
7008,32,2,FINANCEINSURANCE
7009,10,3,
7010,36,3,
7011,76,2,
7012,4,2,
7013,58,4,
7014,10,2,
7015,49,2,
7016,52,1,
7017,82,2,
7018,22,2,
7019,46,5,HEALTHCARE
7020,62,2,
7021,53,3,
7022,6,4,
7023,9,3,
7024,33,4,
7025,76,2,
7026,69,2,
7027,27,3,
7028,78,5,
7029,37,2,
7030,7,2,
7031,14,2,
7032,49,2,
7033,66,5,
7034,57,2,
7035,59,2,
7036,46,2,
7037,87,2,
7038,27,5,
7039,17,2,
7040,0,2,
7041,57,4,
7042,65,2,FOOD
7043,20,4,HEALTHCARE
7044,58,2,
7045,57,1,
7046,16,2,
7047,10,5,
7048,17,4,
7049,2,2,
7050,18,2,FOOD
7051,58,2,
7052,62,5,
7053,36,5,
7054,10,2,
7055,79,6,
7056,6,2,
7057,54,4,
7058,69,2,
7059,1,1,
7060,61,3,
7061,18,5,
7062,71,1,
7063,40,4,
7064,35,3,HEALTHCARE
7065,73,2,
7066,48,6,
7067,35,4,
7068,51,6,
7069,67,6,
7070,33,6,
7071,67,2,
7072,57,4,
7073,67,2,
7074,49,6,
7075,75,1,
7076,86,2,
7077,76,2,
7078,24,4,
7079,71,1,
7080,22,5,
7081,95,6,
7082,61,2,
7083,47,4,
7084,6,2,
7085,13,4,
7086,10,4,
7087,17,4,
7088,64,2,
7089,38,2,
7090,73,2,
7091,50,4,
7092,67,5,
7093,68,2,
7094,78,2,
7095,56,3,
7096,44,2,
7097,68,3,
7098,2,6,
7099,49,2,
7100,43,5,
7101,33,2,FOOD
7102,74,6,
7103,19,2,
7104,62,1,
7105,20,1,
7106,12,3,
7107,26,2,
7108,32,4,HEALTHCARE
7109,54,6,
7110,86,1,
7111,42,2,
7112,73,4,
7113,14,4,
7114,17,2,
7115,22,1,
7116,21,2,
